{
	"type": "minecraft:entity",
	"pools": [
		{
			"rolls": 1,
			"entries": [
				{
					"type": "minecraft:item",
					"weight": 1,
					"name": "minecraft:popped_chorus_fruit",
					"functions": [
						{
							"function": "minecraft:set_components",
							"components":{
								"minecraft:custom_name": {
									  "text": "Cristal Triple Explosion",
									  "color":"dark_red",
									  "italic" : false
									},
								"minecraft:lore": [
									{
									  "text": "S'utilise à la forge",
									  "color":"dark_purple",
									  "italic" : false
									},
									{
									  "text": "de l'End pour améliorer",
									  "color":"dark_purple",
									  "italic" : false
									},
									[
									{
									  "text": "le ",
									  "color":"dark_purple",
									  "italic" : false
									},
									{
									  "text": "Sceptre de ",
									  "color":"gold",
									  "italic" : false
									},
									{
									  "text": "Base",
									  "color":"light_purple",
									  "italic" : false
									},
									{
										"text" : ".",
									  "italic" : false
									}
									]	
								],
								"minecraft:custom_model_data": {
									"strings": [
									  "cristal_3explosion"
									]
								  },
								"minecraft:custom_data": {
								  "Tags": [
									"cristal_3explo"
								  ]
								}
							  }
						}
					]
				}
			]
		},
		{
			"rolls": 1,
			"entries": [
				{
					"type": "minecraft:item",
					"weight": 1,
					"name": "minecraft:popped_chorus_fruit",
					"functions": [
						{
							"function": "minecraft:set_components",
							"components":{
								"minecraft:custom_name": [{
									  "text": "Cristal ",
									  "color":"green",
									  "italic" : false
									},
									{
									  "text": "d'Invocation ",
									  "color":"green",
									  "italic" : false
									},
									{
									  "text": ":",
									  "italic" : false
									},
									{
									  "text": "Iron Golem ",
									  "color":"white",
									  "underlined" : true,
									  "italic" : false
									}
								],
								"minecraft:lore": [
									{
									  "text": "S'utilise à la forge",
									  "color":"dark_purple",
									  "italic" : false
									},
									{
									  "text": "de l'End pour améliorer",
									  "color":"dark_purple",
									  "italic" : false
									},
									[
									{
									  "text": "le ",
									  "color":"dark_purple",
									  "italic" : false
									},
									{
									  "text": "Sceptre de ",
									  "color":"gold",
									  "italic" : false
									},
									{
									  "text": "Base",
									  "color":"light_purple",
									  "italic" : false
									},
									{
										"text" : ".",
									  "italic" : false
									}
									]	
								],
								"minecraft:custom_model_data": {
									"strings": [
									  "cristal_golem"
									]
								  },
								"minecraft:custom_data": {
								  "Tags": [
									"cristal_golem"
								  ]
								}
							  }
						}
					]
				}
			]
		},
		{
			"rolls": 1,
			"entries": [
				{
					"type": "minecraft:item",
					"weight": 1,
					"name": "minecraft:popped_chorus_fruit",
					"functions": [
						{
							"function": "minecraft:set_components",
							"components":{
								"minecraft:custom_name": {
									  "text": "Cristal de Téléportation",
									  "color":"aqua",
									  "italic" : false
									},
								"minecraft:lore":[
									{
									  "text": "S'utilise à la forge",
									  "color":"dark_purple",
									  "italic" : false
									},
									{
									  "text": "de l'End pour améliorer",
									  "color":"dark_purple",
									  "italic" : false
									},
									[
									{
									  "text": "le ",
									  "color":"dark_purple",
									  "italic" : false
									},
									{
									  "text": "Sceptre de ",
									  "color":"gold",
									  "italic" : false
									},
									{
									  "text": "Base",
									  "color":"light_purple",
									  "italic" : false
									},
									{
										"text" : ".",
									  "italic" : false
									}
									]	
								],
								"minecraft:custom_model_data": {
									"strings": [
									  "cristal_tp"
									]
								  },
								"minecraft:custom_data": {
								  "Tags": [
									"cristal_tp"
								  ]
								}
							  }
						}
					]
				}
			]
		},
		{
			"rolls": 1,
			"entries": [
				{
					"type": "minecraft:item",
					"weight": 1,
					"name": "minecraft:popped_chorus_fruit",
					"functions": [
						{
							"function": "minecraft:set_components",
							"components":{
								"minecraft:custom_name": {
									  "text": "Cristal d'Éxperience",
									  "color":"yellow",
									  "italic" : false
									},
								"minecraft:lore": [
									{
									  "text": "S'utilise à la forge",
									  "color":"dark_purple",
									  "italic" : false
									},
									{
									  "text": "de l'End pour améliorer",
									  "color":"dark_purple",
									  "italic" : false
									},
									[
									{
									  "text": "le ",
									  "color":"dark_purple",
									  "italic" : false
									},
									{
									  "text": "Sceptre de ",
									  "color":"gold",
									  "italic" : false
									},
									{
									  "text": "Base",
									  "color":"light_purple",
									  "italic" : false
									},
									{
										"text" : ".",
									  "italic" : false
									}
									]	
								],
								"minecraft:custom_model_data": {
									"strings": [
									  "cristal_xp"
									]
								  },
								"minecraft:custom_data": {
								  "Tags": [
									"cristal_xp"
								  ]
								}
							  }
						}
					]
				}
			]
		},
		{
			"rolls": 1,
			"entries": [
				{
					"type": "minecraft:item",
					"weight": 1,
					"name": "minecraft:popped_chorus_fruit",
					"functions": [
						{
							"function": "minecraft:set_components",
							"components":{
								"minecraft:custom_name": {
									  "text": "Cristal d'Aimant",
									  "color":"gray",
									  "italic" : false
									},
								"minecraft:lore": [
									{
									  "text": "S'utilise à la forge",
									  "color":"dark_purple",
									  "italic" : false
									},
									{
									  "text": "de l'End pour améliorer",
									  "color":"dark_purple",
									  "italic" : false
									},
									[
									{
									  "text": "le ",
									  "color":"dark_purple",
									  "italic" : false
									},
									{
									  "text": "Sceptre de ",
									  "color":"gold",
									  "italic" : false
									},
									{
									  "text": "Base",
									  "color":"light_purple",
									  "italic" : false
									},
									{
										"text" : ".",
									  "italic" : false
									}
									]	
								],
								"minecraft:custom_model_data": {
									"strings": [
									  "cristal_aimant"
									]
								  },
								"minecraft:custom_data": {
								  "Tags": [
									"cristal_item"
								  ]
								}
							  }
						}
					]
				}
			]
		}
	]
}
