{
	"type": "minecraft:entity",
	"pools": [
		{
			"rolls": 1,
			"entries": [
				{
					"type": "minecraft:item",
					"weight": 1,
					"name": "minecraft:netherite_sword",
					"functions": [
						{
							"function": "minecraft:set_nbt",
							"tag": "{CustomModelData:6660102,AttributeModifiers:[{AttributeName:generic.attack_damage,Amount:16,Slot:mainhand,Name:generic.attack_damage,UUID:[I;-123215,14937,143012,-29874]},{AttributeName:generic.attack_speed,Amount:3.6,Slot:mainhand,Name:generic.attack_speed,UUID:[I;-123215,15037,143012,-30074]}],display:{Name:'[{\"text\":\"Épée Démoniaque\",\"italic\":false,\"color\":\"dark_red\"}]',Lore:['[{\"text\":\"Épée surpuissante,\",\"italic\":false}]','[{\"text\":\"forgé depuis l\\'End\",\"italic\":false}]']}}"
						}
					]
				}
			]
		},
		{
			"rolls": 1,
			"entries": [
				{
					"type": "minecraft:item",
					"weight": 1,
					"name": "minecraft:netherite_sword",
					"functions": [
						{
							"function": "minecraft:set_nbt",
							"tag": "{CustomModelData:6660103,Tags:marteau_demonic,AttributeModifiers:[{AttributeName:generic.attack_speed,Amount:-3.6,Slot:mainhand,Name:generic.attack_speed,UUID:[I;-123415,36714,174451,-73428]},{AttributeName:generic.attack_damage,Amount:32,Slot:mainhand,Name:generic.attack_damage,UUID:[I;-123415,36814,174451,-73628]}],display:{Name:'[{\"text\":\"Marteau Démoniaque\",\"italic\":false,\"color\":\"dark_red\"}]',Lore:['[{\"text\":\"Marteau Légendaire,\",\"italic\":false}]','[{\"text\":\"forgé depuis l\\'End\",\"italic\":false}]']}}"
						}
					]
				}
			]
		},
		{
			"rolls": 1,
			"entries": [
				{
					"type": "minecraft:item",
					"weight": 1,
					"name": "minecraft:bow",
					"functions": [
						{
							"function": "minecraft:set_nbt",
							"tag": "{display:{Name:'[{\"text\":\"Arc Démoniaque\",\"italic\":false,\"color\":\"dark_red\",\"underlined\":false,\"bold\":false}]',Lore:['[{\"text\":\"Arc du culte\",\"italic\":true,\"color\":\"yellow\"}]','[{\"text\":\"Contient l\\'âme d\\'un démon.\",\"italic\":true,\"color\":\"yellow\"}]']},CustomModelData:6661,Enchantments:[{id:flame,lvl:1},{id:infinity,lvl:1},{id:mending,lvl:1},{id:power,lvl:10},{id:unbreaking,lvl:10}],EntityTag:{tag:\"[cultestuff]\"}}"
						}
					]
				}
			]
		},
		{
			"rolls": 1,
			"entries": [
				{
					"type": "minecraft:item",
					"weight": 1,
					"name": "minecraft:netherite_sword",
					"functions": [
						{
							"function": "minecraft:set_nbt",
							"tag": "{CustomModelData:6660104,Tags:[\"poison_sword\"],display:{Name:'[{\"text\":\"Épée empoisonnée\",\"italic\":false,\"color\":\"green\"}]',Lore:['[{\"text\":\"Elle donne à vos\",\"italic\":false}]','[{\"text\":\"ennemis un effet poison \",\"italic\":false}]']}}"
						}
					]
				}
			]
		},
		{
			"rolls": 1,
			"entries": [
				{
					"type": "minecraft:item",
					"weight": 1,
					"name": "minecraft:netherite_sword",
					"functions": [
						{
							"function": "minecraft:set_nbt",
							"tag": "{CustomModelData:6660105,Tags:[\"ice_sword\"],display:{Name:'[{\"text\":\"Faux De Glace\",\"italic\":false,\"color\":\"aqua\"}]',Lore:['[{\"text\":\"Elle immobilise vos\",\"italic\":false}]','[{\"text\":\"ennemis dans la neige\",\"italic\":false}]']}}"
						}
					]
				} 	
			]
		}
    ]
}