{
	"type": "minecraft:entity",
	"pools": [
		{
			"rolls": {
				"min": 2,
				"max": 3
			},
			"entries": [
				{
					"type": "minecraft:item",
					"weight": 3,
					"name": "minecraft:phantom_membrane",
					"functions": [
						{
							"function": "set_count",
							"count": 6
						}
					]
				},
				{
					"type": "minecraft:item",
					"weight": 1,
					"name": "minecraft:nether_star"
				},
				{
					"type": "minecraft:item",
					"weight": 3,
					"name": "minecraft:diamond",
					"functions": [
						{
							"function": "set_count",
							"count": 3
						}
					]
				}
			]
		},
		{
			"rolls": {
				"min": 1,
				"max": 1
			},
			"entries": [
				{
					"type": "minecraft:item",
					"weight": 1,
					"name": "minecraft:shield",
					"functions": [
						{
							"function": "minecraft:set_nbt",
							"tag": "{Tags:[\"shield_resist_1\"],BlockEntityTag:{Base:0,Patterns:[{Pattern:mr,Color:14},{Pattern:tts,Color:14},{Pattern:hhb,Color:14},{Pattern:bo,Color:14},{Pattern:mc,Color:0},{Pattern:mr,Color:0},{Pattern:sc,Color:14},{Pattern:tts,Color:0},{Pattern:gru,Color:14}]},display:{Name:'[{\"text\":\"Bouclier \",\"italic\":false,\"color\":\"gold\"},{\"text\":\"[RÉSISTANCE]\",\"italic\":true,\"color\":\"dark_red\"}]',Lore:['[{\"text\":\"Donne un effet de résistance\"}]','[{\"text\":\"niveau 1\",\"italic\":true},{\"text\":\"\",\"italic\":false}]','[{\"text\":\"\",\"italic\":false}]']}}"
						}
					]
				}
			]
		},
		{
			"rolls": 1,
			"entries": [
				{
					"type": "minecraft:item",
					"weight": 1,
					"name": "minecraft:popped_chorus_fruit",
					"functions": [
						{
							"function": "minecraft:set_nbt",
							"tag": "{CustomModelData:77704,Tags:[cristal_golem],display:{Name:'[{\"text\":\"Cristal \",\"italic\":false,\"color\":\"green\"},{\"text\":\"d\\'Invocation\",\"color\":\"green\"},{\"text\":\" : \"},{\"text\":\"Iron Golem\",\"underlined\":true,\"color\":\"white\"}]',Lore:['[{\"text\":\"S\\'utilise à la forge\",\"italic\":false,\"color\":\"dark_purple\"}]','[{\"text\":\"de l\\'End pour améliorer\",\"italic\":false,\"color\":\"dark_purple\"}]','[{\"text\":\"le \",\"italic\":false,\"color\":\"dark_purple\"},{\"text\":\"Sceptre de\",\"color\":\"gold\"},{\"text\":\" \"},{\"text\":\"Base\",\"color\":\"light_purple\"},{\"text\":\".\"}]']}}"
						}
					]
				},
				{
					"type": "minecraft:item",
					"weight": 1,
					"name": "minecraft:popped_chorus_fruit",
					"functions": [
						{
							"function": "minecraft:set_nbt",
							"tag": "{CustomModelData:77703,Tags:[cristal_3explo],display:{Name:'[{\"text\":\"Cristal Triple Explosion\",\"italic\":false,\"color\":\"dark_red\"}]',Lore:['[{\"text\":\"S\\'utilise à la forge\",\"italic\":false,\"color\":\"dark_purple\"}]','[{\"text\":\"de l\\'End pour améliorer\",\"italic\":false,\"color\":\"dark_purple\"}]','[{\"text\":\"le \",\"italic\":false,\"color\":\"dark_purple\"},{\"text\":\"Sceptre de\",\"color\":\"gold\"},{\"text\":\" \"},{\"text\":\"Base\",\"color\":\"light_purple\"},{\"text\":\".\"}]']}}"
						}
					]
				}
			]
		}
	]
}
