{
	"type": "minecraft:entity",
	"pools": [
		{
			"rolls": 1,
			"entries": [
				{
					"type": "minecraft:item",
					"weight": 1,
					"name": "minecraft:netherite_sword",
					"functions": [
						{
							"function": "minecraft:set_nbt",
							"tag": "{CustomModelData:6660103,Tags:marteau_demonic,AttributeModifiers:[{AttributeName:generic.attack_speed,Amount:-3.6,Slot:mainhand,Name:generic.attack_speed,UUID:[I;-123415,36714,174451,-73428]},{AttributeName:generic.attack_damage,Amount:32,Slot:mainhand,Name:generic.attack_damage,UUID:[I;-123415,36814,174451,-73628]}],display:{Name:'[{\"text\":\"Marteau Démoniaque\",\"italic\":false,\"color\":\"dark_red\"}]',Lore:['[{\"text\":\"Marteau Légendaire,\",\"italic\":false}]','[{\"text\":\"forgé depuis l\\'End\",\"italic\":false}]']}}"
						}
					]
				}
			]
		},
		{
			"rolls": 1,
			"entries": [
				{
					"type": "minecraft:item",
					"weight": 1,
					"name": "minecraft:carved_pumpkin",
					"functions": [
						{
							"function": "minecraft:set_nbt",
							"tag": "{CustomModelData:10,display:{Name:'[{\"text\":\"Tête du\",\"italic\":false,\"color\":\"gold\"},{\"text\":\" \"},{\"text\":\"Spider-Boy\",\"color\":\"dark_red\"}]',Lore:['[{\"text\":\"Tête de Boss. Peut être\",\"italic\":false}]','[{\"text\":\"utilisée comme chapeau.\",\"italic\":false}]']}}"
						}
					]
				}
			]
		},
		{
			"rolls": {
				"min": 1,
				"max": 2
			},
			"entries": [
				{
					"type": "minecraft:item",
					"weight": 1,
					"name": "minecraft:netherite_ingot",
					"functions": [
						{
							"function": "minecraft:set_count",
							"count": {
								"min": 1,
								"max": 2
							}
						}
					]
				},
				{
					"type": "minecraft:item",
					"weight": 1,
					"name": "minecraft:nether_star"
				},
				{
					"type": "minecraft:item",
					"weight": 2,
					"name": "minecraft:diamond",
					"functions": [
						{
							"function": "set_count",
							"count": 3
						}
					]
				}
			]
		},
		{
			
			"rolls": {
				"min": 0,
				"max": 1
			},
			"entries": [
				{
					"type": "minecraft:item",
					"weight": 1,
					"name": "minecraft:phantom_membrane",
					"functions": [
						{
							"function": "minecraft:set_nbt",
							"tag": "{CustomModelData:77702,Tags:[\"upgrader_1\"],display:{Name:'[{\"text\":\"Rune d\\'Armure\",\"italic\":false,\"color\":\"dark_red\"}]',Lore:['[{\"text\":\"S\\'utilise à la forge\",\"italic\":false}]','[{\"text\":\"de l\\'End pour améliorer\",\"italic\":false}]','[{\"text\":\"l\\'armure Démoniaque.\",\"italic\":false}]','[{\"text\":\"\",\"italic\":false}]','[{\"text\":\"Donne à la pièce d\\'armure :\",\"italic\":true,\"color\":\"gray\"}]','[{\"text\":\"-Protection X\",\"italic\":true,\"color\":\"gray\"}]','[{\"text\":\"-Unbrealing X\",\"italic\":true,\"color\":\"gray\"}]']}}"
						}
					]
				}
			]
		}
	]
}
