{
	"pools": [
		{
			"rolls": 1,
			"entries": [
				{
					"type": "minecraft:item",
					"name": "minecraft:carved_pumpkin",
					"functions": [
						{
							"function": "minecraft:set_nbt",
							"tag": "{CustomModelData:13,display:{Name:'[{\"text\":\"Tête du\",\"italic\":false,\"color\":\"gold\"},{\"text\":\" \"},{\"text\":\"Zombie Mutant\",\"color\":\"dark_red\"}]',Lore:['[{\"text\":\"Tête de Boss.Peut être\",\"italic\":false}]','[{\"text\":\"utilisée comme chapeau.\",\"italic\":false}]']}} "
						}
					]
				}
			]
		},
		{
			"rolls": 1,
			"entries": [
				{
					"type": "minecraft:item",
					"weight": 1,
					"name": "minecraft:phantom_membrane",
					"functions": [
						{
							"function": "minecraft:set_nbt",
							"tag": "{CustomModelData:77702,Tags:[\"upgrader_1\"],display:{Name:'[{\"text\":\"Rune d\\'Armure\",\"italic\":false,\"color\":\"dark_red\"}]',Lore:['[{\"text\":\"S\\'utilise à la forge\",\"italic\":false}]','[{\"text\":\"de l\\'End pour améliorer\",\"italic\":false}]','[{\"text\":\"l\\'armure Démoniaque.\",\"italic\":false}]','[{\"text\":\"\",\"italic\":false}]','[{\"text\":\"Donne à la pièce d\\'armure :\",\"italic\":true,\"color\":\"gray\"}]','[{\"text\":\"-Protection X\",\"italic\":true,\"color\":\"gray\"}]','[{\"text\":\"-Unbrealing X\",\"italic\":true,\"color\":\"gray\"}]']}}"
						}
					]
				}
			]
		},
		{
			"rolls": {
				"min": 1,
				"max": 3
			  },
			"entries": [
				{
                    "type": "minecraft:item",
					"weight": 2,
					"name": "minecraft:diamond",
					"functions": [
						{
							"function": "minecraft:set_count",
							"count": {
								"min": 5,
								"max": 20
							}
						}
						
					]
                },
				{
                    "type": "minecraft:item",
					"weight": 2,
					"name": "minecraft:gold_block",
					"functions": [
						{
							"function": "minecraft:set_count",
							"count": {
								"min": 2,
								"max": 15
							}
						}
						
					]
                },
				{
                    "type": "minecraft:item",
					"weight": 1,
					"name": "minecraft:nether_star",
					"functions": [
						{
							"function": "minecraft:set_count",
							"count": {
								"min": 1,
								"max": 3
							}
						}
						
					]
                },
				{
                    "type": "minecraft:item",
					"weight": 1,
					"name": "minecraft:netherite_block",
					"functions": [
						{
							"function": "minecraft:set_count",
							"count": {
								"min": 1,
								"max": 2
							}
						}
						
					]
                }
			]
		}
	]
}
