{
	"credit": "Made with Blockbench",
	"texture_size": [64, 64],
	"textures": {
		"1": "item/spider_boy"
	},
	"elements": [
		{
			"from": [1, 1, 1],
			"to": [15, 15, 15],
			"faces": {
				"north": {"uv": [0, 0, 3.5, 3.5], "texture": "#1"},
				"east": {"uv": [0, 3.5, 3.5, 7], "texture": "#1"},
				"south": {"uv": [3.5, 0, 7, 3.5], "texture": "#1"},
				"west": {"uv": [3.5, 3.5, 7, 7], "texture": "#1"},
				"up": {"uv": [3.5, 10.5, 0, 7], "texture": "#1"},
				"down": {"uv": [10.5, 0, 7, 3.5], "texture": "#1"}
			}
		},
		{
			"from": [-7, 14, 2],
			"to": [3, 24, 11],
			"faces": {
				"north": {"uv": [3.5, 7, 6, 9.5], "texture": "#1"},
				"east": {"uv": [8.5, 8.5, 10.75, 11], "texture": "#1"},
				"south": {"uv": [7, 3.5, 9.5, 6], "texture": "#1"},
				"west": {"uv": [3.5, 9.5, 5.75, 12], "texture": "#1"},
				"up": {"uv": [12, 5.75, 9.5, 3.5], "texture": "#1"},
				"down": {"uv": [8.25, 9.5, 5.75, 11.75], "texture": "#1"}
			}
		},
		{
			"from": [13, 14, 2],
			"to": [23, 24, 11],
			"faces": {
				"north": {"uv": [6, 7, 8.5, 9.5], "texture": "#1"},
				"east": {"uv": [0, 10.5, 2.25, 13], "texture": "#1"},
				"south": {"uv": [8.5, 6, 11, 8.5], "texture": "#1"},
				"west": {"uv": [10.5, 0, 12.75, 2.5], "texture": "#1"},
				"up": {"uv": [13.25, 10.75, 10.75, 8.5], "texture": "#1"},
				"down": {"uv": [13.25, 10.75, 10.75, 13], "texture": "#1"}
			}
		},
		{
			"from": [-5, 21, 1],
			"to": [1, 22, 2],
			"faces": {
				"north": {"uv": [9.5, 5.75, 11, 6], "texture": "#1"},
				"east": {"uv": [12.75, 5.5, 13, 5.75], "texture": "#1"},
				"south": {"uv": [13.5, 11.25, 15, 11.5], "texture": "#1"},
				"west": {"uv": [12.75, 8.25, 13, 8.5], "texture": "#1"},
				"up": {"uv": [15, 11.75, 13.5, 11.5], "texture": "#1"},
				"down": {"uv": [15, 11.75, 13.5, 12], "texture": "#1"}
			}
		},
		{
			"from": [15, 21, 1],
			"to": [21, 22, 2],
			"faces": {
				"north": {"uv": [13.5, 12, 15, 12.25], "texture": "#1"},
				"east": {"uv": [14.25, 3.75, 14.5, 4], "texture": "#1"},
				"south": {"uv": [13.5, 12.25, 15, 12.5], "texture": "#1"},
				"west": {"uv": [13.25, 14.25, 13.5, 14.5], "texture": "#1"},
				"up": {"uv": [15.25, 2.75, 13.75, 2.5], "texture": "#1"},
				"down": {"uv": [15.25, 2.75, 13.75, 3], "texture": "#1"}
			}
		},
		{
			"from": [4, 2, 0],
			"to": [11, 3, 2],
			"faces": {
				"north": {"uv": [11, 8.25, 12.75, 8.5], "texture": "#1"},
				"east": {"uv": [14, 14, 14.5, 14.25], "texture": "#1"},
				"south": {"uv": [13.5, 9, 15.25, 9.25], "texture": "#1"},
				"west": {"uv": [14.25, 3, 14.75, 3.25], "texture": "#1"},
				"up": {"uv": [14.75, 8, 13, 7.5], "texture": "#1"},
				"down": {"uv": [14.75, 8, 13, 8.5], "texture": "#1"}
			}
		},
		{
			"from": [4, 8, 0],
			"to": [11, 9, 2],
			"faces": {
				"north": {"uv": [9.25, 13.5, 11, 13.75], "texture": "#1"},
				"east": {"uv": [14.25, 3.25, 14.75, 3.5], "texture": "#1"},
				"south": {"uv": [13.5, 9.25, 15.25, 9.5], "texture": "#1"},
				"west": {"uv": [14.25, 3.5, 14.75, 3.75], "texture": "#1"},
				"up": {"uv": [10, 13.5, 8.25, 13], "texture": "#1"},
				"down": {"uv": [11.75, 13, 10, 13.5], "texture": "#1"}
			}
		},
		{
			"from": [3, 2, 0],
			"to": [4, 8, 2],
			"faces": {
				"north": {"uv": [8.25, 9.5, 8.5, 11], "texture": "#1"},
				"east": {"uv": [5.25, 12, 5.75, 13.5], "texture": "#1"},
				"south": {"uv": [3.25, 10.5, 3.5, 12], "texture": "#1"},
				"west": {"uv": [1.75, 13, 2.25, 14.5], "texture": "#1"},
				"up": {"uv": [8.75, 14.75, 8.5, 14.25], "texture": "#1"},
				"down": {"uv": [9, 14.25, 8.75, 14.75], "texture": "#1"}
			}
		},
		{
			"from": [11, 3, 0],
			"to": [12, 9, 2],
			"faces": {
				"north": {"uv": [13.75, 3, 14, 4.5], "texture": "#1"},
				"east": {"uv": [11.75, 13, 12.25, 14.5], "texture": "#1"},
				"south": {"uv": [5.75, 13.75, 6, 15.25], "texture": "#1"},
				"west": {"uv": [12.25, 13, 12.75, 14.5], "texture": "#1"},
				"up": {"uv": [9.25, 14.75, 9, 14.25], "texture": "#1"},
				"down": {"uv": [14.5, 12.5, 14.25, 13], "texture": "#1"}
			}
		},
		{
			"from": [14, 15, 11],
			"to": [22, 23, 13],
			"faces": {
				"north": {"uv": [11, 5.75, 13, 7.75], "texture": "#1"},
				"east": {"uv": [10.25, 11, 10.75, 13], "texture": "#1"},
				"south": {"uv": [8.25, 11, 10.25, 13], "texture": "#1"},
				"west": {"uv": [7.75, 11.75, 8.25, 13.75], "texture": "#1"},
				"up": {"uv": [13, 8.25, 11, 7.75], "texture": "#1"},
				"down": {"uv": [14.75, 2, 12.75, 2.5], "texture": "#1"}
			}
		},
		{
			"from": [-6, 15, 11],
			"to": [2, 23, 13],
			"faces": {
				"north": {"uv": [5.75, 11.75, 7.75, 13.75], "texture": "#1"},
				"east": {"uv": [4.25, 12, 4.75, 14], "texture": "#1"},
				"south": {"uv": [2.25, 12, 4.25, 14], "texture": "#1"},
				"west": {"uv": [4.75, 12, 5.25, 14], "texture": "#1"},
				"up": {"uv": [15, 7, 13, 6.5], "texture": "#1"},
				"down": {"uv": [15, 7, 13, 7.5], "texture": "#1"}
			}
		},
		{
			"from": [-8, 15, 3],
			"to": [-7, 23, 10],
			"faces": {
				"north": {"uv": [12.75, 13, 13, 15], "texture": "#1"},
				"east": {"uv": [12, 2.5, 13.75, 4.5], "texture": "#1"},
				"south": {"uv": [13, 13, 13.25, 15], "texture": "#1"},
				"west": {"uv": [12.75, 0, 14.5, 2], "texture": "#1"},
				"up": {"uv": [13.75, 11.25, 13.5, 9.5], "texture": "#1"},
				"down": {"uv": [11.25, 13.5, 11, 15.25], "texture": "#1"}
			}
		},
		{
			"from": [23, 15, 3],
			"to": [24, 23, 10],
			"faces": {
				"north": {"uv": [13.25, 8.5, 13.5, 10.5], "texture": "#1"},
				"east": {"uv": [0, 13, 1.75, 15], "texture": "#1"},
				"south": {"uv": [13.25, 10.5, 13.5, 12.5], "texture": "#1"},
				"west": {"uv": [13, 4.5, 14.75, 6.5], "texture": "#1"},
				"up": {"uv": [11.5, 15.25, 11.25, 13.5], "texture": "#1"},
				"down": {"uv": [11.75, 13.5, 11.5, 15.25], "texture": "#1"}
			}
		},
		{
			"from": [-4, 17, 13],
			"to": [0, 21, 15],
			"faces": {
				"north": {"uv": [7, 6, 8, 7], "texture": "#1"},
				"east": {"uv": [8, 6, 8.5, 7], "texture": "#1"},
				"south": {"uv": [2.25, 10.5, 3.25, 11.5], "texture": "#1"},
				"west": {"uv": [11.5, 2.5, 12, 3.5], "texture": "#1"},
				"up": {"uv": [3.25, 12, 2.25, 11.5], "texture": "#1"},
				"down": {"uv": [14.25, 12.5, 13.25, 13], "texture": "#1"}
			}
		},
		{
			"from": [16, 17, 13],
			"to": [20, 21, 15],
			"faces": {
				"north": {"uv": [10.5, 2.5, 11.5, 3.5], "texture": "#1"},
				"east": {"uv": [13.25, 13, 13.75, 14], "texture": "#1"},
				"south": {"uv": [12, 4.5, 13, 5.5], "texture": "#1"},
				"west": {"uv": [5.25, 13.5, 5.75, 14.5], "texture": "#1"},
				"up": {"uv": [9.25, 14, 8.25, 13.5], "texture": "#1"},
				"down": {"uv": [14.5, 8.5, 13.5, 9], "texture": "#1"}
			}
		},
		{
			"from": [5, 15, 8],
			"to": [6, 20, 9],
			"faces": {
				"north": {"uv": [6, 13.75, 6.25, 15], "texture": "#1"},
				"east": {"uv": [6.25, 13.75, 6.5, 15], "texture": "#1"},
				"south": {"uv": [6.5, 13.75, 6.75, 15], "texture": "#1"},
				"west": {"uv": [6.75, 13.75, 7, 15], "texture": "#1"},
				"up": {"uv": [13.75, 14.5, 13.5, 14.25], "texture": "#1"},
				"down": {"uv": [14, 14.25, 13.75, 14.5], "texture": "#1"}
			}
		},
		{
			"from": [4, 20, 8],
			"to": [5, 24, 9],
			"faces": {
				"north": {"uv": [10.75, 13.75, 11, 14.75], "texture": "#1"},
				"east": {"uv": [13.75, 13, 14, 14], "texture": "#1"},
				"south": {"uv": [2.25, 14, 2.5, 15], "texture": "#1"},
				"west": {"uv": [2.5, 14, 2.75, 15], "texture": "#1"},
				"up": {"uv": [14.25, 14.5, 14, 14.25], "texture": "#1"},
				"down": {"uv": [14.5, 14.25, 14.25, 14.5], "texture": "#1"}
			}
		},
		{
			"from": [1, 24, 8],
			"to": [4, 25, 9],
			"faces": {
				"north": {"uv": [12, 5.5, 12.75, 5.75], "texture": "#1"},
				"east": {"uv": [14.5, 0, 14.75, 0.25], "texture": "#1"},
				"south": {"uv": [13.75, 10.75, 14.5, 11], "texture": "#1"},
				"west": {"uv": [14.5, 0.25, 14.75, 0.5], "texture": "#1"},
				"up": {"uv": [14.5, 11.25, 13.75, 11], "texture": "#1"},
				"down": {"uv": [14.75, 4, 14, 4.25], "texture": "#1"}
			}
		},
		{
			"from": [5, 15, 4],
			"to": [6, 20, 5],
			"faces": {
				"north": {"uv": [7, 13.75, 7.25, 15], "texture": "#1"},
				"east": {"uv": [7.25, 13.75, 7.5, 15], "texture": "#1"},
				"south": {"uv": [7.5, 13.75, 7.75, 15], "texture": "#1"},
				"west": {"uv": [7.75, 13.75, 8, 15], "texture": "#1"},
				"up": {"uv": [14.75, 0.75, 14.5, 0.5], "texture": "#1"},
				"down": {"uv": [14.75, 0.75, 14.5, 1], "texture": "#1"}
			}
		},
		{
			"from": [4, 20, 4],
			"to": [5, 24, 5],
			"faces": {
				"north": {"uv": [2.75, 14, 3, 15], "texture": "#1"},
				"east": {"uv": [3, 14, 3.25, 15], "texture": "#1"},
				"south": {"uv": [14, 3, 14.25, 4], "texture": "#1"},
				"west": {"uv": [3.25, 14, 3.5, 15], "texture": "#1"},
				"up": {"uv": [14.75, 1.25, 14.5, 1], "texture": "#1"},
				"down": {"uv": [14.75, 1.25, 14.5, 1.5], "texture": "#1"}
			}
		},
		{
			"from": [1, 24, 4],
			"to": [4, 25, 5],
			"faces": {
				"north": {"uv": [14, 4.25, 14.75, 4.5], "texture": "#1"},
				"east": {"uv": [14.5, 1.5, 14.75, 1.75], "texture": "#1"},
				"south": {"uv": [8.5, 14, 9.25, 14.25], "texture": "#1"},
				"west": {"uv": [1.75, 14.5, 2, 14.75], "texture": "#1"},
				"up": {"uv": [14.75, 9.75, 14, 9.5], "texture": "#1"},
				"down": {"uv": [14.75, 9.75, 14, 10], "texture": "#1"}
			}
		},
		{
			"from": [10, 15, 4],
			"to": [11, 20, 5],
			"faces": {
				"north": {"uv": [8, 13.75, 8.25, 15], "texture": "#1"},
				"east": {"uv": [9.25, 13.75, 9.5, 15], "texture": "#1"},
				"south": {"uv": [9.5, 13.75, 9.75, 15], "texture": "#1"},
				"west": {"uv": [13.75, 9.5, 14, 10.75], "texture": "#1"},
				"up": {"uv": [14.75, 2, 14.5, 1.75], "texture": "#1"},
				"down": {"uv": [2.25, 14.5, 2, 14.75], "texture": "#1"}
			}
		},
		{
			"from": [11, 20, 4],
			"to": [12, 24, 5],
			"faces": {
				"north": {"uv": [3.5, 14, 3.75, 15], "texture": "#1"},
				"east": {"uv": [3.75, 14, 4, 15], "texture": "#1"},
				"south": {"uv": [4, 14, 4.25, 15], "texture": "#1"},
				"west": {"uv": [4.25, 14, 4.5, 15], "texture": "#1"},
				"up": {"uv": [14.75, 4, 14.5, 3.75], "texture": "#1"},
				"down": {"uv": [5.5, 14.5, 5.25, 14.75], "texture": "#1"}
			}
		},
		{
			"from": [12, 24, 4],
			"to": [15, 25, 5],
			"faces": {
				"north": {"uv": [14, 10, 14.75, 10.25], "texture": "#1"},
				"east": {"uv": [5.5, 14.5, 5.75, 14.75], "texture": "#1"},
				"south": {"uv": [14, 10.25, 14.75, 10.5], "texture": "#1"},
				"west": {"uv": [14.5, 8.5, 14.75, 8.75], "texture": "#1"},
				"up": {"uv": [14.75, 10.75, 14, 10.5], "texture": "#1"},
				"down": {"uv": [14.75, 13, 14, 13.25], "texture": "#1"}
			}
		},
		{
			"from": [10, 15, 8],
			"to": [11, 20, 9],
			"faces": {
				"north": {"uv": [9.75, 13.75, 10, 15], "texture": "#1"},
				"east": {"uv": [10, 13.75, 10.25, 15], "texture": "#1"},
				"south": {"uv": [10.25, 13.75, 10.5, 15], "texture": "#1"},
				"west": {"uv": [10.5, 13.75, 10.75, 15], "texture": "#1"},
				"up": {"uv": [14.75, 9, 14.5, 8.75], "texture": "#1"},
				"down": {"uv": [14.75, 10.75, 14.5, 11], "texture": "#1"}
			}
		},
		{
			"from": [11, 20, 8],
			"to": [12, 24, 9],
			"faces": {
				"north": {"uv": [4.5, 14, 4.75, 15], "texture": "#1"},
				"east": {"uv": [4.75, 14, 5, 15], "texture": "#1"},
				"south": {"uv": [5, 14, 5.25, 15], "texture": "#1"},
				"west": {"uv": [8.25, 14, 8.5, 15], "texture": "#1"},
				"up": {"uv": [14.75, 11.25, 14.5, 11], "texture": "#1"},
				"down": {"uv": [12, 14.5, 11.75, 14.75], "texture": "#1"}
			}
		},
		{
			"from": [12, 24, 8],
			"to": [15, 25, 9],
			"faces": {
				"north": {"uv": [13.25, 14, 14, 14.25], "texture": "#1"},
				"east": {"uv": [12, 14.5, 12.25, 14.75], "texture": "#1"},
				"south": {"uv": [14, 13.25, 14.75, 13.5], "texture": "#1"},
				"west": {"uv": [12.25, 14.5, 12.5, 14.75], "texture": "#1"},
				"up": {"uv": [14.75, 13.75, 14, 13.5], "texture": "#1"},
				"down": {"uv": [14.75, 13.75, 14, 14], "texture": "#1"}
			}
		}
	],
	"display": {	"thirdperson_righthand": {
		"rotation": [84, 0, -180],
		"scale": [0.5, 0.5, 0.5]
	},
	"firstperson_righthand": {
		"rotation": [-8, 180, 5],
		"translation": [3, 5.75, -10]
	},
	"ground": {
		"translation": [0, 11, 0],
		"scale":[0.5,0.5,0.5]
	},
	"gui": {
		"rotation": [0, 180, 0]
	},
	"fixed": {
		"translation": [0, 0, -3.25]
	}},
	"groups": [
		{
			"name": "group",
			"origin": [8, 8, 8],
			"color": 0,
			"children": [
				0,
				1,
				2,
				3,
				4,
				5,
				6,
				7,
				8,
				9,
				10,
				11,
				12,
				13,
				14,
				{
					"name": "group",
					"origin": [8, 8, 8],
					"color": 0,
					"children": [
						15,
						16,
						17,
						{
							"name": "group",
							"origin": [8, 8, 8],
							"color": 0,
							"children": [18, 19, 20]
						},
						{
							"name": "group",
							"origin": [8, 8, 8],
							"color": 0,
							"children": [
								21,
								22,
								23,
								{
									"name": "group",
									"origin": [8, 8, 8],
									"color": 0,
									"children": [24, 25, 26]
								}
							]
						}
					]
				}
			]
		}
	]
}