{
	"credit": "Made with Blockbench",
	"texture_size": [8, 8],
	"textures": {
		"0": "item/scaner",
		"1": "item/scaner_elec",
		"particle": "item/scaner"
	},
	"elements": [
		{
			"from": [7, 5, 6],
			"to": [10, 6, 8],
			"faces": {
				"north": {"uv": [5, 5, 8, 6], "texture": "#0"},
				"east": {"uv": [7, 1, 9, 2], "texture": "#0"},
				"south": {"uv": [0, 6, 3, 7], "texture": "#0"},
				"west": {"uv": [7, 2, 9, 3], "texture": "#0"},
				"up": {"uv": [7, 2, 4, 0], "texture": "#0"},
				"down": {"uv": [7, 2, 4, 4], "texture": "#0"}
			}
		},
		{
			"from": [7.25, 5, 8],
			"to": [9.75, 6, 9],
			"faces": {
				"north": {"uv": [3, 6, 5.5, 7], "texture": "#0"},
				"east": {"uv": [4, 8, 5, 9], "texture": "#0"},
				"south": {"uv": [6, 6, 8.5, 7], "texture": "#0"},
				"west": {"uv": [5, 8, 6, 9], "texture": "#0"},
				"up": {"uv": [2.5, 8, 0, 7], "texture": "#0"},
				"down": {"uv": [9.5, 0, 7, 1], "texture": "#0"}
			}
		},
		{
			"from": [7.5, 5, 9],
			"to": [9.5, 6, 14],
			"faces": {
				"north": {"uv": [3, 7, 5, 8], "texture": "#0"},
				"east": {"uv": [4, 4, 9, 5], "texture": "#0"},
				"south": {"uv": [7, 3, 9, 4], "texture": "#0"},
				"west": {"uv": [0, 5, 5, 6], "texture": "#0"},
				"up": {"uv": [2, 5, 0, 0], "texture": "#0"},
				"down": {"uv": [4, 0, 2, 5], "texture": "#0"}
			}
		},
		{
			"from": [7.5, 6, 9],
			"to": [8.25, 6.5, 9.75],
			"faces": {
				"north": {"uv": [5, 9, 6, 9.5], "texture": "#0"},
				"east": {"uv": [6, 9, 7, 9.5], "texture": "#0"},
				"south": {"uv": [9, 6, 10, 6.5], "texture": "#0"},
				"west": {"uv": [7, 9, 8, 9.5], "texture": "#0"},
				"up": {"uv": [9, 6, 8, 5], "texture": "#0"},
				"down": {"uv": [7, 8, 6, 9], "texture": "#0"}
			}
		},
		{
			"from": [7.5, 6, 10],
			"to": [8.25, 6.5, 10.75],
			"faces": {
				"north": {"uv": [9, 7, 10, 7.5], "texture": "#0"},
				"east": {"uv": [8, 9, 9, 9.5], "texture": "#0"},
				"south": {"uv": [9, 8, 10, 8.5], "texture": "#0"},
				"west": {"uv": [9, 9, 10, 9.5], "texture": "#0"},
				"up": {"uv": [8, 9, 7, 8], "texture": "#0"},
				"down": {"uv": [9, 8, 8, 9], "texture": "#0"}
			}
		},
		{
			"from": [8.75, 6, 9],
			"to": [9.5, 6.5, 9.75],
			"faces": {
				"north": {"uv": [0, 10, 1, 10.5], "texture": "#0"},
				"east": {"uv": [10, 0, 11, 0.5], "texture": "#0"},
				"south": {"uv": [1, 10, 2, 10.5], "texture": "#0"},
				"west": {"uv": [10, 1, 11, 1.5], "texture": "#0"},
				"up": {"uv": [1, 10, 0, 9], "texture": "#0"},
				"down": {"uv": [2, 9, 1, 10], "texture": "#0"}
			}
		},
		{
			"from": [8.75, 6, 10],
			"to": [9.5, 6.5, 10.75],
			"faces": {
				"north": {"uv": [2, 10, 3, 10.5], "texture": "#0"},
				"east": {"uv": [10, 2, 11, 2.5], "texture": "#0"},
				"south": {"uv": [10, 3, 11, 3.5], "texture": "#0"},
				"west": {"uv": [10, 4, 11, 4.5], "texture": "#0"},
				"up": {"uv": [10, 2, 9, 1], "texture": "#0"},
				"down": {"uv": [3, 9, 2, 10], "texture": "#0"}
			}
		},
		{
			"from": [9.5, 5, 4],
			"to": [10, 6, 6],
			"faces": {
				"north": {"uv": [5, 10, 5.5, 11], "texture": "#0"},
				"east": {"uv": [5, 7, 7, 8], "texture": "#0"},
				"south": {"uv": [10, 5, 10.5, 6], "texture": "#0"},
				"west": {"uv": [7, 7, 9, 8], "texture": "#0"},
				"up": {"uv": [9.5, 4, 9, 2], "texture": "#0"},
				"down": {"uv": [3.5, 9, 3, 11], "texture": "#0"}
			}
		},
		{
			"from": [7, 5, 4],
			"to": [7.5, 6, 6],
			"faces": {
				"north": {"uv": [6, 10, 6.5, 11], "texture": "#0"},
				"east": {"uv": [0, 8, 2, 9], "texture": "#0"},
				"south": {"uv": [10, 6, 10.5, 7], "texture": "#0"},
				"west": {"uv": [2, 8, 4, 9], "texture": "#0"},
				"up": {"uv": [4.5, 11, 4, 9], "texture": "#0"},
				"down": {"uv": [9.5, 4, 9, 6], "texture": "#0"}
			}
		},
		{
			"from": [7, 5.3, 3.5],
			"to": [7.5, 5.55, 4],
			"faces": {
				"north": {"uv": [0, 4, 1, 5], "texture": "#1"},
				"east": {"uv": [4, 0, 5, 1], "texture": "#1"},
				"south": {"uv": [2, 4, 3, 5], "texture": "#1"},
				"west": {"uv": [4, 2, 5, 3], "texture": "#1"},
				"up": {"uv": [5, 5, 4, 4], "texture": "#1"},
				"down": {"uv": [1, 6, 0, 7], "texture": "#1"}
			}
		},
		{
			"from": [9.5, 5.3, 3.5],
			"to": [10, 5.55, 4],
			"faces": {
				"north": {"uv": [6, 0, 7, 1], "texture": "#1"},
				"east": {"uv": [2, 6, 3, 7], "texture": "#1"},
				"south": {"uv": [6, 2, 7, 3], "texture": "#1"},
				"west": {"uv": [4, 6, 5, 7], "texture": "#1"},
				"up": {"uv": [7, 5, 6, 4], "texture": "#1"},
				"down": {"uv": [7, 6, 6, 7], "texture": "#1"}
			}
		},
		{
			"from": [7.5, 5.3, 3.25],
			"to": [8, 5.55, 3.75],
			"faces": {
				"north": {"uv": [0, 8, 1, 9], "texture": "#1"},
				"east": {"uv": [8, 0, 9, 1], "texture": "#1"},
				"south": {"uv": [2, 8, 3, 9], "texture": "#1"},
				"west": {"uv": [8, 2, 9, 3], "texture": "#1"},
				"up": {"uv": [5, 9, 4, 8], "texture": "#1"},
				"down": {"uv": [9, 4, 8, 5], "texture": "#1"}
			}
		},
		{
			"from": [9, 5.3, 3.25],
			"to": [9.5, 5.55, 3.75],
			"faces": {
				"north": {"uv": [6, 8, 7, 9], "texture": "#1"},
				"east": {"uv": [8, 6, 9, 7], "texture": "#1"},
				"south": {"uv": [8, 8, 9, 9], "texture": "#1"},
				"west": {"uv": [0, 10, 1, 11], "texture": "#1"},
				"up": {"uv": [11, 1, 10, 0], "texture": "#1"},
				"down": {"uv": [3, 10, 2, 11], "texture": "#1"}
			}
		},
		{
			"from": [8, 5.3, 3],
			"to": [9, 5.55, 3.5],
			"faces": {
				"north": {"uv": [0, 0, 2, 1], "texture": "#1"},
				"east": {"uv": [10, 2, 11, 3], "texture": "#1"},
				"south": {"uv": [0, 2, 2, 3], "texture": "#1"},
				"west": {"uv": [4, 10, 5, 11], "texture": "#1"},
				"up": {"uv": [4, 1, 2, 0], "texture": "#1"},
				"down": {"uv": [4, 2, 2, 3], "texture": "#1"}
			}
		}
	],
	"display": {
		"thirdperson_righthand": {
			"rotation": [70, 0, 0],
			"translation": [-0.55, 4, 1.75]
		},
		"thirdperson_lefthand": {
			"rotation": [70, 0, 0],
			"translation": [0.45, 4, 1.75]
		},
		"firstperson_righthand": {
			"rotation": [48, 0, 0],
			"translation": [0, 5, 0],
			"scale": [1.25, 1.25, 1.25]
		},
		"firstperson_lefthand": {
			"rotation": [48, 0, 0],
			"translation": [0, 5, 0],
			"scale": [1.25, 1.25, 1.25]
		},
		"fixed": {
			"rotation": [90, 45, 180],
			"translation": [-0.5, 1.75, -5.25],
			"scale": [2, 2, 2]
		}
	},
	"groups": [
		{
			"name": "group",
			"origin": [8, 8, 8],
			"color": 0,
			"nbt": "{}",
			"children": [0, 1, 2, 3, 4, 5, 6, 7, 8]
		},
		{
			"name": "group",
			"origin": [8, 8, 8],
			"color": 0,
			"nbt": "{}",
			"children": [9, 10, 11, 12, 13]
		}
	]
}