{
	"type": "minecraft:chest",
	"pools": [
		{
			"rolls": 1,
			"entries": [
			  {
				"type": "minecraft:loot_table",
				"value": "cultepack:chests/potion",
				"weight": 1
			  },
			  {
				"type": "minecraft:empty",
				"weight": 4 
			  }
			]
		  },
		{
			"rolls": {
			  "min": 1,
			  "max": 1
			},
			"entries": [
			  {
				"weight" : 1,
				"type": "minecraft:loot_table",
				"value": "cultepack:entities/map"
			  },
			  {
				"weight" : 6,
				"type": "minecraft:loot_table",
				"value": "cultepack:entities/vide"
			  }
			]
		  },
		{
			"rolls": 3,
			"entries": [
				{
					"type": "minecraft:item",
					"weight": 10,
					"name": "minecraft:rotten_flesh",
					"functions": [
						{
							"function": "minecraft:set_count",
							"count": {
								"min": 1,
								"max": 10
							}
						}
					]
				},
				{
					"type": "minecraft:item",
					"weight": 1,
					"name": "minecraft:enchanted_book",
					"functions": [
						{
							"function": "minecraft:set_components",
							"components": {
								"minecraft:custom_model_data": {
									"strings": [
									  "livre_base"
									]
								  },
								"minecraft:lore": [
									{
									  "text": "-Bague",
									  "italic" : false
									}
                  ]
							}
						},
							{
							  "function": "minecraft:set_enchantments",
							  "enchantments": {
								"cultepack:nocturne": 1
							  }
							}
					]
				},
				{
					"type": "minecraft:item",
					"weight": 5,
					"name": "minecraft:diamond",
					"functions": [
						{
							"function": "minecraft:set_count",
							"count": {
								"min": 1,
								"max": 5
							}
						}
					]
				},
				{
					"type": "minecraft:item",
					"weight": 6,
					"name": "minecraft:gilded_blackstone",
					"functions": [
						{
							"function": "minecraft:set_count",
							"count": {
								"min": 5,
								"max": 7
							}
						}
					]
				},
				{
					"type": "minecraft:item",
					"weight": 1,
					"name": "minecraft:enchanted_golden_apple",
					"functions": [
						{
							"function": "minecraft:set_count",
							"count": {
								"min": 1,
								"max": 2
							}
						}
					]
				},
				{
					"type": "minecraft:item",
					"weight": 3,
					"name": "minecraft:netherite_scrap",
					"functions": [
						{
							"function": "minecraft:set_count",
							"count": {
								"min": 1,
								"max": 2
							}
						}
					]
				}
			]
		},
		{
			"rolls": {
				"min": 0,
				"max": 1
			},
			"entries": [
				{
					"type": "minecraft:item",
					"weight": 1,
					"name": "minecraft:popped_chorus_fruit",
					"functions": [
						{
							"function": "minecraft:set_components",
							  "components":{
                        "minecraft:custom_name": 
                        {
									  "text": "Pierre d'Invocation ★",
									  "color":"gold",
									  "italic" : false
									},
                        "minecraft:lore": [
                          {
									  "text": "Contient une âme",
									  "italic" : false
									},
									{
									  "text": "",
									  "italic" : false
									},{
									  "text": "Utilisée à un Autel",
									  "color":"dark_gray",
									  "italic" : false
									},
									{
									  "text": "sacrificiel, libère un",
									  "color":"dark_gray",
									  "italic" : false
									},
                  {
									  "text": "puissant boss au niveau",
									  "color":"dark_gray",
									  "italic" : false
									},
                  {
									  "text": "de la pierre",
									  "color":"dark_gray",
									  "italic" : false
									}
                        ],
								"minecraft:custom_model_data": {
									"strings": [
									  "rune_invoc"
									]
								  },
								"minecraft:custom_data": {
								  "Tags": [
									"pierre_invoc_1"
								  ]
								}
							  }
						}
					]
				},
				{
					"type": "minecraft:item",
					"weight": 2,
					"name": "minecraft:popped_chorus_fruit",
					"functions": [
						{
							"function": "minecraft:set_components",
							    "components":{
                             "minecraft:custom_name": 
                        {
									  "text": "Pierre d'Invocation ★★",
									  "color":"gold",
									  "italic" : false
									},
                                "minecraft:lore": [
                          {
									  "text": "Contient une âme",
									  "italic" : false
									},
									{
									  "text": "",
									  "italic" : false
									},{
									  "text": "Utilisée à un Autel",
									  "color":"dark_gray",
									  "italic" : false
									},
									{
									  "text": "sacrificiel, libère un",
									  "color":"dark_gray",
									  "italic" : false
									},
                  {
									  "text": "puissant boss au niveau",
									  "color":"dark_gray",
									  "italic" : false
									},
                  {
									  "text": "de la pierre",
									  "color":"dark_gray",
									  "italic" : false
									}
                        ],
								"minecraft:custom_model_data": {
									"strings": [
									  "rune_invoc"
									]
								  },
								"minecraft:custom_data": {
								  "Tags": [
									"pierre_invoc_2"
								  ]
								}
							  }
						}
					]
				}
			]
		}
	]
}
