{
    "type": "minecraft:lake",
    "config": {
      "fluid": {
        "type": "minecraft:simple_state_provider",
        "state": {
          "Name": "minecraft:lava"
        }
      },
      "barrier": {
        "type": "minecraft:weighted_state_provider",
        "entries": [
          {
            "weight": 1,
            "data": {
              "Name": "minecraft:magma_block"
            }
          },
          {
            "weight": 1,
            "data": {
              "Name": "minecraft:gilded_blackstone"
            }
          }
        ]
      }
    }
  }