{
	
	"textures": {
		"0": "item/carved_pumpkin",
		"particle": "item/carved_pumpkin"
	},
	"elements": [
		{
			"from": [17, 1, -7],
			"to": [20, 2, -6],
			"faces": {
				"north": {"uv": [0, 0, 1, 16], "texture": "#0"},
				"east": {"uv": [0, 0, 1, 16], "texture": "#0"},
				"south": {"uv": [0, 0, 1, 16], "texture": "#0"},
				"west": {"uv": [0, 0, 1, 16], "texture": "#0"},
				"up": {"uv": [0, 0, 1, 16], "texture": "#0"},
				"down": {"uv": [0, 0, 1, 16], "texture": "#0"}
			}
		},
		{
			"from": [-4, 1, -7],
			"to": [-1, 2, -6],
			"faces": {
				"north": {"uv": [0, 0, 1, 16], "texture": "#0"},
				"east": {"uv": [0, 0, 1, 16], "texture": "#0"},
				"south": {"uv": [0, 0, 1, 16], "texture": "#0"},
				"west": {"uv": [0, 0, 1, 16], "texture": "#0"},
				"up": {"uv": [0, 0, 1, 16], "texture": "#0"},
				"down": {"uv": [0, 0, 1, 16], "texture": "#0"}
			}
		},
		{
			"from": [3, 1, -9],
			"to": [13, 2, -8],
			"faces": {
				"north": {"uv": [5, 0, 6, 16], "texture": "#0"},
				"east": {"uv": [5, 0, 6, 16], "texture": "#0"},
				"south": {"uv": [5, 0, 6, 16], "texture": "#0"},
				"west": {"uv": [5, 0, 6, 16], "texture": "#0"},
				"up": {"uv": [5, 0, 6, 16], "texture": "#0"},
				"down": {"uv": [5, 0, 6, 16], "texture": "#0"}
			}
		},
		{
			"from": [13, 1, -8],
			"to": [17, 2, -7],
			"faces": {
				"north": {"uv": [1, 0, 2, 16], "texture": "#0"},
				"east": {"uv": [1, 0, 2, 16], "texture": "#0"},
				"south": {"uv": [1, 0, 2, 16], "texture": "#0"},
				"west": {"uv": [1, 0, 2, 16], "texture": "#0"},
				"up": {"uv": [1, 0, 2, 16], "texture": "#0"},
				"down": {"uv": [1, 0, 2, 16], "texture": "#0"}
			}
		},
		{
			"from": [-1, 1, -8],
			"to": [3, 2, -7],
			"faces": {
				"north": {"uv": [1, 0, 2, 16], "texture": "#0"},
				"east": {"uv": [1, 0, 2, 16], "texture": "#0"},
				"south": {"uv": [1, 0, 2, 16], "texture": "#0"},
				"west": {"uv": [1, 0, 2, 16], "texture": "#0"},
				"up": {"uv": [1, 0, 2, 16], "texture": "#0"},
				"down": {"uv": [1, 0, 2, 16], "texture": "#0"}
			}
		},
		{
			"from": [23, 1, -1],
			"to": [24, 2, 3],
			"faces": {
				"north": {"uv": [1, 0, 2, 16], "rotation": 90, "texture": "#0"},
				"east": {"uv": [1, 0, 2, 16], "rotation": 90, "texture": "#0"},
				"south": {"uv": [1, 0, 2, 16], "rotation": 90, "texture": "#0"},
				"west": {"uv": [1, 0, 2, 16], "rotation": 90, "texture": "#0"},
				"up": {"uv": [1, 0, 2, 16], "rotation": 90, "texture": "#0"},
				"down": {"uv": [1, 0, 2, 16], "rotation": 90, "texture": "#0"}
			}
		},
		{
			"from": [24, 1, 3],
			"to": [25, 2, 13],
			"faces": {
				"north": {"uv": [5, 0, 6, 16], "rotation": 90, "texture": "#0"},
				"east": {"uv": [5, 0, 6, 16], "rotation": 90, "texture": "#0"},
				"south": {"uv": [5, 0, 6, 16], "rotation": 90, "texture": "#0"},
				"west": {"uv": [5, 0, 6, 16], "rotation": 90, "texture": "#0"},
				"up": {"uv": [5, 0, 6, 16], "rotation": 90, "texture": "#0"},
				"down": {"uv": [5, 0, 6, 16], "rotation": 90, "texture": "#0"}
			}
		},
		{
			"from": [23, 1, 13],
			"to": [24, 2, 17],
			"faces": {
				"north": {"uv": [1, 0, 2, 16], "texture": "#0"},
				"east": {"uv": [1, 0, 2, 16], "texture": "#0"},
				"south": {"uv": [1, 0, 2, 16], "texture": "#0"},
				"west": {"uv": [1, 0, 2, 16], "texture": "#0"},
				"up": {"uv": [1, 0, 2, 16], "texture": "#0"},
				"down": {"uv": [1, 0, 2, 16], "texture": "#0"}
			}
		},
		{
			"from": [22, 1, 17],
			"to": [23, 2, 20],
			"faces": {
				"north": {"uv": [0, 0, 1, 16], "texture": "#0"},
				"east": {"uv": [0, 0, 1, 16], "texture": "#0"},
				"south": {"uv": [0, 0, 1, 16], "texture": "#0"},
				"west": {"uv": [0, 0, 1, 16], "texture": "#0"},
				"up": {"uv": [0, 0, 1, 16], "texture": "#0"},
				"down": {"uv": [0, 0, 1, 16], "texture": "#0"}
			}
		},
		{
			"from": [22, 1, -4],
			"to": [23, 2, -1],
			"faces": {
				"north": {"uv": [0, 0, 1, 16], "rotation": 90, "texture": "#0"},
				"east": {"uv": [0, 0, 1, 16], "rotation": 90, "texture": "#0"},
				"south": {"uv": [0, 0, 1, 16], "rotation": 90, "texture": "#0"},
				"west": {"uv": [0, 0, 1, 16], "rotation": 90, "texture": "#0"},
				"up": {"uv": [0, 0, 1, 16], "rotation": 90, "texture": "#0"},
				"down": {"uv": [0, 0, 1, 16], "rotation": 90, "texture": "#0"}
			}
		},
		{
			"from": [13, 1, 23],
			"to": [17, 2, 24],
			"faces": {
				"north": {"uv": [1, 0, 2, 16], "rotation": 180, "texture": "#0"},
				"east": {"uv": [1, 0, 2, 16], "rotation": 180, "texture": "#0"},
				"south": {"uv": [1, 0, 2, 16], "rotation": 180, "texture": "#0"},
				"west": {"uv": [1, 0, 2, 16], "rotation": 180, "texture": "#0"},
				"up": {"uv": [1, 0, 2, 16], "rotation": 180, "texture": "#0"},
				"down": {"uv": [1, 0, 2, 16], "rotation": 180, "texture": "#0"}
			}
		},
		{
			"from": [3, 1, 24],
			"to": [13, 2, 25],
			"faces": {
				"north": {"uv": [5, 0, 6, 16], "rotation": 180, "texture": "#0"},
				"east": {"uv": [5, 0, 6, 16], "rotation": 180, "texture": "#0"},
				"south": {"uv": [5, 0, 6, 16], "rotation": 180, "texture": "#0"},
				"west": {"uv": [5, 0, 6, 16], "rotation": 180, "texture": "#0"},
				"up": {"uv": [5, 0, 6, 16], "rotation": 180, "texture": "#0"},
				"down": {"uv": [5, 0, 6, 16], "rotation": 180, "texture": "#0"}
			}
		},
		{
			"from": [-1, 1, 23],
			"to": [3, 2, 24],
			"faces": {
				"north": {"uv": [1, 0, 2, 16], "rotation": 180, "texture": "#0"},
				"east": {"uv": [1, 0, 2, 16], "rotation": 180, "texture": "#0"},
				"south": {"uv": [1, 0, 2, 16], "rotation": 180, "texture": "#0"},
				"west": {"uv": [1, 0, 2, 16], "rotation": 180, "texture": "#0"},
				"up": {"uv": [1, 0, 2, 16], "rotation": 180, "texture": "#0"},
				"down": {"uv": [1, 0, 2, 16], "rotation": 180, "texture": "#0"}
			}
		},
		{
			"from": [-4, 1, 22],
			"to": [-1, 2, 23],
			"faces": {
				"north": {"uv": [0, 0, 1, 16], "rotation": 180, "texture": "#0"},
				"east": {"uv": [0, 0, 1, 16], "rotation": 180, "texture": "#0"},
				"south": {"uv": [0, 0, 1, 16], "rotation": 180, "texture": "#0"},
				"west": {"uv": [0, 0, 1, 16], "rotation": 180, "texture": "#0"},
				"up": {"uv": [0, 0, 1, 16], "rotation": 180, "texture": "#0"},
				"down": {"uv": [0, 0, 1, 16], "rotation": 180, "texture": "#0"}
			}
		},
		{
			"from": [17, 1, 22],
			"to": [20, 2, 23],
			"faces": {
				"north": {"uv": [0, 0, 1, 16], "rotation": 180, "texture": "#0"},
				"east": {"uv": [0, 0, 1, 16], "rotation": 180, "texture": "#0"},
				"south": {"uv": [0, 0, 1, 16], "rotation": 180, "texture": "#0"},
				"west": {"uv": [0, 0, 1, 16], "rotation": 180, "texture": "#0"},
				"up": {"uv": [0, 0, 1, 16], "rotation": 180, "texture": "#0"},
				"down": {"uv": [0, 0, 1, 16], "rotation": 180, "texture": "#0"}
			}
		},
		{
			"from": [-8, 1, 13],
			"to": [-7, 2, 17],
			"faces": {
				"north": {"uv": [1, 0, 2, 16], "rotation": 270, "texture": "#0"},
				"east": {"uv": [1, 0, 2, 16], "rotation": 270, "texture": "#0"},
				"south": {"uv": [1, 0, 2, 16], "rotation": 270, "texture": "#0"},
				"west": {"uv": [1, 0, 2, 16], "rotation": 270, "texture": "#0"},
				"up": {"uv": [1, 0, 2, 16], "rotation": 270, "texture": "#0"},
				"down": {"uv": [1, 0, 2, 16], "rotation": 270, "texture": "#0"}
			}
		},
		{
			"from": [-9, 1, 3],
			"to": [-8, 2, 13],
			"faces": {
				"north": {"uv": [5, 0, 6, 16], "rotation": 270, "texture": "#0"},
				"east": {"uv": [5, 0, 6, 16], "rotation": 270, "texture": "#0"},
				"south": {"uv": [5, 0, 6, 16], "rotation": 270, "texture": "#0"},
				"west": {"uv": [5, 0, 6, 16], "rotation": 270, "texture": "#0"},
				"up": {"uv": [5, 0, 6, 16], "rotation": 270, "texture": "#0"},
				"down": {"uv": [5, 0, 6, 16], "rotation": 270, "texture": "#0"}
			}
		},
		{
			"from": [-8, 1, -1],
			"to": [-7, 2, 3],
			"faces": {
				"north": {"uv": [1, 0, 2, 16], "texture": "#0"},
				"east": {"uv": [1, 0, 2, 16], "texture": "#0"},
				"south": {"uv": [1, 0, 2, 16], "texture": "#0"},
				"west": {"uv": [1, 0, 2, 16], "texture": "#0"},
				"up": {"uv": [1, 0, 2, 16], "texture": "#0"},
				"down": {"uv": [1, 0, 2, 16], "texture": "#0"}
			}
		},
		{
			"from": [-7, 1, -4],
			"to": [-6, 2, -1],
			"faces": {
				"north": {"uv": [0, 0, 1, 16], "texture": "#0"},
				"east": {"uv": [0, 0, 1, 16], "texture": "#0"},
				"south": {"uv": [0, 0, 1, 16], "texture": "#0"},
				"west": {"uv": [0, 0, 1, 16], "texture": "#0"},
				"up": {"uv": [0, 0, 1, 16], "texture": "#0"},
				"down": {"uv": [0, 0, 1, 16], "texture": "#0"}
			}
		},
		{
			"from": [-7, 1, 17],
			"to": [-6, 2, 20],
			"faces": {
				"north": {"uv": [0, 0, 1, 16], "texture": "#0"},
				"east": {"uv": [0, 0, 1, 16], "texture": "#0"},
				"south": {"uv": [0, 0, 1, 16], "texture": "#0"},
				"west": {"uv": [0, 0, 1, 16], "texture": "#0"},
				"up": {"uv": [0, 0, 1, 16], "texture": "#0"},
				"down": {"uv": [0, 0, 1, 16], "texture": "#0"}
			}
		},
		{
			"from": [-6, 1, -6],
			"to": [-4, 2, -4],
			"faces": {
				"north": {"uv": [2, 0, 3, 16], "texture": "#0"},
				"east": {"uv": [2, 0, 3, 16], "texture": "#0"},
				"south": {"uv": [2, 0, 3, 16], "texture": "#0"},
				"west": {"uv": [2, 0, 3, 16], "texture": "#0"},
				"up": {"uv": [2, 0, 3, 16], "texture": "#0"},
				"down": {"uv": [2, 0, 3, 16], "texture": "#0"}
			}
		},
		{
			"from": [-6, 1, 20],
			"to": [-4, 2, 22],
			"faces": {
				"north": {"uv": [2, 0, 3, 16], "texture": "#0"},
				"east": {"uv": [2, 0, 3, 16], "texture": "#0"},
				"south": {"uv": [2, 0, 3, 16], "texture": "#0"},
				"west": {"uv": [2, 0, 3, 16], "texture": "#0"},
				"up": {"uv": [2, 0, 3, 16], "texture": "#0"},
				"down": {"uv": [2, 0, 3, 16], "texture": "#0"}
			}
		},
		{
			"from": [20, 1, 20],
			"to": [22, 2, 22],
			"faces": {
				"north": {"uv": [2, 0, 3, 16], "texture": "#0"},
				"east": {"uv": [2, 0, 3, 16], "texture": "#0"},
				"south": {"uv": [2, 0, 3, 16], "texture": "#0"},
				"west": {"uv": [2, 0, 3, 16], "texture": "#0"},
				"up": {"uv": [2, 0, 3, 16], "texture": "#0"},
				"down": {"uv": [2, 0, 3, 16], "texture": "#0"}
			}
		},
		{
			"from": [20, 1, -6],
			"to": [22, 2, -4],
			"faces": {
				"north": {"uv": [2, 0, 3, 16], "texture": "#0"},
				"east": {"uv": [2, 0, 3, 16], "texture": "#0"},
				"south": {"uv": [2, 0, 3, 16], "texture": "#0"},
				"west": {"uv": [2, 0, 3, 16], "texture": "#0"},
				"up": {"uv": [2, 0, 3, 16], "texture": "#0"},
				"down": {"uv": [2, 0, 3, 16], "texture": "#0"}
			}
		},
		{
			"from": [-9, 0, 3],
			"to": [-8, 1, 13],
			"faces": {
				"north": {"uv": [3, 0, 4, 16], "rotation": 270, "texture": "#0"},
				"east": {"uv": [3, 0, 4, 16], "rotation": 270, "texture": "#0"},
				"south": {"uv": [3, 0, 4, 16], "rotation": 270, "texture": "#0"},
				"west": {"uv": [3, 0, 4, 16], "rotation": 270, "texture": "#0"},
				"up": {"uv": [3, 0, 4, 16], "rotation": 270, "texture": "#0"},
				"down": {"uv": [3, 0, 4, 16], "rotation": 270, "texture": "#0"}
			}
		},
		{
			"from": [-8, 0, -1],
			"to": [-7, 1, 17],
			"faces": {
				"north": {"uv": [7, 0, 8, 16], "rotation": 270, "texture": "#0"},
				"east": {"uv": [7, 0, 8, 16], "rotation": 270, "texture": "#0"},
				"south": {"uv": [7, 0, 8, 16], "rotation": 270, "texture": "#0"},
				"west": {"uv": [7, 0, 8, 16], "rotation": 270, "texture": "#0"},
				"up": {"uv": [7, 0, 8, 16], "rotation": 270, "texture": "#0"},
				"down": {"uv": [7, 0, 8, 16], "rotation": 270, "texture": "#0"}
			}
		},
		{
			"from": [-7, 0, -4],
			"to": [-6, 1, 20],
			"faces": {
				"north": {"uv": [9, 0, 10, 16], "rotation": 270, "texture": "#0"},
				"east": {"uv": [9, 0, 10, 16], "rotation": 270, "texture": "#0"},
				"south": {"uv": [9, 0, 10, 16], "rotation": 270, "texture": "#0"},
				"west": {"uv": [9, 0, 10, 16], "rotation": 270, "texture": "#0"},
				"up": {"uv": [9, 0, 10, 16], "rotation": 270, "texture": "#0"},
				"down": {"uv": [9, 0, 10, 16], "rotation": 270, "texture": "#0"}
			}
		},
		{
			"from": [3, 0, 24],
			"to": [13, 1, 25],
			"faces": {
				"north": {"uv": [3, 0, 4, 16], "texture": "#0"},
				"east": {"uv": [3, 0, 4, 16], "texture": "#0"},
				"south": {"uv": [3, 0, 4, 16], "texture": "#0"},
				"west": {"uv": [3, 0, 4, 16], "texture": "#0"},
				"up": {"uv": [3, 0, 4, 16], "texture": "#0"},
				"down": {"uv": [3, 0, 4, 16], "texture": "#0"}
			}
		},
		{
			"from": [-1, 0, 23],
			"to": [17, 1, 24],
			"faces": {
				"north": {"uv": [6, 0, 7, 16], "rotation": 180, "texture": "#0"},
				"east": {"uv": [6, 0, 7, 16], "rotation": 180, "texture": "#0"},
				"south": {"uv": [6, 0, 7, 16], "rotation": 180, "texture": "#0"},
				"west": {"uv": [6, 0, 7, 16], "rotation": 180, "texture": "#0"},
				"up": {"uv": [6, 0, 7, 16], "rotation": 180, "texture": "#0"},
				"down": {"uv": [6, 0, 7, 16], "rotation": 180, "texture": "#0"}
			}
		},
		{
			"from": [-4, 0, 22],
			"to": [20, 1, 23],
			"faces": {
				"north": {"uv": [9, 0, 10, 16], "rotation": 180, "texture": "#0"},
				"east": {"uv": [9, 0, 10, 16], "rotation": 180, "texture": "#0"},
				"south": {"uv": [9, 0, 10, 16], "rotation": 180, "texture": "#0"},
				"west": {"uv": [9, 0, 10, 16], "rotation": 180, "texture": "#0"},
				"up": {"uv": [9, 0, 10, 16], "rotation": 180, "texture": "#0"},
				"down": {"uv": [9, 0, 10, 16], "rotation": 180, "texture": "#0"}
			}
		},
		{
			"from": [24, 0, 3],
			"to": [25, 1, 13],
			"faces": {
				"north": {"uv": [3, 0, 4, 16], "rotation": 270, "texture": "#0"},
				"east": {"uv": [3, 0, 4, 16], "rotation": 270, "texture": "#0"},
				"south": {"uv": [3, 0, 4, 16], "rotation": 270, "texture": "#0"},
				"west": {"uv": [3, 0, 4, 16], "rotation": 270, "texture": "#0"},
				"up": {"uv": [3, 0, 4, 16], "rotation": 270, "texture": "#0"},
				"down": {"uv": [3, 0, 4, 16], "rotation": 270, "texture": "#0"}
			}
		},
		{
			"from": [23, 0, -1],
			"to": [24, 1, 17],
			"faces": {
				"north": {"uv": [7, 0, 8, 16], "rotation": 270, "texture": "#0"},
				"east": {"uv": [7, 0, 8, 16], "rotation": 270, "texture": "#0"},
				"south": {"uv": [7, 0, 8, 16], "rotation": 270, "texture": "#0"},
				"west": {"uv": [7, 0, 8, 16], "rotation": 270, "texture": "#0"},
				"up": {"uv": [7, 0, 8, 16], "rotation": 270, "texture": "#0"},
				"down": {"uv": [7, 0, 8, 16], "rotation": 270, "texture": "#0"}
			}
		},
		{
			"from": [22, 0, -4],
			"to": [23, 1, 20],
			"faces": {
				"north": {"uv": [9, 0, 10, 16], "rotation": 270, "texture": "#0"},
				"east": {"uv": [9, 0, 10, 16], "rotation": 270, "texture": "#0"},
				"south": {"uv": [9, 0, 10, 16], "rotation": 270, "texture": "#0"},
				"west": {"uv": [9, 0, 10, 16], "rotation": 270, "texture": "#0"},
				"up": {"uv": [9, 0, 10, 16], "rotation": 270, "texture": "#0"},
				"down": {"uv": [9, 0, 10, 16], "rotation": 270, "texture": "#0"}
			}
		},
		{
			"from": [3, 0, -9],
			"to": [13, 1, -8],
			"faces": {
				"north": {"uv": [3, 0, 4, 16], "texture": "#0"},
				"east": {"uv": [3, 0, 4, 16], "texture": "#0"},
				"south": {"uv": [3, 0, 4, 16], "texture": "#0"},
				"west": {"uv": [3, 0, 4, 16], "texture": "#0"},
				"up": {"uv": [3, 0, 4, 16], "texture": "#0"},
				"down": {"uv": [3, 0, 4, 16], "texture": "#0"}
			}
		},
		{
			"from": [-1, 0, -8],
			"to": [17, 1, -7],
			"faces": {
				"north": {"uv": [7, 0, 8, 16], "texture": "#0"},
				"east": {"uv": [7, 0, 8, 16], "texture": "#0"},
				"south": {"uv": [7, 0, 8, 16], "texture": "#0"},
				"west": {"uv": [7, 0, 8, 16], "texture": "#0"},
				"up": {"uv": [7, 0, 8, 16], "texture": "#0"},
				"down": {"uv": [7, 0, 8, 16], "texture": "#0"}
			}
		},
		{
			"from": [-4, 0, -7],
			"to": [20, 1, -6],
			"faces": {
				"north": {"uv": [9, 0, 10, 16], "texture": "#0"},
				"east": {"uv": [9, 0, 10, 16], "texture": "#0"},
				"south": {"uv": [9, 0, 10, 16], "texture": "#0"},
				"west": {"uv": [9, 0, 10, 16], "texture": "#0"},
				"up": {"uv": [9, 0, 10, 16], "texture": "#0"},
				"down": {"uv": [9, 0, 10, 16], "texture": "#0"}
			}
		},
		{
			"from": [-6, 0, -6],
			"to": [22, 1, 22],
			"faces": {
				"north": {"uv": [9, 0, 10, 16], "texture": "#0"},
				"east": {"uv": [9, 0, 10, 16], "texture": "#0"},
				"south": {"uv": [9, 0, 10, 16], "texture": "#0"},
				"west": {"uv": [9, 0, 10, 16], "texture": "#0"},
				"up": {"uv": [9, 0, 10, 16], "texture": "#0"},
				"down": {"uv": [9, 0, 10, 16], "texture": "#0"}
			}
		},
		{
			"from": [3, 1, 3],
			"to": [13, 8, 13],
			"faces": {
				"north": {"uv": [9, 0, 10, 16], "texture": "#0"},
				"east": {"uv": [9, 0, 10, 16], "texture": "#0"},
				"south": {"uv": [9, 0, 10, 16], "texture": "#0"},
				"west": {"uv": [9, 0, 10, 16], "texture": "#0"},
				"up": {"uv": [9, 0, 10, 16], "texture": "#0"},
				"down": {"uv": [9, 0, 10, 16], "texture": "#0"}
			}
		},
		{
			"from": [13, 1, 4],
			"to": [14, 7, 12],
			"faces": {
				"north": {"uv": [9, 0, 10, 16], "texture": "#0"},
				"east": {"uv": [9, 0, 10, 16], "texture": "#0"},
				"south": {"uv": [9, 0, 10, 16], "texture": "#0"},
				"west": {"uv": [9, 0, 10, 16], "texture": "#0"},
				"up": {"uv": [9, 0, 10, 16], "texture": "#0"},
				"down": {"uv": [9, 0, 10, 16], "texture": "#0"}
			}
		},
		{
			"from": [2, 1, 4],
			"to": [3, 7, 12],
			"faces": {
				"north": {"uv": [9, 0, 10, 16], "texture": "#0"},
				"east": {"uv": [9, 0, 10, 16], "texture": "#0"},
				"south": {"uv": [9, 0, 10, 16], "texture": "#0"},
				"west": {"uv": [9, 0, 10, 16], "texture": "#0"},
				"up": {"uv": [9, 0, 10, 16], "texture": "#0"},
				"down": {"uv": [9, 0, 10, 16], "texture": "#0"}
			}
		},
		{
			"from": [4, 1, 2],
			"to": [12, 7, 3],
			"faces": {
				"north": {"uv": [9, 0, 10, 16], "texture": "#0"},
				"east": {"uv": [9, 0, 10, 16], "texture": "#0"},
				"south": {"uv": [9, 0, 10, 16], "texture": "#0"},
				"west": {"uv": [9, 0, 10, 16], "texture": "#0"},
				"up": {"uv": [9, 0, 10, 16], "texture": "#0"},
				"down": {"uv": [9, 0, 10, 16], "texture": "#0"}
			}
		},
		{
			"from": [4, 1, 13],
			"to": [12, 7, 14],
			"faces": {
				"north": {"uv": [9, 0, 10, 16], "texture": "#0"},
				"east": {"uv": [9, 0, 10, 16], "texture": "#0"},
				"south": {"uv": [9, 0, 10, 16], "texture": "#0"},
				"west": {"uv": [9, 0, 10, 16], "texture": "#0"},
				"up": {"uv": [9, 0, 10, 16], "texture": "#0"},
				"down": {"uv": [9, 0, 10, 16], "texture": "#0"}
			}
		},
		{
			"from": [4, 8, 4],
			"to": [12, 10, 12],
			"faces": {
				"north": {"uv": [10, 0, 11, 16], "texture": "#0"},
				"east": {"uv": [10, 0, 11, 16], "texture": "#0"},
				"south": {"uv": [10, 0, 11, 16], "texture": "#0"},
				"west": {"uv": [10, 0, 11, 16], "texture": "#0"},
				"up": {"uv": [10, 0, 11, 16], "texture": "#0"},
				"down": {"uv": [10, 0, 11, 16], "texture": "#0"}
			}
		},
		{
			"from": [5, 10, 5],
			"to": [11, 11, 11],
			"faces": {
				"north": {"uv": [9, 0, 10, 16], "texture": "#0"},
				"east": {"uv": [9, 0, 10, 16], "texture": "#0"},
				"south": {"uv": [9, 0, 10, 16], "texture": "#0"},
				"west": {"uv": [9, 0, 10, 16], "texture": "#0"},
				"up": {"uv": [9, 0, 10, 16], "texture": "#0"},
				"down": {"uv": [9, 0, 10, 16], "texture": "#0"}
			}
		},
		{
			"from": [2, 1, 0],
			"to": [14, 2, 1],
			"faces": {
				"north": {"uv": [10, 0, 11, 16], "texture": "#0"},
				"east": {"uv": [10, 0, 11, 16], "texture": "#0"},
				"south": {"uv": [10, 0, 11, 16], "texture": "#0"},
				"west": {"uv": [10, 0, 11, 16], "texture": "#0"},
				"up": {"uv": [10, 0, 11, 16], "texture": "#0"},
				"down": {"uv": [10, 0, 11, 16], "texture": "#0"}
			}
		},
		{
			"from": [2, 1, 15],
			"to": [14, 2, 16],
			"faces": {
				"north": {"uv": [10, 0, 11, 16], "texture": "#0"},
				"east": {"uv": [10, 0, 11, 16], "texture": "#0"},
				"south": {"uv": [10, 0, 11, 16], "texture": "#0"},
				"west": {"uv": [10, 0, 11, 16], "texture": "#0"},
				"up": {"uv": [10, 0, 11, 16], "texture": "#0"},
				"down": {"uv": [10, 0, 11, 16], "texture": "#0"}
			}
		},
		{
			"from": [0, 1, 2],
			"to": [1, 2, 14],
			"faces": {
				"north": {"uv": [10, 0, 11, 16], "rotation": 90, "texture": "#0"},
				"east": {"uv": [10, 0, 11, 16], "rotation": 90, "texture": "#0"},
				"south": {"uv": [10, 0, 11, 16], "rotation": 90, "texture": "#0"},
				"west": {"uv": [10, 0, 11, 16], "rotation": 90, "texture": "#0"},
				"up": {"uv": [10, 0, 11, 16], "rotation": 90, "texture": "#0"},
				"down": {"uv": [10, 0, 11, 16], "rotation": 90, "texture": "#0"}
			}
		},
		{
			"from": [15, 1, 2],
			"to": [16, 2, 14],
			"faces": {
				"north": {"uv": [10, 0, 11, 16], "rotation": 90, "texture": "#0"},
				"east": {"uv": [10, 0, 11, 16], "rotation": 90, "texture": "#0"},
				"south": {"uv": [10, 0, 11, 16], "rotation": 90, "texture": "#0"},
				"west": {"uv": [10, 0, 11, 16], "rotation": 90, "texture": "#0"},
				"up": {"uv": [10, 0, 11, 16], "rotation": 90, "texture": "#0"},
				"down": {"uv": [10, 0, 11, 16], "rotation": 90, "texture": "#0"}
			}
		},
		{
			"from": [1, 1, 1],
			"to": [15, 2, 15],
			"faces": {
				"north": {"uv": [4, 1, 5, 16], "texture": "#0"},
				"east": {"uv": [4, 1, 5, 16], "texture": "#0"},
				"south": {"uv": [4, 1, 5, 16], "texture": "#0"},
				"west": {"uv": [4, 1, 5, 16], "texture": "#0"},
				"up": {"uv": [4, 0, 5, 16], "texture": "#0"},
				"down": {"uv": [4, 1, 5, 16], "texture": "#0"}
			}
		}
	],
	"display": {
		"ground": {
			"translation": [0, 4.25, 0]
		},
		"head": {
			"translation": [0, 13.5, 0]
		},
		"fixed": {
			"translation": [0, 3.5, 0]
		}
	},
	"groups": [
		{
			"name": "group",
			"origin": [8, 8, 8],
			"color": 0,
			"children": [
				{
					"name": "group",
					"origin": [0, 0, 0],
					"color": 0,
					"children": [
						{
							"name": "group",
							"origin": [0, 0, 0],
							"color": 0,
							"children": [0, 1, 2, 3, 4]
						},
						{
							"name": "group",
							"origin": [0, 0, 0],
							"color": 0,
							"children": [5, 6, 7, 8, 9]
						},
						{
							"name": "group",
							"origin": [0, 0, 0],
							"color": 0,
							"children": [10, 11, 12, 13, 14]
						},
						{
							"name": "group",
							"origin": [0, 0, 0],
							"color": 0,
							"children": [15, 16, 17, 18, 19]
						},
						{
							"name": "group",
							"origin": [0, 0, 0],
							"color": 0,
							"children": [20, 21, 22, 23]
						}
					]
				},
				{
					"name": "group",
					"origin": [8, 8, 8],
					"color": 0,
					"children": [
						{
							"name": "group",
							"origin": [0, 0, 0],
							"color": 0,
							"children": [24, 25, 26]
						},
						{
							"name": "group",
							"origin": [0, 0, 0],
							"color": 0,
							"children": [27, 28, 29]
						},
						{
							"name": "group",
							"origin": [0, 0, 0],
							"color": 0,
							"children": [30, 31, 32]
						},
						{
							"name": "group",
							"origin": [0, 0, 0],
							"color": 0,
							"children": [33, 34, 35]
						}
					]
				},
				36
			]
		},
		{
			"name": "group",
			"origin": [8, 8, 8],
			"color": 0,
			"children": [
				{
					"name": "group",
					"origin": [0, 0, 0],
					"color": 0,
					"children": [37, 38, 39, 40, 41, 42, 43]
				},
				{
					"name": "group",
					"origin": [0, 0, 0],
					"color": 0,
					"children": [44, 45, 46, 47, 48]
				}
			]
		}
	]
}