{
	"credit": "Made with Blockbench",
	"texture_size": [128, 128],
	"textures": {
		"0": "item/zombie_mutant_head",
		"particle": "item/zombie_mutant_head"
	},
	"elements": [
		{
			"from": [1, 1, 12],
			"to": [15, 15, 26],
			"rotation": {"angle": 0, "axis": "y", "origin": [0, -17, 11]},
			"faces": {
				"north": {"uv": [4, 1.375, 5.75, 3.125], "texture": "#0"},
				"east": {"uv": [2.25, 4, 4, 5.75], "texture": "#0"},
				"south": {"uv": [4, 3.125, 5.75, 4.875], "texture": "#0"},
				"west": {"uv": [4, 4.875, 5.75, 6.625], "texture": "#0"},
				"up": {"uv": [1.75, 7.125, 0, 5.375], "texture": "#0"},
				"down": {"uv": [7.5, 0, 5.75, 1.75], "texture": "#0"}
			}
		},
		{
			"from": [0, -13, 14],
			"to": [16, 1, 23],
			"rotation": {"angle": 0, "axis": "y", "origin": [0, -17, 11]},
			"faces": {
				"north": {"uv": [0, 2.25, 2, 4], "texture": "#0"},
				"east": {"uv": [5.75, 4.625, 6.875, 6.375], "texture": "#0"},
				"south": {"uv": [2, 2.25, 4, 4], "texture": "#0"},
				"west": {"uv": [5.75, 6.375, 6.875, 8.125], "texture": "#0"},
				"up": {"uv": [3.75, 6.875, 1.75, 5.75], "texture": "#0"},
				"down": {"uv": [7.75, 3.5, 5.75, 4.625], "texture": "#0"}
			}
		},
		{
			"from": [-1, -16, 13],
			"to": [17, -13, 24],
			"rotation": {"angle": 0, "axis": "y", "origin": [0, -17, 11]},
			"faces": {
				"north": {"uv": [0, 7.5, 2.25, 7.875], "texture": "#0"},
				"east": {"uv": [0, 7.125, 1.375, 7.5], "texture": "#0"},
				"south": {"uv": [7.5, 0, 9.75, 0.375], "texture": "#0"},
				"west": {"uv": [7.5, 0.375, 8.875, 0.75], "texture": "#0"},
				"up": {"uv": [5.75, 1.375, 3.5, 0], "texture": "#0"},
				"down": {"uv": [2.25, 4, 0, 5.375], "texture": "#0"}
			}
		},
		{
			"from": [-6, -10, 23],
			"to": [22, -1, 27],
			"rotation": {"angle": 0, "axis": "y", "origin": [0, -17, 11]},
			"faces": {
				"north": {"uv": [0, 0, 3.5, 1.125], "texture": "#0"},
				"east": {"uv": [4.75, 6.625, 5.25, 7.75], "texture": "#0"},
				"south": {"uv": [0, 1.125, 3.5, 2.25], "texture": "#0"},
				"west": {"uv": [5.25, 6.625, 5.75, 7.75], "texture": "#0"},
				"up": {"uv": [10.375, 5.75, 6.875, 5.25], "texture": "#0"},
				"down": {"uv": [10.375, 5.75, 6.875, 6.25], "texture": "#0"}
			}
		},
		{
			"from": [3, -1, 23],
			"to": [13, 1, 25],
			"rotation": {"angle": 0, "axis": "y", "origin": [0, -17, 11]},
			"faces": {
				"north": {"uv": [7.5, 1.25, 8.75, 1.5], "texture": "#0"},
				"east": {"uv": [1.75, 5.375, 2, 5.625], "texture": "#0"},
				"south": {"uv": [7.5, 1.5, 8.75, 1.75], "texture": "#0"},
				"west": {"uv": [2, 5.375, 2.25, 5.625], "texture": "#0"},
				"up": {"uv": [3.5, 7.75, 2.25, 7.5], "texture": "#0"},
				"down": {"uv": [4.75, 7.5, 3.5, 7.75], "texture": "#0"}
			}
		},
		{
			"from": [-5, -9, 27],
			"to": [21, -2, 28],
			"rotation": {"angle": 0, "axis": "y", "origin": [0, -17, 11]},
			"faces": {
				"north": {"uv": [5.75, 1.75, 9, 2.625], "texture": "#0"},
				"east": {"uv": [3.875, 1.375, 4, 2.25], "texture": "#0"},
				"south": {"uv": [5.75, 2.625, 9, 3.5], "texture": "#0"},
				"west": {"uv": [2.75, 8.75, 2.875, 9.625], "texture": "#0"},
				"up": {"uv": [10.75, 0.875, 7.5, 0.75], "texture": "#0"},
				"down": {"uv": [10.75, 0.875, 7.5, 1], "texture": "#0"}
			}
		},
		{
			"from": [-4, -8, 28],
			"to": [20, -3, 29],
			"rotation": {"angle": 0, "axis": "y", "origin": [0, -17, 11]},
			"faces": {
				"north": {"uv": [1.75, 6.875, 4.75, 7.5], "texture": "#0"},
				"east": {"uv": [2.875, 8.75, 3, 9.375], "texture": "#0"},
				"south": {"uv": [6.875, 4.625, 9.875, 5.25], "texture": "#0"},
				"west": {"uv": [3, 8.75, 3.125, 9.375], "texture": "#0"},
				"up": {"uv": [10.5, 1.125, 7.5, 1], "texture": "#0"},
				"down": {"uv": [10.5, 1.125, 7.5, 1.25], "texture": "#0"}
			}
		},
		{
			"from": [-3, -13, 23],
			"to": [19, -10, 26],
			"rotation": {"angle": 0, "axis": "y", "origin": [0, -17, 11]},
			"faces": {
				"north": {"uv": [6.875, 6.25, 9.625, 6.625], "texture": "#0"},
				"east": {"uv": [3.5, 1.375, 3.875, 1.75], "texture": "#0"},
				"south": {"uv": [6.875, 6.625, 9.625, 7], "texture": "#0"},
				"west": {"uv": [3.5, 1.75, 3.875, 2.125], "texture": "#0"},
				"up": {"uv": [9.625, 7.375, 6.875, 7], "texture": "#0"},
				"down": {"uv": [9.625, 7.375, 6.875, 7.75], "texture": "#0"}
			}
		},
		{
			"from": [16, 19, 22],
			"to": [17, 27, 24],
			"faces": {
				"north": {"uv": [2, 7.875, 2.125, 8.875], "texture": "#0"},
				"east": {"uv": [3.75, 5.75, 4, 6.75], "texture": "#0"},
				"south": {"uv": [2.125, 7.875, 2.25, 8.875], "texture": "#0"},
				"west": {"uv": [2.25, 7.75, 2.5, 8.75], "texture": "#0"},
				"up": {"uv": [4.125, 6.875, 4, 6.625], "texture": "#0"},
				"down": {"uv": [4.25, 6.625, 4.125, 6.875], "texture": "#0"}
			}
		},
		{
			"from": [15, 13, 22],
			"to": [16, 21, 24],
			"faces": {
				"north": {"uv": [7.875, 7.75, 8, 8.75], "texture": "#0"},
				"east": {"uv": [2.5, 7.75, 2.75, 8.75], "texture": "#0"},
				"south": {"uv": [8, 3.5, 8.125, 4.5], "texture": "#0"},
				"west": {"uv": [2.75, 7.75, 3, 8.75], "texture": "#0"},
				"up": {"uv": [4.375, 6.875, 4.25, 6.625], "texture": "#0"},
				"down": {"uv": [4.5, 6.625, 4.375, 6.875], "texture": "#0"}
			}
		},
		{
			"from": [15, 10, 14],
			"to": [16, 18, 16],
			"faces": {
				"north": {"uv": [8, 7.75, 8.125, 8.75], "texture": "#0"},
				"east": {"uv": [3, 7.75, 3.25, 8.75], "texture": "#0"},
				"south": {"uv": [8.125, 3.5, 8.25, 4.5], "texture": "#0"},
				"west": {"uv": [3.25, 7.75, 3.5, 8.75], "texture": "#0"},
				"up": {"uv": [4.625, 6.875, 4.5, 6.625], "texture": "#0"},
				"down": {"uv": [4.75, 6.625, 4.625, 6.875], "texture": "#0"}
			}
		},
		{
			"from": [13, 18, 17],
			"to": [14, 26, 19],
			"faces": {
				"north": {"uv": [5.75, 8.125, 5.875, 9.125], "texture": "#0"},
				"east": {"uv": [3.5, 7.75, 3.75, 8.75], "texture": "#0"},
				"south": {"uv": [5.875, 8.125, 6, 9.125], "texture": "#0"},
				"west": {"uv": [7.75, 3.5, 8, 4.5], "texture": "#0"},
				"up": {"uv": [1.5, 7.375, 1.375, 7.125], "texture": "#0"},
				"down": {"uv": [1.625, 7.125, 1.5, 7.375], "texture": "#0"}
			}
		},
		{
			"from": [5, 21, 20],
			"to": [6, 29, 22],
			"faces": {
				"north": {"uv": [6, 8.125, 6.125, 9.125], "texture": "#0"},
				"east": {"uv": [3.75, 7.75, 4, 8.75], "texture": "#0"},
				"south": {"uv": [6.125, 8.125, 6.25, 9.125], "texture": "#0"},
				"west": {"uv": [4, 7.75, 4.25, 8.75], "texture": "#0"},
				"up": {"uv": [1.75, 7.375, 1.625, 7.125], "texture": "#0"},
				"down": {"uv": [8.875, 1.25, 8.75, 1.5], "texture": "#0"}
			}
		},
		{
			"from": [0, 13, 13],
			"to": [1, 21, 15],
			"faces": {
				"north": {"uv": [6.25, 8.125, 6.375, 9.125], "texture": "#0"},
				"east": {"uv": [4.25, 7.75, 4.5, 8.75], "texture": "#0"},
				"south": {"uv": [6.375, 8.125, 6.5, 9.125], "texture": "#0"},
				"west": {"uv": [4.5, 7.75, 4.75, 8.75], "texture": "#0"},
				"up": {"uv": [8.875, 1.75, 8.75, 1.5], "texture": "#0"},
				"down": {"uv": [3.25, 8.75, 3.125, 9], "texture": "#0"}
			}
		},
		{
			"from": [-1, 19, 13],
			"to": [0, 27, 15],
			"faces": {
				"north": {"uv": [6.5, 8.125, 6.625, 9.125], "texture": "#0"},
				"east": {"uv": [4.75, 7.75, 5, 8.75], "texture": "#0"},
				"south": {"uv": [6.625, 8.125, 6.75, 9.125], "texture": "#0"},
				"west": {"uv": [5, 7.75, 5.25, 8.75], "texture": "#0"},
				"up": {"uv": [3.375, 9, 3.25, 8.75], "texture": "#0"},
				"down": {"uv": [3.5, 8.75, 3.375, 9], "texture": "#0"}
			}
		},
		{
			"from": [0, 14, 21],
			"to": [1, 22, 23],
			"faces": {
				"north": {"uv": [6.75, 8.125, 6.875, 9.125], "texture": "#0"},
				"east": {"uv": [5.25, 7.75, 5.5, 8.75], "texture": "#0"},
				"south": {"uv": [8.125, 7.75, 8.25, 8.75], "texture": "#0"},
				"west": {"uv": [5.5, 7.75, 5.75, 8.75], "texture": "#0"},
				"up": {"uv": [3.625, 9, 3.5, 8.75], "texture": "#0"},
				"down": {"uv": [8.875, 3.5, 8.75, 3.75], "texture": "#0"}
			}
		},
		{
			"from": [-1, 20, 21],
			"to": [0, 28, 23],
			"faces": {
				"north": {"uv": [8.25, 3.5, 8.375, 4.5], "texture": "#0"},
				"east": {"uv": [6.875, 7.75, 7.125, 8.75], "texture": "#0"},
				"south": {"uv": [8.25, 7.75, 8.375, 8.75], "texture": "#0"},
				"west": {"uv": [7.125, 7.75, 7.375, 8.75], "texture": "#0"},
				"up": {"uv": [3.75, 9, 3.625, 8.75], "texture": "#0"},
				"down": {"uv": [3.875, 8.75, 3.75, 9], "texture": "#0"}
			}
		},
		{
			"from": [3, 12, 16],
			"to": [4, 20, 18],
			"faces": {
				"north": {"uv": [8.375, 3.5, 8.5, 4.5], "texture": "#0"},
				"east": {"uv": [7.375, 7.75, 7.625, 8.75], "texture": "#0"},
				"south": {"uv": [8.375, 7.75, 8.5, 8.75], "texture": "#0"},
				"west": {"uv": [7.625, 7.75, 7.875, 8.75], "texture": "#0"},
				"up": {"uv": [8.875, 4, 8.75, 3.75], "texture": "#0"},
				"down": {"uv": [4, 8.75, 3.875, 9], "texture": "#0"}
			}
		},
		{
			"from": [2, 18, 16],
			"to": [3, 26, 18],
			"faces": {
				"north": {"uv": [8.5, 3.5, 8.625, 4.5], "texture": "#0"},
				"east": {"uv": [0, 7.875, 0.25, 8.875], "texture": "#0"},
				"south": {"uv": [8.5, 7.75, 8.625, 8.75], "texture": "#0"},
				"west": {"uv": [0.25, 7.875, 0.5, 8.875], "texture": "#0"},
				"up": {"uv": [4.125, 9, 4, 8.75], "texture": "#0"},
				"down": {"uv": [8.875, 4, 8.75, 4.25], "texture": "#0"}
			}
		},
		{
			"from": [16, 15.6, 14],
			"to": [17, 23.6, 16],
			"faces": {
				"north": {"uv": [8.625, 3.5, 8.75, 4.5], "texture": "#0"},
				"east": {"uv": [0.5, 7.875, 0.75, 8.875], "texture": "#0"},
				"south": {"uv": [8.625, 7.75, 8.75, 8.75], "texture": "#0"},
				"west": {"uv": [0.75, 7.875, 1, 8.875], "texture": "#0"},
				"up": {"uv": [4.25, 9, 4.125, 8.75], "texture": "#0"},
				"down": {"uv": [4.375, 8.75, 4.25, 9], "texture": "#0"}
			}
		},
		{
			"from": [12, 12, 17],
			"to": [13, 20, 19],
			"faces": {
				"north": {"uv": [2.25, 8.75, 2.375, 9.75], "texture": "#0"},
				"east": {"uv": [1, 7.875, 1.25, 8.875], "texture": "#0"},
				"south": {"uv": [2.375, 8.75, 2.5, 9.75], "texture": "#0"},
				"west": {"uv": [1.25, 7.875, 1.5, 8.875], "texture": "#0"},
				"up": {"uv": [8.875, 4.5, 8.75, 4.25], "texture": "#0"},
				"down": {"uv": [4.5, 8.75, 4.375, 9], "texture": "#0"}
			}
		},
		{
			"from": [6, 15, 20],
			"to": [7, 23, 22],
			"faces": {
				"north": {"uv": [2.5, 8.75, 2.625, 9.75], "texture": "#0"},
				"east": {"uv": [1.5, 7.875, 1.75, 8.875], "texture": "#0"},
				"south": {"uv": [2.625, 8.75, 2.75, 9.75], "texture": "#0"},
				"west": {"uv": [1.75, 7.875, 2, 8.875], "texture": "#0"},
				"up": {"uv": [4.625, 9, 4.5, 8.75], "texture": "#0"},
				"down": {"uv": [4.75, 8.75, 4.625, 9], "texture": "#0"}
			}
		}
	],
	"display": {
		"thirdperson_righthand": {
			"rotation": [-69, 180, 0],
			"translation": [0, 5.25, -4.75],
			"scale": [0.35, 0.35, 0.35]
		},
		"thirdperson_lefthand": {
			"rotation": [-16, 0, 0],
			"translation": [-1.5, 3, -8.75],
			"scale": [0.4, 0.4, 0.4]
		},
		"firstperson_righthand": {
			"rotation": [135, 0, 180],
			"translation": [5.75, 4, -11],
			"scale": [0.4, 0.4, 0.4]
		},
		"ground": {
			"rotation": [34, 0, 0],
			"translation": [0, 9.25, 0],
			"scale": [0.5, 0.5, 0.5]
		},
		"gui": {
			"rotation": [-180, 0, 180],
			"translation": [0, 2.5, 0],
			"scale": [0.5, 0.5, 0.5]
		},
		"head": {
			"translation": [0, 0, -10.75]
		},
		"fixed": {
			"translation": [0, 3, -7.75],
			"scale": [0.6, 0.6, 0.6]
		}
	},
	"groups": [
		{
			"name": "group",
			"origin": [0, 0, 0],
			"color": 0,
			"children": [
				0,
				1,
				2,
				3,
				4,
				5,
				6,
				7,
				{
					"name": "group",
					"origin": [0, 0, 0],
					"color": 0,
					"children": [
						8,
						9,
						10,
						{
							"name": "group",
							"origin": [0, 0, 0],
							"color": 0,
							"children": [11, 12, 13, 14, 15, 16, 17, 18, 19, 20, 21]
						}
					]
				}
			]
		}
	]
}