{
    "type": "minecraft:tree",
    "config": {
      "force_dirt": false,
      "minimum_size": {
        "type": "minecraft:two_layers_feature_size"
      },
      "dirt_provider": {
        "type": "minecraft:simple_state_provider",
        "state": {
          "Name": "minecraft:rooted_dirt"
        }
      },
      "trunk_provider": {
        "type": "minecraft:simple_state_provider",
        "state": {
          "Name": "minecraft:oak_wood"
        }
      },
      "foliage_provider": {
        "type": "minecraft:weighted_state_provider",
        "entries": [
          {
            "weight": 1,
            "data": {
              "Name": "minecraft:oak_leaves"
            }
          },
          {
            "weight": 1,
            "data": {
              "Name": "minecraft:jungle_leaves"
            }
          },
          {
            "weight": 1,
            "data": {
              "Name": "minecraft:mangrove_leaves"
            }
          },
          {
            "weight": 1,
            "data": {
              "Name": "minecraft:air"
            }
          }
        ]
      },
      "trunk_placer": {
        "type": "minecraft:straight_trunk_placer",
        "base_height": 1,
        "height_rand_a": 0,
        "height_rand_b": 0
      },
      "foliage_placer": {
        "type": "minecraft:bush_foliage_placer",
        "radius": {
          "type": "minecraft:uniform",
          "value": {
            "min_inclusive": 2,
            "max_inclusive": 3
          }
        },
        "offset": 0,
        "height": 2
      },
      "decorators": [
       
      ]
    }
  }
  