{
    "type": "minecraft:tree",
    "config": {
      "minimum_size": {
        "type": "minecraft:two_layers_feature_size"
      },
      "dirt_provider": {
        "type": "minecraft:simple_state_provider",
        "state": {
          "Name": "minecraft:dirt"
        }
      },
      "trunk_provider": {
        "type": "minecraft:weighted_state_provider",
        "entries": [
          {
            "weight": 1,
            "data": {
              "Name": "minecraft:shroomlight"
            }
          },
          {
            "weight": 1,
            "data": {
              "Name": "minecraft:pink_glazed_terracotta"
            }
          },
          {
            "weight": 1,
            "data": {
              "Name": "minecraft:pink_concrete"
            }
          },
          {
            "weight": 5,
            "data": {
              "Name": "minecraft:cherry_wood"
            }
          }
        ]
      },
      "foliage_provider": {
        "type": "minecraft:weighted_state_provider",
        "entries": [
          {
            "weight": 5,
            "data": {
              "Name": "minecraft:oak_leaves"
            }
          },
          {
            "weight": 1,
            "data": {
              "Name": "minecraft:cherry_leaves"
            }
          }
        ]
      },
      "trunk_placer": {
        "type": "minecraft:fancy_trunk_placer",
        "base_height": 30,
        "height_rand_a": 1,
        "height_rand_b": 10
      },
      "foliage_placer": {
        "type": "minecraft:cherry_foliage_placer",
        "radius": {
          "type": "minecraft:uniform",
          "value": {
            "min_inclusive": 3,
            "max_inclusive": 4  
          }
        },
        "offset": {
          "type": "minecraft:uniform",
          "value": {
            "min_inclusive": 0,
            "max_inclusive": 3
          }
        },
        "height": {
          "type": "minecraft:uniform",
          "value": {
            "min_inclusive": 4,
            "max_inclusive": 5
          }
        },
        "wide_bottom_layer_hole_chance": 0.2,
        "corner_hole_chance": 0.2,
        "hanging_leaves_chance": 0.3,
        "hanging_leaves_extension_chance": 0.9
      },
      "decorators": []
    }
  }
  