{
	"type": "minecraft:tree",
	"config": {
		"ignore_vines": true,
		"force_dirt": false,
		"minimum_size": {
			"type": "minecraft:two_layers_feature_size"
		},
		"dirt_provider": {
			"type": "minecraft:simple_state_provider",
			"state": {
				"Name": "minecraft:end_stone"
			}
		},
		"trunk_provider": {
			"type": "minecraft:simple_state_provider",
			"state": {
				"Name": "minecraft:purpur_pillar",
				"Properties": {
					"axis": "y"
				}
			}
		},
		"foliage_provider": {
			"type": "minecraft:simple_state_provider",
			"state": {
				"Name": "minecraft:glowstone"
			}
		},
		"trunk_placer": {
			"type": "minecraft:fancy_trunk_placer",
			"base_height": 17,
			"height_rand_a": 17,
			"height_rand_b": 7
		},
		"foliage_placer": {
			"type": "minecraft:fancy_foliage_placer",
			"radius": {
				"type": "minecraft:uniform",
				"value": {
					"min_inclusive": 2,
					"max_inclusive": 3
				}
			},
			"offset": 0,
			"height": 3
		},
		"decorators": [
			{
				"type": "minecraft:leave_vine",
				"probability": 0.09
			}
		]
	}
}
