{
    "type": "minecraft:disk",
    "config": {
      "state_provider": {
        "fallback": {
          "type": "minecraft:simple_state_provider",
          "state": {
            "Name": "minecraft:grass_block"
          }
        },
        "rules": [
          {
            "if_true": {
              "type": "minecraft:not",
              "predicate": {
                "type": "minecraft:any_of",
                "predicates": [
                  {
                    "type": "minecraft:solid"
                  }
                ]
              }
            },
            "then": {
              "type": "minecraft:simple_state_provider",
              "state": {
                "Name": "minecraft:grass_block",
                "Properties": {
                  "snowy": "false"
                }
              }
            }
          }
        ]
      },
      "target": {
        "type": "minecraft:matching_blocks",
        "blocks": [
          "minecraft:stone"
        ]
      },
      "radius": {
        "type": "minecraft:uniform",
        "value": {
          "min_inclusive": 2,
          "max_inclusive": 6
        }
      },
      "half_height": 1
    }
  }
  