{
	"type": "minecraft:tree",
	"config": {
		"force_dirt": false,
		"minimum_size": {
			"type": "minecraft:two_layers_feature_size"
		},
		"dirt_provider": {
			"type": "minecraft:simple_state_provider",
			"state": {
				"Name": "minecraft:dirt"
			}
		},
		"trunk_provider": {
			"type": "minecraft:simple_state_provider",
			"state": {
				"Name": "minecraft:warped_hyphae",
				"Properties": {
					"axis": "y"
				}
			}
		},
		"foliage_provider": {
			"type": "minecraft:simple_state_provider",
			"state": {
				"Name": "minecraft:oak_leaves",
				"Properties": {
					"persistent": "true",
					"waterlogged": "false",
					"distance": "7"
				}
			}
		},
		"trunk_placer": {
			"type": "minecraft:upwards_branching_trunk_placer",
			"base_height": 6,
			"height_rand_a": 10,
			"height_rand_b": 2,
			"extra_branch_steps": {
				"type": "minecraft:uniform",
				"value": {
					"min_inclusive": 1,
					"max_inclusive": 3
				}
			},
			"extra_branch_length": {
				"type": "minecraft:uniform",
				"value": {
					"min_inclusive": 1,
					"max_inclusive": 4
				}
			},
			"place_branch_per_log_probability": 0.1,
			"can_grow_through": "minecraft:air"
		},
		"foliage_placer": {
			"type": "minecraft:fancy_foliage_placer",
			"radius": {
				"type": "minecraft:uniform",
				"value": {
					"min_inclusive": 3,
					"max_inclusive": 4
				}
			},
			"offset": 0,
			"height": 0
		},
		"decorators": []
	}
}
