{
	"credit": "Made with Blockbench",
	"textures": {
		"0": "item/shell",
		"2": "item/golem"
	},
	"elements": [
		{
			"from": [6, 0, 4],
			"to": [9, 1, 5],
			"faces": {
				"north": {"uv": [6, 5.5, 6.75, 5.75], "texture": "#0"},
				"east": {"uv": [8, 2.5, 8.25, 2.75], "texture": "#0"},
				"south": {"uv": [6.25, 3.5, 7, 3.75], "texture": "#0"},
				"west": {"uv": [8, 5.5, 8.25, 5.75], "texture": "#0"},
				"up": {"uv": [4.5, 6.5, 3.75, 6.25], "texture": "#0"},
				"down": {"uv": [7, 6, 6.25, 6.25], "texture": "#0"}
			}
		},
		{
			"from": [5, 0, 5],
			"to": [10, 1, 12],
			"faces": {
				"north": {"uv": [0, 4.75, 1.25, 5], "texture": "#0"},
				"east": {"uv": [1.5, 3.5, 3.25, 3.75], "texture": "#0"},
				"south": {"uv": [0, 5, 1.25, 5.25], "texture": "#0"},
				"west": {"uv": [3.25, 3.5, 5, 3.75], "texture": "#0"},
				"up": {"uv": [1.25, 1.75, 0, 0], "texture": "#0"},
				"down": {"uv": [2.5, 0, 1.25, 1.75], "texture": "#0"}
			}
		},
		{
			"from": [3, 0, 7],
			"to": [4, 1, 10],
			"faces": {
				"north": {"uv": [8, 7.25, 8.25, 7.5], "texture": "#0"},
				"east": {"uv": [6.25, 6.25, 7, 6.5], "texture": "#0"},
				"south": {"uv": [1.25, 8.25, 1.5, 8.5], "texture": "#0"},
				"west": {"uv": [1.75, 6.5, 2.5, 6.75], "texture": "#0"},
				"up": {"uv": [3.5, 7, 3.25, 6.25], "texture": "#0"},
				"down": {"uv": [4.75, 6.25, 4.5, 7], "texture": "#0"}
			}
		},
		{
			"from": [11, 0, 7],
			"to": [12, 1, 10],
			"faces": {
				"north": {"uv": [8.25, 1.25, 8.5, 1.5], "texture": "#0"},
				"east": {"uv": [3.75, 6.5, 4.5, 6.75], "texture": "#0"},
				"south": {"uv": [8.25, 1.5, 8.5, 1.75], "texture": "#0"},
				"west": {"uv": [6.5, 5, 7.25, 5.25], "texture": "#0"},
				"up": {"uv": [2.75, 7.25, 2.5, 6.5], "texture": "#0"},
				"down": {"uv": [3, 6.5, 2.75, 7.25], "texture": "#0"}
			}
		},
		{
			"from": [4, 0, 6],
			"to": [5, 1, 11],
			"faces": {
				"north": {"uv": [8.25, 1.75, 8.5, 2], "texture": "#0"},
				"east": {"uv": [1.75, 5, 3, 5.25], "texture": "#0"},
				"south": {"uv": [8.25, 2, 8.5, 2.25], "texture": "#0"},
				"west": {"uv": [5, 3.5, 6.25, 3.75], "texture": "#0"},
				"up": {"uv": [1.5, 6, 1.25, 4.75], "texture": "#0"},
				"down": {"uv": [3.25, 5, 3, 6.25], "texture": "#0"}
			}
		},
		{
			"from": [10, 0, 6],
			"to": [11, 1, 11],
			"faces": {
				"north": {"uv": [8.25, 2.25, 8.5, 2.5], "texture": "#0"},
				"east": {"uv": [4, 5, 5.25, 5.25], "texture": "#0"},
				"south": {"uv": [8.25, 2.5, 8.5, 2.75], "texture": "#0"},
				"west": {"uv": [0, 5.25, 1.25, 5.5], "texture": "#0"},
				"up": {"uv": [3.5, 6.25, 3.25, 5], "texture": "#0"},
				"down": {"uv": [2, 5.25, 1.75, 6.5], "texture": "#0"}
			}
		},
		{
			"from": [6, 0, 12],
			"to": [9, 1, 13],
			"faces": {
				"north": {"uv": [6.5, 5.25, 7.25, 5.5], "texture": "#0"},
				"east": {"uv": [2.75, 8.25, 3, 8.5], "texture": "#0"},
				"south": {"uv": [6.5, 5.75, 7.25, 6], "texture": "#0"},
				"west": {"uv": [8.25, 2.75, 8.5, 3], "texture": "#0"},
				"up": {"uv": [7, 6.75, 6.25, 6.5], "texture": "#0"},
				"down": {"uv": [7.5, 0, 6.75, 0.25], "texture": "#0"}
			}
		},
		{
			"from": [9, 1, 7],
			"to": [10, 2, 10],
			"faces": {
				"north": {"uv": [3, 8.25, 3.25, 8.5], "texture": "#0"},
				"east": {"uv": [6.75, 0.25, 7.5, 0.5], "texture": "#0"},
				"south": {"uv": [8.25, 3, 8.5, 3.25], "texture": "#0"},
				"west": {"uv": [6.75, 0.5, 7.5, 0.75], "texture": "#0"},
				"up": {"uv": [7, 1.5, 6.75, 0.75], "texture": "#0"},
				"down": {"uv": [1.75, 6.75, 1.5, 7.5], "texture": "#0"}
			}
		},
		{
			"from": [6, 1, 6],
			"to": [9, 2, 11],
			"faces": {
				"north": {"uv": [1.75, 6.75, 2.5, 7], "texture": "#0"},
				"east": {"uv": [4, 5.25, 5.25, 5.5], "texture": "#0"},
				"south": {"uv": [6.75, 3.25, 7.5, 3.5], "texture": "#0"},
				"west": {"uv": [5.25, 5, 6.5, 5.25], "texture": "#0"},
				"up": {"uv": [0.75, 4.75, 0, 3.5], "texture": "#0"},
				"down": {"uv": [1.5, 3.5, 0.75, 4.75], "texture": "#0"}
			}
		},
		{
			"from": [5, 1, 7],
			"to": [6, 2, 10],
			"faces": {
				"north": {"uv": [8.25, 3.25, 8.5, 3.5], "texture": "#0"},
				"east": {"uv": [3.75, 6.75, 4.5, 7], "texture": "#0"},
				"south": {"uv": [8.25, 3.5, 8.5, 3.75], "texture": "#0"},
				"west": {"uv": [6.75, 5.5, 7.5, 5.75], "texture": "#0"},
				"up": {"uv": [6.5, 7.5, 6.25, 6.75], "texture": "#0"},
				"down": {"uv": [6.75, 6.75, 6.5, 7.5], "texture": "#0"}
			}
		},
		{
			"from": [6, 2, 4],
			"to": [9, 3, 5],
			"rotation": {"angle": 0, "axis": "y", "origin": [0, 2, 0]},
			"faces": {
				"north": {"uv": [6.75, 6.75, 7.5, 7], "texture": "#0"},
				"east": {"uv": [8.25, 3.75, 8.5, 4], "texture": "#0"},
				"south": {"uv": [7, 0.75, 7.75, 1], "texture": "#0"},
				"west": {"uv": [4, 8.25, 4.25, 8.5], "texture": "#0"},
				"up": {"uv": [7.75, 1.25, 7, 1], "texture": "#0"},
				"down": {"uv": [7.75, 1.25, 7, 1.5], "texture": "#0"}
			}
		},
		{
			"from": [5, 2, 5],
			"to": [10, 3, 12],
			"rotation": {"angle": 0, "axis": "y", "origin": [0, 2, 0]},
			"faces": {
				"north": {"uv": [5.25, 5.25, 6.5, 5.5], "texture": "#0"},
				"east": {"uv": [3.75, 0, 5.5, 0.25], "texture": "#0"},
				"south": {"uv": [0, 5.5, 1.25, 5.75], "texture": "#0"},
				"west": {"uv": [3.75, 0.25, 5.5, 0.5], "texture": "#0"},
				"up": {"uv": [1.25, 3.5, 0, 1.75], "texture": "#0"},
				"down": {"uv": [2.5, 1.75, 1.25, 3.5], "texture": "#0"}
			}
		},
		{
			"from": [3, 2, 7],
			"to": [4, 3, 10],
			"rotation": {"angle": 0, "axis": "y", "origin": [0, 2, 0]},
			"faces": {
				"north": {"uv": [8.25, 4, 8.5, 4.25], "texture": "#0"},
				"east": {"uv": [7, 1.5, 7.75, 1.75], "texture": "#0"},
				"south": {"uv": [8.25, 4.25, 8.5, 4.5], "texture": "#0"},
				"west": {"uv": [1.75, 7, 2.5, 7.25], "texture": "#0"},
				"up": {"uv": [1.5, 7.75, 1.25, 7], "texture": "#0"},
				"down": {"uv": [7.25, 2.5, 7, 3.25], "texture": "#0"}
			}
		},
		{
			"from": [11, 2, 7],
			"to": [12, 3, 10],
			"rotation": {"angle": 0, "axis": "y", "origin": [0, 2, 0]},
			"faces": {
				"north": {"uv": [8.25, 4.5, 8.5, 4.75], "texture": "#0"},
				"east": {"uv": [7, 1.75, 7.75, 2], "texture": "#0"},
				"south": {"uv": [8.25, 4.75, 8.5, 5], "texture": "#0"},
				"west": {"uv": [3.25, 7, 4, 7.25], "texture": "#0"},
				"up": {"uv": [7.25, 4.25, 7, 3.5], "texture": "#0"},
				"down": {"uv": [4.25, 7, 4, 7.75], "texture": "#0"}
			}
		},
		{
			"from": [10, 2, 6],
			"to": [11, 3, 11],
			"rotation": {"angle": 0, "axis": "y", "origin": [0, 2, 0]},
			"faces": {
				"north": {"uv": [8.25, 5, 8.5, 5.25], "texture": "#0"},
				"east": {"uv": [5.5, 0, 6.75, 0.25], "texture": "#0"},
				"south": {"uv": [8.25, 5.25, 8.5, 5.5], "texture": "#0"},
				"west": {"uv": [5.5, 0.25, 6.75, 0.5], "texture": "#0"},
				"up": {"uv": [2.25, 6.5, 2, 5.25], "texture": "#0"},
				"down": {"uv": [2.5, 5.25, 2.25, 6.5], "texture": "#0"}
			}
		},
		{
			"from": [4, 2, 6],
			"to": [5, 3, 11],
			"rotation": {"angle": 0, "axis": "y", "origin": [0, 2, 0]},
			"faces": {
				"north": {"uv": [8.25, 5.5, 8.5, 5.75], "texture": "#0"},
				"east": {"uv": [5.5, 0.5, 6.75, 0.75], "texture": "#0"},
				"south": {"uv": [5.75, 8.25, 6, 8.5], "texture": "#0"},
				"west": {"uv": [5.5, 0.75, 6.75, 1], "texture": "#0"},
				"up": {"uv": [2.75, 6.5, 2.5, 5.25], "texture": "#0"},
				"down": {"uv": [3, 5.25, 2.75, 6.5], "texture": "#0"}
			}
		},
		{
			"from": [6, 2, 12],
			"to": [9, 3, 13],
			"rotation": {"angle": 0, "axis": "y", "origin": [0, 2, 0]},
			"faces": {
				"north": {"uv": [4.25, 7, 5, 7.25], "texture": "#0"},
				"east": {"uv": [8.25, 5.75, 8.5, 6], "texture": "#0"},
				"south": {"uv": [7, 4.25, 7.75, 4.5], "texture": "#0"},
				"west": {"uv": [6, 8.25, 6.25, 8.5], "texture": "#0"},
				"up": {"uv": [7.75, 4.75, 7, 4.5], "texture": "#0"},
				"down": {"uv": [7.75, 4.75, 7, 5], "texture": "#0"}
			}
		},
		{
			"from": [5, 3, 4],
			"to": [10, 4, 5],
			"rotation": {"angle": 0, "axis": "y", "origin": [0, 3, 0]},
			"faces": {
				"north": {"uv": [5.5, 1, 6.75, 1.25], "texture": "#0"},
				"east": {"uv": [8.25, 6, 8.5, 6.25], "texture": "#0"},
				"south": {"uv": [5.5, 1.25, 6.75, 1.5], "texture": "#0"},
				"west": {"uv": [8.25, 6.25, 8.5, 6.5], "texture": "#0"},
				"up": {"uv": [6.75, 3.5, 5.5, 3.25], "texture": "#0"},
				"down": {"uv": [4.75, 5.5, 3.5, 5.75], "texture": "#0"}
			}
		},
		{
			"from": [5, 3, 5],
			"to": [10, 4, 12],
			"rotation": {"angle": 0, "axis": "y", "origin": [0, 3, 0]},
			"faces": {
				"north": {"uv": [4.75, 5.5, 6, 5.75], "texture": "#0"},
				"east": {"uv": [3.75, 0.5, 5.5, 0.75], "texture": "#0"},
				"south": {"uv": [0, 5.75, 1.25, 6], "texture": "#0"},
				"west": {"uv": [3.75, 0.75, 5.5, 1], "texture": "#0"},
				"up": {"uv": [3.75, 1.75, 2.5, 0], "texture": "#0"},
				"down": {"uv": [3.75, 1.75, 2.5, 3.5], "texture": "#0"}
			}
		},
		{
			"from": [3, 3, 6],
			"to": [4, 4, 11],
			"rotation": {"angle": 0, "axis": "y", "origin": [0, 3, 0]},
			"faces": {
				"north": {"uv": [8.25, 6.5, 8.5, 6.75], "texture": "#0"},
				"east": {"uv": [5.75, 1.5, 7, 1.75], "texture": "#0"},
				"south": {"uv": [8.25, 6.75, 8.5, 7], "texture": "#0"},
				"west": {"uv": [5.75, 1.75, 7, 2], "texture": "#0"},
				"up": {"uv": [1.75, 6.75, 1.5, 5.5], "texture": "#0"},
				"down": {"uv": [6, 2, 5.75, 3.25], "texture": "#0"}
			}
		},
		{
			"from": [11, 3, 6],
			"to": [12, 4, 11],
			"rotation": {"angle": 0, "axis": "y", "origin": [0, 3, 0]},
			"faces": {
				"north": {"uv": [8.25, 7, 8.5, 7.25], "texture": "#0"},
				"east": {"uv": [3.5, 5.75, 4.75, 6], "texture": "#0"},
				"south": {"uv": [7.25, 8.25, 7.5, 8.5], "texture": "#0"},
				"west": {"uv": [5.75, 3.75, 7, 4], "texture": "#0"},
				"up": {"uv": [5, 7, 4.75, 5.75], "texture": "#0"},
				"down": {"uv": [5.25, 5.75, 5, 7], "texture": "#0"}
			}
		},
		{
			"from": [10, 3, 5],
			"to": [11, 4, 12],
			"rotation": {"angle": 0, "axis": "y", "origin": [0, 3, 0]},
			"faces": {
				"north": {"uv": [8.25, 7.25, 8.5, 7.5], "texture": "#0"},
				"east": {"uv": [3.75, 1, 5.5, 1.25], "texture": "#0"},
				"south": {"uv": [8.25, 7.5, 8.5, 7.75], "texture": "#0"},
				"west": {"uv": [3.75, 1.25, 5.5, 1.5], "texture": "#0"},
				"up": {"uv": [1.75, 5.5, 1.5, 3.75], "texture": "#0"},
				"down": {"uv": [4, 1.5, 3.75, 3.25], "texture": "#0"}
			}
		},
		{
			"from": [4, 3, 5],
			"to": [5, 4, 12],
			"rotation": {"angle": 0, "axis": "y", "origin": [0, 3, 0]},
			"faces": {
				"north": {"uv": [8.25, 7.75, 8.5, 8], "texture": "#0"},
				"east": {"uv": [1.75, 3.75, 3.5, 4], "texture": "#0"},
				"south": {"uv": [8, 8.25, 8.25, 8.5], "texture": "#0"},
				"west": {"uv": [3.75, 3.25, 5.5, 3.5], "texture": "#0"},
				"up": {"uv": [3.75, 5.5, 3.5, 3.75], "texture": "#0"},
				"down": {"uv": [4, 3.75, 3.75, 5.5], "texture": "#0"}
			}
		},
		{
			"from": [5, 3, 12],
			"to": [10, 4, 13],
			"rotation": {"angle": 0, "axis": "y", "origin": [0, 3, 0]},
			"faces": {
				"north": {"uv": [5.75, 4, 7, 4.25], "texture": "#0"},
				"east": {"uv": [8.25, 8, 8.5, 8.25], "texture": "#0"},
				"south": {"uv": [5.75, 4.25, 7, 4.5], "texture": "#0"},
				"west": {"uv": [8.25, 8.25, 8.5, 8.5], "texture": "#0"},
				"up": {"uv": [7, 4.75, 5.75, 4.5], "texture": "#0"},
				"down": {"uv": [7, 4.75, 5.75, 5], "texture": "#0"}
			}
		},
		{
			"from": [9, 4, 4],
			"to": [11, 5, 5],
			"rotation": {"angle": 0, "axis": "y", "origin": [0, 4, 0]},
			"faces": {
				"north": {"uv": [7.25, 5, 7.75, 5.25], "texture": "#0"},
				"east": {"uv": [8.5, 0, 8.75, 0.25], "texture": "#0"},
				"south": {"uv": [7.25, 5.25, 7.75, 5.5], "texture": "#0"},
				"west": {"uv": [8.5, 0.25, 8.75, 0.5], "texture": "#0"},
				"up": {"uv": [7.75, 6, 7.25, 5.75], "texture": "#0"},
				"down": {"uv": [7.75, 7, 7.25, 7.25], "texture": "#0"}
			}
		},
		{
			"from": [4, 4, 4],
			"to": [6, 5, 5],
			"rotation": {"angle": 0, "axis": "y", "origin": [0, 4, 0]},
			"faces": {
				"north": {"uv": [7.25, 7.25, 7.75, 7.5], "texture": "#0"},
				"east": {"uv": [0.5, 8.5, 0.75, 8.75], "texture": "#0"},
				"south": {"uv": [0, 7.5, 0.5, 7.75], "texture": "#0"},
				"west": {"uv": [8.5, 0.5, 8.75, 0.75], "texture": "#0"},
				"up": {"uv": [8, 0.25, 7.5, 0], "texture": "#0"},
				"down": {"uv": [8, 0.25, 7.5, 0.5], "texture": "#0"}
			}
		},
		{
			"from": [3, 4, 7],
			"to": [4, 5, 10],
			"rotation": {"angle": 0, "axis": "y", "origin": [0, 4, 0]},
			"faces": {
				"north": {"uv": [8.5, 0.75, 8.75, 1], "texture": "#0"},
				"east": {"uv": [5, 7, 5.75, 7.25], "texture": "#0"},
				"south": {"uv": [8.5, 1, 8.75, 1.25], "texture": "#0"},
				"west": {"uv": [7, 6, 7.75, 6.25], "texture": "#0"},
				"up": {"uv": [6, 7.75, 5.75, 7], "texture": "#0"},
				"down": {"uv": [6.25, 7, 6, 7.75], "texture": "#0"}
			}
		},
		{
			"from": [11, 4, 7],
			"to": [12, 5, 10],
			"rotation": {"angle": 0, "axis": "y", "origin": [0, 4, 0]},
			"faces": {
				"north": {"uv": [1.25, 8.5, 1.5, 8.75], "texture": "#0"},
				"east": {"uv": [7, 6.25, 7.75, 6.5], "texture": "#0"},
				"south": {"uv": [8.5, 1.25, 8.75, 1.5], "texture": "#0"},
				"west": {"uv": [7, 6.5, 7.75, 6.75], "texture": "#0"},
				"up": {"uv": [7, 7.75, 6.75, 7], "texture": "#0"},
				"down": {"uv": [7.25, 7, 7, 7.75], "texture": "#0"}
			}
		},
		{
			"from": [4, 4, 12],
			"to": [11, 5, 13],
			"rotation": {"angle": 0, "axis": "y", "origin": [0, 4, 0]},
			"faces": {
				"north": {"uv": [4, 1.5, 5.75, 1.75], "texture": "#0"},
				"east": {"uv": [1.5, 8.5, 1.75, 8.75], "texture": "#0"},
				"south": {"uv": [1.75, 4, 3.5, 4.25], "texture": "#0"},
				"west": {"uv": [8.5, 1.5, 8.75, 1.75], "texture": "#0"},
				"up": {"uv": [5.75, 2, 4, 1.75], "texture": "#0"},
				"down": {"uv": [5.75, 2, 4, 2.25], "texture": "#0"}
			}
		},
		{
			"from": [11, 4, 10],
			"to": [12, 5, 12],
			"rotation": {"angle": 0, "axis": "y", "origin": [0, 4, 0]},
			"faces": {
				"north": {"uv": [1.75, 8.5, 2, 8.75], "texture": "#0"},
				"east": {"uv": [7.5, 0.5, 8, 0.75], "texture": "#0"},
				"south": {"uv": [8.5, 1.75, 8.75, 2], "texture": "#0"},
				"west": {"uv": [1.5, 7.5, 2, 7.75], "texture": "#0"},
				"up": {"uv": [0.75, 8, 0.5, 7.5], "texture": "#0"},
				"down": {"uv": [2.25, 7.5, 2, 8], "texture": "#0"}
			}
		},
		{
			"from": [11, 4, 5],
			"to": [12, 5, 7],
			"rotation": {"angle": 0, "axis": "y", "origin": [0, 4, 0]},
			"faces": {
				"north": {"uv": [2, 8.5, 2.25, 8.75], "texture": "#0"},
				"east": {"uv": [7.5, 2.5, 8, 2.75], "texture": "#0"},
				"south": {"uv": [8.5, 2, 8.75, 2.25], "texture": "#0"},
				"west": {"uv": [2.75, 7.5, 3.25, 7.75], "texture": "#0"},
				"up": {"uv": [2.5, 8, 2.25, 7.5], "texture": "#0"},
				"down": {"uv": [7.75, 2.75, 7.5, 3.25], "texture": "#0"}
			}
		},
		{
			"from": [3, 4, 5],
			"to": [4, 5, 7],
			"rotation": {"angle": 0, "axis": "y", "origin": [0, 4, 0]},
			"faces": {
				"north": {"uv": [2.25, 8.5, 2.5, 8.75], "texture": "#0"},
				"east": {"uv": [7.5, 3.25, 8, 3.5], "texture": "#0"},
				"south": {"uv": [8.5, 2.25, 8.75, 2.5], "texture": "#0"},
				"west": {"uv": [7.5, 5.5, 8, 5.75], "texture": "#0"},
				"up": {"uv": [3.5, 8, 3.25, 7.5], "texture": "#0"},
				"down": {"uv": [6.5, 7.5, 6.25, 8], "texture": "#0"}
			}
		},
		{
			"from": [3, 4, 10],
			"to": [4, 5, 12],
			"rotation": {"angle": 0, "axis": "y", "origin": [0, 4, 0]},
			"faces": {
				"north": {"uv": [2.5, 8.5, 2.75, 8.75], "texture": "#0"},
				"east": {"uv": [7.5, 6.75, 8, 7], "texture": "#0"},
				"south": {"uv": [8.5, 2.5, 8.75, 2.75], "texture": "#0"},
				"west": {"uv": [7.25, 7.5, 7.75, 7.75], "texture": "#0"},
				"up": {"uv": [6.75, 8, 6.5, 7.5], "texture": "#0"},
				"down": {"uv": [0.25, 7.75, 0, 8.25], "texture": "#0"}
			}
		},
		{
			"from": [10, 5, 4],
			"to": [11, 6, 6],
			"rotation": {"angle": 0, "axis": "y", "origin": [0, 5, 0]},
			"faces": {
				"north": {"uv": [2.75, 8.5, 3, 8.75], "texture": "#0"},
				"east": {"uv": [7.75, 0.75, 8.25, 1], "texture": "#0"},
				"south": {"uv": [8.5, 2.75, 8.75, 3], "texture": "#0"},
				"west": {"uv": [7.75, 1, 8.25, 1.25], "texture": "#0"},
				"up": {"uv": [0.5, 8.25, 0.25, 7.75], "texture": "#0"},
				"down": {"uv": [1.5, 7.75, 1.25, 8.25], "texture": "#0"}
			}
		},
		{
			"from": [4, 5, 4],
			"to": [5, 6, 6],
			"rotation": {"angle": 0, "axis": "y", "origin": [0, 5, 0]},
			"faces": {
				"north": {"uv": [3, 8.5, 3.25, 8.75], "texture": "#0"},
				"east": {"uv": [7.75, 1.25, 8.25, 1.5], "texture": "#0"},
				"south": {"uv": [8.5, 3, 8.75, 3.25], "texture": "#0"},
				"west": {"uv": [1.5, 7.75, 2, 8], "texture": "#0"},
				"up": {"uv": [8, 2, 7.75, 1.5], "texture": "#0"},
				"down": {"uv": [3, 7.75, 2.75, 8.25], "texture": "#0"}
			}
		},
		{
			"from": [3, 5, 7],
			"to": [4, 6, 10],
			"rotation": {"angle": 0, "axis": "y", "origin": [0, 5, 0]},
			"faces": {
				"north": {"uv": [3.25, 8.5, 3.5, 8.75], "texture": "#0"},
				"east": {"uv": [0, 7.25, 0.75, 7.5], "texture": "#0"},
				"south": {"uv": [8.5, 3.25, 8.75, 3.5], "texture": "#0"},
				"west": {"uv": [1.75, 7.25, 2.5, 7.5], "texture": "#0"},
				"up": {"uv": [1, 8, 0.75, 7.25], "texture": "#0"},
				"down": {"uv": [1.25, 7.25, 1, 8], "texture": "#0"}
			}
		},
		{
			"from": [11, 5, 7],
			"to": [12, 6, 10],
			"rotation": {"angle": 0, "axis": "y", "origin": [0, 5, 0]},
			"faces": {
				"north": {"uv": [3.5, 8.5, 3.75, 8.75], "texture": "#0"},
				"east": {"uv": [7.25, 2, 8, 2.25], "texture": "#0"},
				"south": {"uv": [8.5, 3.5, 8.75, 3.75], "texture": "#0"},
				"west": {"uv": [7.25, 2.25, 8, 2.5], "texture": "#0"},
				"up": {"uv": [2.75, 8, 2.5, 7.25], "texture": "#0"},
				"down": {"uv": [7.5, 2.5, 7.25, 3.25], "texture": "#0"}
			}
		},
		{
			"from": [10, 5, 11],
			"to": [11, 6, 12],
			"rotation": {"angle": 0, "axis": "y", "origin": [0, 5, 0]},
			"faces": {
				"north": {"uv": [3.75, 8.5, 4, 8.75], "texture": "#0"},
				"east": {"uv": [8.5, 3.75, 8.75, 4], "texture": "#0"},
				"south": {"uv": [4, 8.5, 4.25, 8.75], "texture": "#0"},
				"west": {"uv": [8.5, 4, 8.75, 4.25], "texture": "#0"},
				"up": {"uv": [4.5, 8.75, 4.25, 8.5], "texture": "#0"},
				"down": {"uv": [8.75, 4.25, 8.5, 4.5], "texture": "#0"}
			}
		},
		{
			"from": [4, 5, 11],
			"to": [5, 6, 12],
			"rotation": {"angle": 0, "axis": "y", "origin": [0, 5, 0]},
			"faces": {
				"north": {"uv": [4.5, 8.5, 4.75, 8.75], "texture": "#0"},
				"east": {"uv": [8.5, 4.5, 8.75, 4.75], "texture": "#0"},
				"south": {"uv": [4.75, 8.5, 5, 8.75], "texture": "#0"},
				"west": {"uv": [8.5, 4.75, 8.75, 5], "texture": "#0"},
				"up": {"uv": [5.25, 8.75, 5, 8.5], "texture": "#0"},
				"down": {"uv": [8.75, 5, 8.5, 5.25], "texture": "#0"}
			}
		},
		{
			"from": [4, 5, 12],
			"to": [11, 6, 13],
			"rotation": {"angle": 0, "axis": "y", "origin": [0, 5, 0]},
			"faces": {
				"north": {"uv": [4, 2.25, 5.75, 2.5], "texture": "#0"},
				"east": {"uv": [5.25, 8.5, 5.5, 8.75], "texture": "#0"},
				"south": {"uv": [4, 2.5, 5.75, 2.75], "texture": "#0"},
				"west": {"uv": [8.5, 5.25, 8.75, 5.5], "texture": "#0"},
				"up": {"uv": [5.75, 3, 4, 2.75], "texture": "#0"},
				"down": {"uv": [5.75, 3, 4, 3.25], "texture": "#0"}
			}
		},
		{
			"from": [11, 5, 10],
			"to": [12, 6, 12],
			"rotation": {"angle": 0, "axis": "y", "origin": [0, 5, 0]},
			"faces": {
				"north": {"uv": [5.5, 8.5, 5.75, 8.75], "texture": "#0"},
				"east": {"uv": [7.75, 2.75, 8.25, 3], "texture": "#0"},
				"south": {"uv": [8.5, 5.5, 8.75, 5.75], "texture": "#0"},
				"west": {"uv": [7.75, 3, 8.25, 3.25], "texture": "#0"},
				"up": {"uv": [3.25, 8.25, 3, 7.75], "texture": "#0"},
				"down": {"uv": [4.25, 7.75, 4, 8.25], "texture": "#0"}
			}
		},
		{
			"from": [11, 5, 5],
			"to": [12, 6, 7],
			"rotation": {"angle": 0, "axis": "y", "origin": [0, 5, 0]},
			"faces": {
				"north": {"uv": [5.75, 8.5, 6, 8.75], "texture": "#0"},
				"east": {"uv": [7.75, 4.25, 8.25, 4.5], "texture": "#0"},
				"south": {"uv": [8.5, 5.75, 8.75, 6], "texture": "#0"},
				"west": {"uv": [7.75, 4.5, 8.25, 4.75], "texture": "#0"},
				"up": {"uv": [8, 5.25, 7.75, 4.75], "texture": "#0"},
				"down": {"uv": [6, 7.75, 5.75, 8.25], "texture": "#0"}
			}
		},
		{
			"from": [3, 5, 5],
			"to": [4, 6, 7],
			"rotation": {"angle": 0, "axis": "y", "origin": [0, 5, 0]},
			"faces": {
				"north": {"uv": [6, 8.5, 6.25, 8.75], "texture": "#0"},
				"east": {"uv": [7.75, 5.25, 8.25, 5.5], "texture": "#0"},
				"south": {"uv": [8.5, 6, 8.75, 6.25], "texture": "#0"},
				"west": {"uv": [7.75, 5.75, 8.25, 6], "texture": "#0"},
				"up": {"uv": [6.25, 8.25, 6, 7.75], "texture": "#0"},
				"down": {"uv": [8, 6, 7.75, 6.5], "texture": "#0"}
			}
		},
		{
			"from": [3, 5, 10],
			"to": [4, 6, 12],
			"rotation": {"angle": 0, "axis": "y", "origin": [0, 5, 0]},
			"faces": {
				"north": {"uv": [6.25, 8.5, 6.5, 8.75], "texture": "#0"},
				"east": {"uv": [7.75, 6.5, 8.25, 6.75], "texture": "#0"},
				"south": {"uv": [8.5, 6.25, 8.75, 6.5], "texture": "#0"},
				"west": {"uv": [6.75, 7.75, 7.25, 8], "texture": "#0"},
				"up": {"uv": [8, 7.5, 7.75, 7], "texture": "#0"},
				"down": {"uv": [7.5, 7.75, 7.25, 8.25], "texture": "#0"}
			}
		},
		{
			"from": [11, 6, 8],
			"to": [12, 7, 12],
			"rotation": {"angle": 0, "axis": "y", "origin": [0, 6, 0]},
			"faces": {
				"north": {"uv": [6.5, 8.5, 6.75, 8.75], "texture": "#0"},
				"east": {"uv": [6, 2.5, 7, 2.75], "texture": "#0"},
				"south": {"uv": [8.5, 6.5, 8.75, 6.75], "texture": "#0"},
				"west": {"uv": [6, 2.75, 7, 3], "texture": "#0"},
				"up": {"uv": [1.5, 7, 1.25, 6], "texture": "#0"},
				"down": {"uv": [3.75, 6, 3.5, 7], "texture": "#0"}
			}
		},
		{
			"from": [10, 6, 11],
			"to": [11, 7, 12],
			"rotation": {"angle": 0, "axis": "y", "origin": [0, 6, 0]},
			"faces": {
				"north": {"uv": [6.75, 8.5, 7, 8.75], "texture": "#0"},
				"east": {"uv": [8.5, 6.75, 8.75, 7], "texture": "#0"},
				"south": {"uv": [7, 8.5, 7.25, 8.75], "texture": "#0"},
				"west": {"uv": [8.5, 7, 8.75, 7.25], "texture": "#0"},
				"up": {"uv": [7.5, 8.75, 7.25, 8.5], "texture": "#0"},
				"down": {"uv": [8.75, 7.25, 8.5, 7.5], "texture": "#0"}
			}
		},
		{
			"from": [4, 6, 11],
			"to": [5, 7, 12],
			"rotation": {"angle": 0, "axis": "y", "origin": [0, 6, 0]},
			"faces": {
				"north": {"uv": [7.5, 8.5, 7.75, 8.75], "texture": "#0"},
				"east": {"uv": [8.5, 7.5, 8.75, 7.75], "texture": "#0"},
				"south": {"uv": [7.75, 8.5, 8, 8.75], "texture": "#0"},
				"west": {"uv": [8.5, 7.75, 8.75, 8], "texture": "#0"},
				"up": {"uv": [8.25, 8.75, 8, 8.5], "texture": "#0"},
				"down": {"uv": [8.75, 8, 8.5, 8.25], "texture": "#0"}
			}
		},
		{
			"from": [4, 6, 12],
			"to": [11, 7, 13],
			"rotation": {"angle": 0, "axis": "y", "origin": [0, 6, 0]},
			"faces": {
				"north": {"uv": [4, 3.75, 5.75, 4], "texture": "#0"},
				"east": {"uv": [8.25, 8.5, 8.5, 8.75], "texture": "#0"},
				"south": {"uv": [4, 4, 5.75, 4.25], "texture": "#0"},
				"west": {"uv": [8.5, 8.25, 8.75, 8.5], "texture": "#0"},
				"up": {"uv": [3.5, 4.5, 1.75, 4.25], "texture": "#0"},
				"down": {"uv": [5.75, 4.25, 4, 4.5], "texture": "#0"}
			}
		},
		{
			"from": [3, 6, 8],
			"to": [4, 7, 12],
			"rotation": {"angle": 0, "axis": "y", "origin": [0, 6, 0]},
			"faces": {
				"north": {"uv": [8.5, 8.5, 8.75, 8.75], "texture": "#0"},
				"east": {"uv": [6, 3, 7, 3.25], "texture": "#0"},
				"south": {"uv": [0, 8.75, 0.25, 9], "texture": "#0"},
				"west": {"uv": [3.75, 6, 4.75, 6.25], "texture": "#0"},
				"up": {"uv": [5.5, 7, 5.25, 6], "texture": "#0"},
				"down": {"uv": [5.75, 6, 5.5, 7], "texture": "#0"}
			}
		},
		{
			"from": [10, 7, 11],
			"to": [11, 8, 12],
			"rotation": {"angle": 0, "axis": "y", "origin": [0, 7, 0]},
			"faces": {
				"north": {"uv": [8.75, 0, 9, 0.25], "texture": "#0"},
				"east": {"uv": [0.25, 8.75, 0.5, 9], "texture": "#0"},
				"south": {"uv": [8.75, 0.25, 9, 0.5], "texture": "#0"},
				"west": {"uv": [0.5, 8.75, 0.75, 9], "texture": "#0"},
				"up": {"uv": [9, 0.75, 8.75, 0.5], "texture": "#0"},
				"down": {"uv": [1, 8.75, 0.75, 9], "texture": "#0"}
			}
		},
		{
			"from": [4, 7, 11],
			"to": [5, 8, 12],
			"rotation": {"angle": 0, "axis": "y", "origin": [0, 7, 0]},
			"faces": {
				"north": {"uv": [8.75, 0.75, 9, 1], "texture": "#0"},
				"east": {"uv": [1, 8.75, 1.25, 9], "texture": "#0"},
				"south": {"uv": [8.75, 1, 9, 1.25], "texture": "#0"},
				"west": {"uv": [1.25, 8.75, 1.5, 9], "texture": "#0"},
				"up": {"uv": [9, 1.5, 8.75, 1.25], "texture": "#0"},
				"down": {"uv": [1.75, 8.75, 1.5, 9], "texture": "#0"}
			}
		},
		{
			"from": [4, 7, 12],
			"to": [11, 8, 13],
			"rotation": {"angle": 0, "axis": "y", "origin": [0, 7, 0]},
			"faces": {
				"north": {"uv": [1.75, 4.5, 3.5, 4.75], "texture": "#0"},
				"east": {"uv": [8.75, 1.5, 9, 1.75], "texture": "#0"},
				"south": {"uv": [4, 4.5, 5.75, 4.75], "texture": "#0"},
				"west": {"uv": [1.75, 8.75, 2, 9], "texture": "#0"},
				"up": {"uv": [3.5, 5, 1.75, 4.75], "texture": "#0"},
				"down": {"uv": [5.75, 4.75, 4, 5], "texture": "#0"}
			}
		},
		{
			"from": [11, 7, 10],
			"to": [12, 8, 12],
			"rotation": {"angle": 0, "axis": "y", "origin": [0, 7, 0]},
			"faces": {
				"north": {"uv": [8.75, 1.75, 9, 2], "texture": "#0"},
				"east": {"uv": [7.5, 7.75, 8, 8], "texture": "#0"},
				"south": {"uv": [2, 8.75, 2.25, 9], "texture": "#0"},
				"west": {"uv": [7.75, 7.5, 8.25, 7.75], "texture": "#0"},
				"up": {"uv": [8.25, 0.5, 8, 0], "texture": "#0"},
				"down": {"uv": [0.75, 8, 0.5, 8.5], "texture": "#0"}
			}
		},
		{
			"from": [3, 7, 10],
			"to": [4, 8, 12],
			"rotation": {"angle": 0, "axis": "y", "origin": [0, 7, 0]},
			"faces": {
				"north": {"uv": [8.75, 2, 9, 2.25], "texture": "#0"},
				"east": {"uv": [8, 0.5, 8.5, 0.75], "texture": "#0"},
				"south": {"uv": [2.25, 8.75, 2.5, 9], "texture": "#0"},
				"west": {"uv": [0.75, 8, 1.25, 8.25], "texture": "#0"},
				"up": {"uv": [1.75, 8.5, 1.5, 8], "texture": "#0"},
				"down": {"uv": [8.25, 1.5, 8, 2], "texture": "#0"}
			}
		},
		{
			"from": [5, 8, 12],
			"to": [10, 9, 13],
			"rotation": {"angle": 0, "axis": "y", "origin": [0, 8, 0]},
			"faces": {
				"north": {"uv": [5.25, 5.75, 6.5, 6], "texture": "#0"},
				"east": {"uv": [8.75, 2.25, 9, 2.5], "texture": "#0"},
				"south": {"uv": [0, 6, 1.25, 6.25], "texture": "#0"},
				"west": {"uv": [2.5, 8.75, 2.75, 9], "texture": "#0"},
				"up": {"uv": [7.25, 2.25, 6, 2], "texture": "#0"},
				"down": {"uv": [7.25, 2.25, 6, 2.5], "texture": "#0"}
			}
		},
		{
			"from": [6, 9, 12],
			"to": [9, 10, 13],
			"rotation": {"angle": 0, "axis": "y", "origin": [0, 9, 0]},
			"faces": {
				"north": {"uv": [2.75, 7.25, 3.5, 7.5], "texture": "#0"},
				"east": {"uv": [8.75, 2.5, 9, 2.75], "texture": "#0"},
				"south": {"uv": [7.25, 3.5, 8, 3.75], "texture": "#0"},
				"west": {"uv": [2.75, 8.75, 3, 9], "texture": "#0"},
				"up": {"uv": [8, 4, 7.25, 3.75], "texture": "#0"},
				"down": {"uv": [8, 4, 7.25, 4.25], "texture": "#0"}
			}
		},
		{
			"from": [4, 6, 5],
			"to": [5, 10, 6],
			"rotation": {"angle": 0, "axis": "y", "origin": [0, 6, 0]},
			"faces": {
				"north": {"uv": [5.75, 6, 6, 7], "texture": "#0"},
				"east": {"uv": [6, 6, 6.25, 7], "texture": "#0"},
				"south": {"uv": [0, 6.25, 0.25, 7.25], "texture": "#0"},
				"west": {"uv": [0.25, 6.25, 0.5, 7.25], "texture": "#0"},
				"up": {"uv": [9, 3, 8.75, 2.75], "texture": "#0"},
				"down": {"uv": [3.25, 8.75, 3, 9], "texture": "#0"}
			}
		},
		{
			"from": [5, 10, 6],
			"to": [6, 12, 7],
			"rotation": {"angle": 0, "axis": "y", "origin": [0, 10, 0]},
			"faces": {
				"north": {"uv": [1.75, 8, 2, 8.5], "texture": "#0"},
				"east": {"uv": [2, 8, 2.25, 8.5], "texture": "#0"},
				"south": {"uv": [8, 2, 8.25, 2.5], "texture": "#0"},
				"west": {"uv": [2.25, 8, 2.5, 8.5], "texture": "#0"},
				"up": {"uv": [9, 3.25, 8.75, 3], "texture": "#0"},
				"down": {"uv": [3.5, 8.75, 3.25, 9], "texture": "#0"}
			}
		},
		{
			"from": [4, 10, 8],
			"to": [5, 12, 9],
			"rotation": {"angle": 0, "axis": "y", "origin": [0, 10, 0]},
			"faces": {
				"north": {"uv": [2.5, 8, 2.75, 8.5], "texture": "#0"},
				"east": {"uv": [3.25, 8, 3.5, 8.5], "texture": "#0"},
				"south": {"uv": [8, 3.25, 8.25, 3.75], "texture": "#0"},
				"west": {"uv": [3.5, 8, 3.75, 8.5], "texture": "#0"},
				"up": {"uv": [9, 3.5, 8.75, 3.25], "texture": "#0"},
				"down": {"uv": [3.75, 8.75, 3.5, 9], "texture": "#0"}
			}
		},
		{
			"from": [3, 7, 8],
			"to": [4, 10, 9],
			"rotation": {"angle": 0, "axis": "y", "origin": [0, 7, 0]},
			"faces": {
				"north": {"uv": [3.5, 7.25, 3.75, 8], "texture": "#0"},
				"east": {"uv": [3.75, 7.25, 4, 8], "texture": "#0"},
				"south": {"uv": [4.25, 7.25, 4.5, 8], "texture": "#0"},
				"west": {"uv": [4.5, 7.25, 4.75, 8], "texture": "#0"},
				"up": {"uv": [9, 3.75, 8.75, 3.5], "texture": "#0"},
				"down": {"uv": [4, 8.75, 3.75, 9], "texture": "#0"}
			}
		},
		{
			"from": [4, 8, 11],
			"to": [5, 10, 12],
			"rotation": {"angle": 0, "axis": "y", "origin": [0, 8, 0]},
			"faces": {
				"north": {"uv": [3.75, 8, 4, 8.5], "texture": "#0"},
				"east": {"uv": [8, 3.75, 8.25, 4.25], "texture": "#0"},
				"south": {"uv": [4.25, 8, 4.5, 8.5], "texture": "#0"},
				"west": {"uv": [4.5, 8, 4.75, 8.5], "texture": "#0"},
				"up": {"uv": [9, 4, 8.75, 3.75], "texture": "#0"},
				"down": {"uv": [4.25, 8.75, 4, 9], "texture": "#0"}
			}
		},
		{
			"from": [5, 10, 10],
			"to": [6, 12, 11],
			"rotation": {"angle": 0, "axis": "y", "origin": [0, 10, 0]},
			"faces": {
				"north": {"uv": [4.75, 8, 5, 8.5], "texture": "#0"},
				"east": {"uv": [8, 4.75, 8.25, 5.25], "texture": "#0"},
				"south": {"uv": [5, 8, 5.25, 8.5], "texture": "#0"},
				"west": {"uv": [5.25, 8, 5.5, 8.5], "texture": "#0"},
				"up": {"uv": [9, 4.25, 8.75, 4], "texture": "#0"},
				"down": {"uv": [4.5, 8.75, 4.25, 9], "texture": "#0"}
			}
		},
		{
			"from": [9, 10, 10],
			"to": [10, 12, 11],
			"rotation": {"angle": 0, "axis": "y", "origin": [0, 10, 0]},
			"faces": {
				"north": {"uv": [5.5, 8, 5.75, 8.5], "texture": "#0"},
				"east": {"uv": [8, 6, 8.25, 6.5], "texture": "#0"},
				"south": {"uv": [6.25, 8, 6.5, 8.5], "texture": "#0"},
				"west": {"uv": [6.5, 8, 6.75, 8.5], "texture": "#0"},
				"up": {"uv": [9, 4.5, 8.75, 4.25], "texture": "#0"},
				"down": {"uv": [4.75, 8.75, 4.5, 9], "texture": "#0"}
			}
		},
		{
			"from": [10, 8, 11],
			"to": [11, 10, 12],
			"rotation": {"angle": 0, "axis": "y", "origin": [0, 8, 0]},
			"faces": {
				"north": {"uv": [6.75, 8, 7, 8.5], "texture": "#0"},
				"east": {"uv": [8, 6.75, 8.25, 7.25], "texture": "#0"},
				"south": {"uv": [7, 8, 7.25, 8.5], "texture": "#0"},
				"west": {"uv": [7.5, 8, 7.75, 8.5], "texture": "#0"},
				"up": {"uv": [9, 4.75, 8.75, 4.5], "texture": "#0"},
				"down": {"uv": [5, 8.75, 4.75, 9], "texture": "#0"}
			}
		},
		{
			"from": [11, 7, 8],
			"to": [12, 10, 9],
			"rotation": {"angle": 0, "axis": "y", "origin": [0, 7, 0]},
			"faces": {
				"north": {"uv": [4.75, 7.25, 5, 8], "texture": "#0"},
				"east": {"uv": [5, 7.25, 5.25, 8], "texture": "#0"},
				"south": {"uv": [5.25, 7.25, 5.5, 8], "texture": "#0"},
				"west": {"uv": [5.5, 7.25, 5.75, 8], "texture": "#0"},
				"up": {"uv": [9, 5, 8.75, 4.75], "texture": "#0"},
				"down": {"uv": [5.25, 8.75, 5, 9], "texture": "#0"}
			}
		},
		{
			"from": [10, 10, 8],
			"to": [11, 12, 9],
			"rotation": {"angle": 0, "axis": "y", "origin": [0, 10, 0]},
			"faces": {
				"north": {"uv": [7.75, 8, 8, 8.5], "texture": "#0"},
				"east": {"uv": [8, 7.75, 8.25, 8.25], "texture": "#0"},
				"south": {"uv": [0, 8.25, 0.25, 8.75], "texture": "#0"},
				"west": {"uv": [8.25, 0, 8.5, 0.5], "texture": "#0"},
				"up": {"uv": [9, 5.25, 8.75, 5], "texture": "#0"},
				"down": {"uv": [5.5, 8.75, 5.25, 9], "texture": "#0"}
			}
		},
		{
			"from": [10, 6, 5],
			"to": [11, 10, 6],
			"rotation": {"angle": 0, "axis": "y", "origin": [0, 6, 0]},
			"faces": {
				"north": {"uv": [0.5, 6.25, 0.75, 7.25], "texture": "#0"},
				"east": {"uv": [0.75, 6.25, 1, 7.25], "texture": "#0"},
				"south": {"uv": [1, 6.25, 1.25, 7.25], "texture": "#0"},
				"west": {"uv": [3, 6.25, 3.25, 7.25], "texture": "#0"},
				"up": {"uv": [9, 5.5, 8.75, 5.25], "texture": "#0"},
				"down": {"uv": [5.75, 8.75, 5.5, 9], "texture": "#0"}
			}
		},
		{
			"from": [9, 10, 6],
			"to": [10, 12, 7],
			"rotation": {"angle": 0, "axis": "y", "origin": [0, 10, 0]},
			"faces": {
				"north": {"uv": [0.25, 8.25, 0.5, 8.75], "texture": "#0"},
				"east": {"uv": [0.75, 8.25, 1, 8.75], "texture": "#0"},
				"south": {"uv": [8.25, 0.75, 8.5, 1.25], "texture": "#0"},
				"west": {"uv": [1, 8.25, 1.25, 8.75], "texture": "#0"},
				"up": {"uv": [9, 5.75, 8.75, 5.5], "texture": "#0"},
				"down": {"uv": [6, 8.75, 5.75, 9], "texture": "#0"}
			}
		},
		{
			"from": [9, 12, 8],
			"to": [10, 13, 9],
			"rotation": {"angle": 0, "axis": "y", "origin": [0, 12, 0]},
			"faces": {
				"north": {"uv": [8.75, 5.75, 9, 6], "texture": "#0"},
				"east": {"uv": [6, 8.75, 6.25, 9], "texture": "#0"},
				"south": {"uv": [8.75, 6, 9, 6.25], "texture": "#0"},
				"west": {"uv": [6.25, 8.75, 6.5, 9], "texture": "#0"},
				"up": {"uv": [9, 6.5, 8.75, 6.25], "texture": "#0"},
				"down": {"uv": [6.75, 8.75, 6.5, 9], "texture": "#0"}
			}
		},
		{
			"from": [8, 13, 8],
			"to": [9, 14, 9],
			"rotation": {"angle": 0, "axis": "y", "origin": [0, 13, 0]},
			"faces": {
				"north": {"uv": [8.75, 6.5, 9, 6.75], "texture": "#0"},
				"east": {"uv": [6.75, 8.75, 7, 9], "texture": "#0"},
				"south": {"uv": [8.75, 6.75, 9, 7], "texture": "#0"},
				"west": {"uv": [7, 8.75, 7.25, 9], "texture": "#0"},
				"up": {"uv": [9, 7.25, 8.75, 7], "texture": "#0"},
				"down": {"uv": [7.5, 8.75, 7.25, 9], "texture": "#0"}
			}
		},
		{
			"from": [8, 12, 7],
			"to": [9, 13, 8],
			"rotation": {"angle": 0, "axis": "y", "origin": [0, 12, 0]},
			"faces": {
				"north": {"uv": [8.75, 7.25, 9, 7.5], "texture": "#0"},
				"east": {"uv": [7.5, 8.75, 7.75, 9], "texture": "#0"},
				"south": {"uv": [8.75, 7.5, 9, 7.75], "texture": "#0"},
				"west": {"uv": [7.75, 8.75, 8, 9], "texture": "#0"},
				"up": {"uv": [9, 8, 8.75, 7.75], "texture": "#0"},
				"down": {"uv": [8.25, 8.75, 8, 9], "texture": "#0"}
			}
		},
		{
			"from": [6, 12, 7],
			"to": [7, 13, 8],
			"rotation": {"angle": 0, "axis": "y", "origin": [0, 12, 0]},
			"faces": {
				"north": {"uv": [8.75, 8, 9, 8.25], "texture": "#0"},
				"east": {"uv": [8.25, 8.75, 8.5, 9], "texture": "#0"},
				"south": {"uv": [8.75, 8.25, 9, 8.5], "texture": "#0"},
				"west": {"uv": [8.5, 8.75, 8.75, 9], "texture": "#0"},
				"up": {"uv": [9, 8.75, 8.75, 8.5], "texture": "#0"},
				"down": {"uv": [9, 8.75, 8.75, 9], "texture": "#0"}
			}
		},
		{
			"from": [6, 13, 8],
			"to": [7, 14, 9],
			"rotation": {"angle": 0, "axis": "y", "origin": [0, 13, 0]},
			"faces": {
				"north": {"uv": [0, 9, 0.25, 9.25], "texture": "#0"},
				"east": {"uv": [9, 0, 9.25, 0.25], "texture": "#0"},
				"south": {"uv": [0.25, 9, 0.5, 9.25], "texture": "#0"},
				"west": {"uv": [9, 0.25, 9.25, 0.5], "texture": "#0"},
				"up": {"uv": [0.75, 9.25, 0.5, 9], "texture": "#0"},
				"down": {"uv": [9.25, 0.5, 9, 0.75], "texture": "#0"}
			}
		},
		{
			"from": [7, 13, 7],
			"to": [8, 14, 8],
			"rotation": {"angle": 0, "axis": "y", "origin": [0, 13, 0]},
			"faces": {
				"north": {"uv": [0.75, 9, 1, 9.25], "texture": "#0"},
				"east": {"uv": [9, 0.75, 9.25, 1], "texture": "#0"},
				"south": {"uv": [1, 9, 1.25, 9.25], "texture": "#0"},
				"west": {"uv": [9, 1, 9.25, 1.25], "texture": "#0"},
				"up": {"uv": [1.5, 9.25, 1.25, 9], "texture": "#0"},
				"down": {"uv": [9.25, 1.25, 9, 1.5], "texture": "#0"}
			}
		},
		{
			"from": [7, 14, 8],
			"to": [8, 15, 9],
			"rotation": {"angle": 0, "axis": "y", "origin": [0, 13, 0]},
			"faces": {
				"north": {"uv": [1.5, 9, 1.75, 9.25], "texture": "#0"},
				"east": {"uv": [9, 1.5, 9.25, 1.75], "texture": "#0"},
				"south": {"uv": [1.75, 9, 2, 9.25], "texture": "#0"},
				"west": {"uv": [9, 1.75, 9.25, 2], "texture": "#0"},
				"up": {"uv": [2.25, 9.25, 2, 9], "texture": "#0"},
				"down": {"uv": [9.25, 2, 9, 2.25], "texture": "#0"}
			}
		},
		{
			"from": [7, 15, 8],
			"to": [8, 16, 9],
			"faces": {
				"north": {"uv": [2.25, 9, 2.5, 9.25], "texture": "#0"},
				"east": {"uv": [9, 2.25, 9.25, 2.5], "texture": "#0"},
				"south": {"uv": [2.5, 9, 2.75, 9.25], "texture": "#0"},
				"west": {"uv": [9, 2.5, 9.25, 2.75], "texture": "#0"},
				"up": {"uv": [3, 9.25, 2.75, 9], "texture": "#0"},
				"down": {"uv": [9.25, 2.75, 9, 3], "texture": "#0"}
			}
		},
		{
			"from": [5, 12, 8],
			"to": [6, 13, 9],
			"rotation": {"angle": 0, "axis": "y", "origin": [0, 12, 0]},
			"faces": {
				"north": {"uv": [3, 9, 3.25, 9.25], "texture": "#0"},
				"east": {"uv": [9, 3, 9.25, 3.25], "texture": "#0"},
				"south": {"uv": [3.25, 9, 3.5, 9.25], "texture": "#0"},
				"west": {"uv": [9, 3.25, 9.25, 3.5], "texture": "#0"},
				"up": {"uv": [3.75, 9.25, 3.5, 9], "texture": "#0"},
				"down": {"uv": [9.25, 3.5, 9, 3.75], "texture": "#0"}
			}
		},
		{
			"from": [6, 12, 9],
			"to": [7, 13, 10],
			"rotation": {"angle": 0, "axis": "y", "origin": [0, 12, 0]},
			"faces": {
				"north": {"uv": [3.75, 9, 4, 9.25], "texture": "#0"},
				"east": {"uv": [9, 3.75, 9.25, 4], "texture": "#0"},
				"south": {"uv": [4, 9, 4.25, 9.25], "texture": "#0"},
				"west": {"uv": [9, 4, 9.25, 4.25], "texture": "#0"},
				"up": {"uv": [4.5, 9.25, 4.25, 9], "texture": "#0"},
				"down": {"uv": [9.25, 4.25, 9, 4.5], "texture": "#0"}
			}
		},
		{
			"from": [8, 12, 9],
			"to": [9, 13, 10],
			"rotation": {"angle": 0, "axis": "y", "origin": [0, 12, 0]},
			"faces": {
				"north": {"uv": [4.5, 9, 4.75, 9.25], "texture": "#0"},
				"east": {"uv": [9, 4.5, 9.25, 4.75], "texture": "#0"},
				"south": {"uv": [4.75, 9, 5, 9.25], "texture": "#0"},
				"west": {"uv": [9, 4.75, 9.25, 5], "texture": "#0"},
				"up": {"uv": [5.25, 9.25, 5, 9], "texture": "#0"},
				"down": {"uv": [9.25, 5, 9, 5.25], "texture": "#0"}
			}
		},
		{
			"from": [7, 13, 8],
			"to": [8, 14, 9],
			"rotation": {"angle": 0, "axis": "y", "origin": [0, 13, 0]},
			"faces": {
				"north": {"uv": [5.25, 9, 5.5, 9.25], "texture": "#0"},
				"east": {"uv": [9, 5.25, 9.25, 5.5], "texture": "#0"},
				"south": {"uv": [5.5, 9, 5.75, 9.25], "texture": "#0"},
				"west": {"uv": [9, 5.5, 9.25, 5.75], "texture": "#0"},
				"up": {"uv": [6, 9.25, 5.75, 9], "texture": "#0"},
				"down": {"uv": [9.25, 5.75, 9, 6], "texture": "#0"}
			}
		},
		{
			"from": [7, 13, 9],
			"to": [8, 14, 10],
			"rotation": {"angle": 0, "axis": "y", "origin": [0, 13, 0]},
			"faces": {
				"north": {"uv": [6, 9, 6.25, 9.25], "texture": "#0"},
				"east": {"uv": [9, 6, 9.25, 6.25], "texture": "#0"},
				"south": {"uv": [6.25, 9, 6.5, 9.25], "texture": "#0"},
				"west": {"uv": [9, 6.25, 9.25, 6.5], "texture": "#0"},
				"up": {"uv": [6.75, 9.25, 6.5, 9], "texture": "#0"},
				"down": {"uv": [9.25, 6.5, 9, 6.75], "texture": "#0"}
			}
		},
		{
			"from": [5, 4, 5],
			"to": [10, 5, 12],
			"rotation": {"angle": 0, "axis": "y", "origin": [0, 4, 0]},
			"faces": {
				"north": {"uv": [0, 10.5, 2.5, 11], "texture": "#2"},
				"east": {"uv": [1.5, 8.5, 5, 9], "texture": "#2"},
				"south": {"uv": [10.5, 2.5, 13, 3], "texture": "#2"},
				"west": {"uv": [1.5, 9, 5, 9.5], "texture": "#2"},
				"up": {"uv": [2.5, 3.5, 0, 0], "texture": "#2"},
				"down": {"uv": [5, 0, 2.5, 3.5], "texture": "#2"}
			}
		},
		{
			"from": [5, 5, 5],
			"to": [10, 7, 12],
			"rotation": {"angle": 0, "axis": "y", "origin": [0, 6, 0]},
			"faces": {
				"north": {"uv": [7.5, 2, 10, 3], "texture": "#2"},
				"east": {"uv": [7.5, 0, 11, 1], "texture": "#2"},
				"south": {"uv": [7.5, 3, 10, 4], "texture": "#2"},
				"west": {"uv": [7.5, 1, 11, 2], "texture": "#2"},
				"up": {"uv": [2.5, 7, 0, 3.5], "texture": "#2"},
				"down": {"uv": [5, 3.5, 2.5, 7], "texture": "#2"}
			}
		},
		{
			"from": [6, 7, 5],
			"to": [9, 9, 6],
			"rotation": {"angle": 0, "axis": "y", "origin": [0, 7, 0]},
			"faces": {
				"north": {"uv": [3.5, 10, 5, 11], "texture": "#2"},
				"east": {"uv": [0, 12, 0.5, 13], "texture": "#2"},
				"south": {"uv": [5, 10, 6.5, 11], "texture": "#2"},
				"west": {"uv": [0.5, 12, 1, 13], "texture": "#2"},
				"up": {"uv": [12, 6, 10.5, 5.5], "texture": "#2"},
				"down": {"uv": [1.5, 11, 0, 11.5], "texture": "#2"}
			}
		},
		{
			"from": [5, 7, 6],
			"to": [10, 10, 11],
			"rotation": {"angle": 0, "axis": "y", "origin": [0, 7, 0]},
			"faces": {
				"north": {"uv": [5, 5, 7.5, 6.5], "texture": "#2"},
				"east": {"uv": [5, 6.5, 7.5, 8], "texture": "#2"},
				"south": {"uv": [0, 7, 2.5, 8.5], "texture": "#2"},
				"west": {"uv": [2.5, 7, 5, 8.5], "texture": "#2"},
				"up": {"uv": [7.5, 2.5, 5, 0], "texture": "#2"},
				"down": {"uv": [7.5, 2.5, 5, 5], "texture": "#2"}
			}
		},
		{
			"from": [7, 9, 5],
			"to": [8, 10, 6],
			"rotation": {"angle": 0, "axis": "y", "origin": [0, 9, 0]},
			"faces": {
				"north": {"uv": [12, 12, 12.5, 12.5], "texture": "#2"},
				"east": {"uv": [12.5, 0, 13, 0.5], "texture": "#2"},
				"south": {"uv": [12.5, 0.5, 13, 1], "texture": "#2"},
				"west": {"uv": [12.5, 1, 13, 1.5], "texture": "#2"},
				"up": {"uv": [2, 13, 1.5, 12.5], "texture": "#2"},
				"down": {"uv": [13, 1.5, 12.5, 2], "texture": "#2"}
			}
		},
		{
			"from": [6, 10, 6],
			"to": [9, 11, 7],
			"rotation": {"angle": 0, "axis": "y", "origin": [0, 10, 0]},
			"faces": {
				"north": {"uv": [11, 0, 12.5, 0.5], "texture": "#2"},
				"east": {"uv": [2, 12.5, 2.5, 13], "texture": "#2"},
				"south": {"uv": [11, 0.5, 12.5, 1], "texture": "#2"},
				"west": {"uv": [12.5, 3, 13, 3.5], "texture": "#2"},
				"up": {"uv": [12.5, 1.5, 11, 1], "texture": "#2"},
				"down": {"uv": [12.5, 1.5, 11, 2], "texture": "#2"}
			}
		},
		{
			"from": [7, 11, 6],
			"to": [8, 12, 7],
			"rotation": {"angle": 0, "axis": "y", "origin": [0, 11, 0]},
			"faces": {
				"north": {"uv": [12.5, 3.5, 13, 4], "texture": "#2"},
				"east": {"uv": [12.5, 4, 13, 4.5], "texture": "#2"},
				"south": {"uv": [12.5, 4.5, 13, 5], "texture": "#2"},
				"west": {"uv": [12.5, 5, 13, 5.5], "texture": "#2"},
				"up": {"uv": [13, 6, 12.5, 5.5], "texture": "#2"},
				"down": {"uv": [13, 6, 12.5, 6.5], "texture": "#2"}
			}
		},
		{
			"from": [6, 11, 7],
			"to": [9, 12, 10],
			"rotation": {"angle": 0, "axis": "y", "origin": [0, 11, 0]},
			"faces": {
				"north": {"uv": [11, 3, 12.5, 3.5], "texture": "#2"},
				"east": {"uv": [3.5, 11, 5, 11.5], "texture": "#2"},
				"south": {"uv": [11, 3.5, 12.5, 4], "texture": "#2"},
				"west": {"uv": [11, 4, 12.5, 4.5], "texture": "#2"},
				"up": {"uv": [6.5, 9.5, 5, 8], "texture": "#2"},
				"down": {"uv": [8, 8, 6.5, 9.5], "texture": "#2"}
			}
		},
		{
			"from": [7, 12, 7],
			"to": [8, 13, 10],
			"rotation": {"angle": 0, "axis": "y", "origin": [0, 12, 0]},
			"faces": {
				"north": {"uv": [12.5, 6.5, 13, 7], "texture": "#2"},
				"east": {"uv": [11, 4.5, 12.5, 5], "texture": "#2"},
				"south": {"uv": [12.5, 7, 13, 7.5], "texture": "#2"},
				"west": {"uv": [5, 11, 6.5, 11.5], "texture": "#2"},
				"up": {"uv": [2, 12.5, 1.5, 11], "texture": "#2"},
				"down": {"uv": [2.5, 11, 2, 12.5], "texture": "#2"}
			}
		},
		{
			"from": [9, 10, 7],
			"to": [10, 11, 10],
			"rotation": {"angle": 0, "axis": "y", "origin": [0, 10, 0]},
			"faces": {
				"north": {"uv": [8, 12.5, 8.5, 13], "texture": "#2"},
				"east": {"uv": [11, 5, 12.5, 5.5], "texture": "#2"},
				"south": {"uv": [10, 12.5, 10.5, 13], "texture": "#2"},
				"west": {"uv": [6.5, 11, 8, 11.5], "texture": "#2"},
				"up": {"uv": [10.5, 12.5, 10, 11], "texture": "#2"},
				"down": {"uv": [11, 11, 10.5, 12.5], "texture": "#2"}
			}
		},
		{
			"from": [7, 11, 10],
			"to": [8, 12, 11],
			"rotation": {"angle": 0, "axis": "y", "origin": [0, 11, 0]},
			"faces": {
				"north": {"uv": [10.5, 12.5, 11, 13], "texture": "#2"},
				"east": {"uv": [12.5, 11, 13, 11.5], "texture": "#2"},
				"south": {"uv": [12, 12.5, 12.5, 13], "texture": "#2"},
				"west": {"uv": [12.5, 12, 13, 12.5], "texture": "#2"},
				"up": {"uv": [13, 13, 12.5, 12.5], "texture": "#2"},
				"down": {"uv": [0.5, 13, 0, 13.5], "texture": "#2"}
			}
		},
		{
			"from": [6, 10, 10],
			"to": [9, 11, 11],
			"rotation": {"angle": 0, "axis": "y", "origin": [0, 10, 0]},
			"faces": {
				"north": {"uv": [11, 11, 12.5, 11.5], "texture": "#2"},
				"east": {"uv": [13, 0, 13.5, 0.5], "texture": "#2"},
				"south": {"uv": [0, 11.5, 1.5, 12], "texture": "#2"},
				"west": {"uv": [0.5, 13, 1, 13.5], "texture": "#2"},
				"up": {"uv": [5, 12, 3.5, 11.5], "texture": "#2"},
				"down": {"uv": [6.5, 11.5, 5, 12], "texture": "#2"}
			}
		},
		{
			"from": [7, 9, 11],
			"to": [8, 10, 12],
			"rotation": {"angle": 0, "axis": "y", "origin": [0, 9, 0]},
			"faces": {
				"north": {"uv": [13, 0.5, 13.5, 1], "texture": "#2"},
				"east": {"uv": [1, 13, 1.5, 13.5], "texture": "#2"},
				"south": {"uv": [13, 1, 13.5, 1.5], "texture": "#2"},
				"west": {"uv": [1.5, 13, 2, 13.5], "texture": "#2"},
				"up": {"uv": [13.5, 2, 13, 1.5], "texture": "#2"},
				"down": {"uv": [2.5, 13, 2, 13.5], "texture": "#2"}
			}
		},
		{
			"from": [4, 7, 7],
			"to": [5, 9, 10],
			"rotation": {"angle": 0, "axis": "y", "origin": [0, 8, 0]},
			"faces": {
				"north": {"uv": [1, 12, 1.5, 13], "texture": "#2"},
				"east": {"uv": [10, 6, 11.5, 7], "texture": "#2"},
				"south": {"uv": [3.5, 12, 4, 13], "texture": "#2"},
				"west": {"uv": [6.5, 10, 8, 11], "texture": "#2"},
				"up": {"uv": [12, 7.5, 11.5, 6], "texture": "#2"},
				"down": {"uv": [7, 11.5, 6.5, 13], "texture": "#2"}
			}
		},
		{
			"from": [4, 5, 6],
			"to": [5, 7, 11],
			"rotation": {"angle": 0, "axis": "y", "origin": [0, 6, 0]},
			"faces": {
				"north": {"uv": [4, 12, 4.5, 13], "texture": "#2"},
				"east": {"uv": [7.5, 4, 10, 5], "texture": "#2"},
				"south": {"uv": [4.5, 12, 5, 13], "texture": "#2"},
				"west": {"uv": [7.5, 5, 10, 6], "texture": "#2"},
				"up": {"uv": [8.5, 12.5, 8, 10], "texture": "#2"},
				"down": {"uv": [3, 10.5, 2.5, 13], "texture": "#2"}
			}
		},
		{
			"from": [5, 10, 7],
			"to": [6, 11, 10],
			"rotation": {"angle": 0, "axis": "y", "origin": [0, 10, 0]},
			"faces": {
				"north": {"uv": [2.5, 13, 3, 13.5], "texture": "#2"},
				"east": {"uv": [11.5, 7.5, 13, 8], "texture": "#2"},
				"south": {"uv": [13, 2.5, 13.5, 3], "texture": "#2"},
				"west": {"uv": [11.5, 8, 13, 8.5], "texture": "#2"},
				"up": {"uv": [7.5, 13, 7, 11.5], "texture": "#2"},
				"down": {"uv": [8, 11.5, 7.5, 13], "texture": "#2"}
			}
		},
		{
			"from": [9, 11, 8],
			"to": [10, 12, 9],
			"rotation": {"angle": 0, "axis": "y", "origin": [0, 11, 0]},
			"faces": {
				"north": {"uv": [3, 13, 3.5, 13.5], "texture": "#2"},
				"east": {"uv": [13, 3, 13.5, 3.5], "texture": "#2"},
				"south": {"uv": [3.5, 13, 4, 13.5], "texture": "#2"},
				"west": {"uv": [13, 3.5, 13.5, 4], "texture": "#2"},
				"up": {"uv": [4.5, 13.5, 4, 13], "texture": "#2"},
				"down": {"uv": [13.5, 4, 13, 4.5], "texture": "#2"}
			}
		},
		{
			"from": [5, 11, 8],
			"to": [6, 12, 9],
			"rotation": {"angle": 0, "axis": "y", "origin": [0, 11, 0]},
			"faces": {
				"north": {"uv": [4.5, 13, 5, 13.5], "texture": "#2"},
				"east": {"uv": [13, 4.5, 13.5, 5], "texture": "#2"},
				"south": {"uv": [5, 13, 5.5, 13.5], "texture": "#2"},
				"west": {"uv": [13, 5, 13.5, 5.5], "texture": "#2"},
				"up": {"uv": [6, 13.5, 5.5, 13], "texture": "#2"},
				"down": {"uv": [13.5, 5.5, 13, 6], "texture": "#2"}
			}
		},
		{
			"from": [4, 4, 5],
			"to": [5, 5, 12],
			"rotation": {"angle": 0, "axis": "y", "origin": [0, 4, 0]},
			"faces": {
				"north": {"uv": [6, 13, 6.5, 13.5], "texture": "#2"},
				"east": {"uv": [1.5, 9.5, 5, 10], "texture": "#2"},
				"south": {"uv": [13, 6, 13.5, 6.5], "texture": "#2"},
				"west": {"uv": [5, 9.5, 8.5, 10], "texture": "#2"},
				"up": {"uv": [10, 11.5, 9.5, 8], "texture": "#2"},
				"down": {"uv": [9, 9.5, 8.5, 13], "texture": "#2"}
			}
		},
		{
			"from": [6, 10, 7],
			"to": [9, 11, 10],
			"rotation": {"angle": 0, "axis": "y", "origin": [0, 10, 0]},
			"faces": {
				"north": {"uv": [11.5, 8.5, 13, 9], "texture": "#2"},
				"east": {"uv": [11.5, 9, 13, 9.5], "texture": "#2"},
				"south": {"uv": [11.5, 9.5, 13, 10], "texture": "#2"},
				"west": {"uv": [11.5, 10, 13, 10.5], "texture": "#2"},
				"up": {"uv": [9.5, 9.5, 8, 8], "texture": "#2"},
				"down": {"uv": [1.5, 8.5, 0, 10], "texture": "#2"}
			}
		},
		{
			"from": [4, 9, 8],
			"to": [5, 10, 9],
			"rotation": {"angle": 0, "axis": "y", "origin": [0, 9, 0]},
			"faces": {
				"north": {"uv": [6.5, 13, 7, 13.5], "texture": "#2"},
				"east": {"uv": [13, 6.5, 13.5, 7], "texture": "#2"},
				"south": {"uv": [7, 13, 7.5, 13.5], "texture": "#2"},
				"west": {"uv": [13, 7, 13.5, 7.5], "texture": "#2"},
				"up": {"uv": [8, 13.5, 7.5, 13], "texture": "#2"},
				"down": {"uv": [13.5, 7.5, 13, 8], "texture": "#2"}
			}
		},
		{
			"from": [6, 12, 8],
			"to": [7, 13, 9],
			"rotation": {"angle": 0, "axis": "y", "origin": [0, 12, 0]},
			"faces": {
				"north": {"uv": [8, 13, 8.5, 13.5], "texture": "#2"},
				"east": {"uv": [13, 8, 13.5, 8.5], "texture": "#2"},
				"south": {"uv": [8.5, 13, 9, 13.5], "texture": "#2"},
				"west": {"uv": [13, 8.5, 13.5, 9], "texture": "#2"},
				"up": {"uv": [9.5, 13.5, 9, 13], "texture": "#2"},
				"down": {"uv": [13.5, 9, 13, 9.5], "texture": "#2"}
			}
		},
		{
			"from": [8, 12, 8],
			"to": [9, 13, 9],
			"rotation": {"angle": 0, "axis": "y", "origin": [0, 12, 0]},
			"faces": {
				"north": {"uv": [9.5, 13, 10, 13.5], "texture": "#2"},
				"east": {"uv": [13, 9.5, 13.5, 10], "texture": "#2"},
				"south": {"uv": [10, 13, 10.5, 13.5], "texture": "#2"},
				"west": {"uv": [13, 10, 13.5, 10.5], "texture": "#2"},
				"up": {"uv": [11, 13.5, 10.5, 13], "texture": "#2"},
				"down": {"uv": [13.5, 10.5, 13, 11], "texture": "#2"}
			}
		},
		{
			"from": [10, 9, 8],
			"to": [11, 10, 9],
			"rotation": {"angle": 0, "axis": "y", "origin": [0, 9, 0]},
			"faces": {
				"north": {"uv": [11, 13, 11.5, 13.5], "texture": "#2"},
				"east": {"uv": [13, 11, 13.5, 11.5], "texture": "#2"},
				"south": {"uv": [11.5, 13, 12, 13.5], "texture": "#2"},
				"west": {"uv": [13, 11.5, 13.5, 12], "texture": "#2"},
				"up": {"uv": [12.5, 13.5, 12, 13], "texture": "#2"},
				"down": {"uv": [13.5, 12, 13, 12.5], "texture": "#2"}
			}
		},
		{
			"from": [10, 7, 7],
			"to": [11, 9, 10],
			"rotation": {"angle": 0, "axis": "y", "origin": [0, 7, 0]},
			"faces": {
				"north": {"uv": [5, 12, 5.5, 13], "texture": "#2"},
				"east": {"uv": [10, 7, 11.5, 8], "texture": "#2"},
				"south": {"uv": [5.5, 12, 6, 13], "texture": "#2"},
				"west": {"uv": [10, 8, 11.5, 9], "texture": "#2"},
				"up": {"uv": [10, 13, 9.5, 11.5], "texture": "#2"},
				"down": {"uv": [11.5, 11.5, 11, 13], "texture": "#2"}
			}
		},
		{
			"from": [10, 5, 6],
			"to": [11, 7, 11],
			"rotation": {"angle": 0, "axis": "y", "origin": [0, 6, 0]},
			"faces": {
				"north": {"uv": [12, 5.5, 12.5, 6.5], "texture": "#2"},
				"east": {"uv": [7.5, 6, 10, 7], "texture": "#2"},
				"south": {"uv": [6, 12, 6.5, 13], "texture": "#2"},
				"west": {"uv": [7.5, 7, 10, 8], "texture": "#2"},
				"up": {"uv": [3.5, 13, 3, 10.5], "texture": "#2"},
				"down": {"uv": [11, 3, 10.5, 5.5], "texture": "#2"}
			}
		},
		{
			"from": [10, 4, 5],
			"to": [11, 5, 12],
			"rotation": {"angle": 0, "axis": "y", "origin": [0, 4, 0]},
			"faces": {
				"north": {"uv": [12.5, 13, 13, 13.5], "texture": "#2"},
				"east": {"uv": [0, 10, 3.5, 10.5], "texture": "#2"},
				"south": {"uv": [13, 12.5, 13.5, 13], "texture": "#2"},
				"west": {"uv": [10, 2, 13.5, 2.5], "texture": "#2"},
				"up": {"uv": [9.5, 13, 9, 9.5], "texture": "#2"},
				"down": {"uv": [10.5, 2.5, 10, 6], "texture": "#2"}
			}
		},
		{
			"from": [6, 7, 11],
			"to": [9, 9, 12],
			"rotation": {"angle": 0, "axis": "y", "origin": [0, 7, 0]},
			"faces": {
				"north": {"uv": [10, 9, 11.5, 10], "texture": "#2"},
				"east": {"uv": [12, 6.5, 12.5, 7.5], "texture": "#2"},
				"south": {"uv": [10, 10, 11.5, 11], "texture": "#2"},
				"west": {"uv": [11.5, 12, 12, 13], "texture": "#2"},
				"up": {"uv": [13, 11, 11.5, 10.5], "texture": "#2"},
				"down": {"uv": [13, 11.5, 11.5, 12], "texture": "#2"}
			}
		}
	],
	"gui_light": "front",
	"display": {
		"thirdperson_righthand": {
			"rotation": [0, 125, 0],
			"translation": [-1.5, 1.75, 1],
			"scale": [0.4, 0.4, 0.4]
		},
		"thirdperson_lefthand": {
			"rotation": [0, 125, 0],
			"translation": [-1.5, 1.75, 1],
			"scale": [0.4, 0.4, 0.4]
		},
		"firstperson_righthand": {
			"rotation": [-18, 115, 0],
			"translation": [1.5, 2.75, 0],
			"scale": [0.4, 0.4, 0.4]
		},
		"firstperson_lefthand": {
			"rotation": [-18, 115, 0],
			"translation": [1.5, 2.75, 0],
			"scale": [0.4, 0.4, 0.4]
		},
		"ground": {
			"translation": [0, 2.5, 0],
			"scale": [0.5, 0.5, 0.5]
		},
		"gui": {
			"rotation": [0, 150, 0],
			"scale": [1, 1, 0.99]
		},
		"head": {
			"translation": [0, 9.75, 0],
			"scale": [0.4, 0.4, 0.4]
		},
		"fixed": {
			"translation": [0, 0, -1]
		}
	},
	"groups": [
		{
			"name": "Eggshell",
			"origin": [0, 0, 0],
			"color": 0,
			"children": [
				{
					"name": "base_case_gold",
					"origin": [0, 0, 0],
					"color": 0,
					"children": [0, 1, 2, 3, 4, 5, 6]
				},
				{
					"name": "base_center_gold",
					"origin": [0, 0, 0],
					"color": 0,
					"children": [7, 8, 9]
				},
				{
					"name": "base_shell_gold",
					"origin": [0, 2, 0],
					"color": 0,
					"children": [10, 11, 12, 13, 14, 15, 16]
				},
				{
					"name": "base_shell_gold2",
					"origin": [0, 3, 0],
					"color": 1,
					"children": [17, 18, 19, 20, 21, 22, 23]
				},
				{
					"name": "base_shell_gold3",
					"origin": [0, 4, 0],
					"color": 4,
					"children": [24, 25, 26, 27, 28, 29, 30, 31, 32]
				},
				{
					"name": "base_shell_gold4",
					"origin": [0, 5, 0],
					"color": 1,
					"children": [33, 34, 35, 36, 37, 38, 39, 40, 41, 42, 43]
				},
				{
					"name": "base_shell_gold5",
					"origin": [0, 6, 0],
					"color": 1,
					"children": [44, 45, 46, 47, 48]
				},
				{
					"name": "base_shell_gold6",
					"origin": [0, 7, 0],
					"color": 1,
					"children": [49, 50, 51, 52, 53]
				},
				{
					"name": "base_shell_gold7",
					"origin": [0, 8, 0],
					"color": 1,
					"children": [54]
				},
				{
					"name": "base_shell_gold8",
					"origin": [0, 9, 0],
					"color": 1,
					"children": [55]
				},
				{
					"name": "Frame",
					"origin": [0, 0, 0],
					"color": 0,
					"children": [56, 57, 58, 59, 60, 61, 62, 63, 64, 65, 66, 67]
				},
				{
					"name": "FrameTip",
					"origin": [0, 0, 0],
					"color": 0,
					"children": [68, 69, 70, 71, 72, 73, 74, 75, 76, 77, 78, 79, 80]
				}
			]
		},
		{
			"name": "Gem",
			"origin": [0, 0, 0],
			"color": 0,
			"children": [81, 82, 83, 84, 85, 86, 87, 88, 89, 90, 91, 92, 93, 94, 95, 96, 97, 98, 99, 100, 101, 102, 103, 104, 105, 106, 107, 108]
		}
	]
}