{
	"type": "minecraft:jigsaw",
	"biomes": [
			   "cultepack:ocean",
			   "cultepack:ocean_chaud"
],
	"step": "surface_structures",
	"spawn_overrides": {},
	"terrain_adaptation": "none",
	"start_pool": "cultepack:bateau_1",
	"size": 6,
	"start_height": {
		"type": "minecraft:uniform",
		"min_inclusive": {
			"absolute": -5
		},
		"max_inclusive": {
			"absolute": -5
		}
	},
	"project_start_to_heightmap": "WORLD_SURFACE_WG",
	"max_distance_from_center": 80,
	"use_expansion_hack": false
}
