{
	"type": "minecraft:jigsaw",
	"biomes": [
	
		
		"cultepack:terre_magique"
	
	],
	"step": "surface_structures",
	"spawn_overrides": {},
	"terrain_adaptation": "beard_thin",
	"start_pool": "cultepack:village_terre_magique/cherry_center",
	"size": 6,
	"start_height": {
		"type": "minecraft:uniform",
		"min_inclusive": {
			"absolute": 0
		},
		"max_inclusive": {
			"absolute": 0
		}
	},
	"project_start_to_heightmap": "WORLD_SURFACE_WG",
	"max_distance_from_center": 80,
	"use_expansion_hack": false
}
