{
    "description": "Résistance au Poison",
    "supported_items": "minecraft:popped_chorus_fruit",
    "weight": 1,
    "max_level": 1,
    "min_cost": {
      "base": 0,
      "per_level_above_first": 0
    },
    "max_cost": {
      "base": 0,
      "per_level_above_first": 0
    },
    "anvil_cost": 1,
    "slots": [
      "offhand"
    ],
    "effects": {
      "minecraft:tick": [
        {
          "effect": {
            "type": "minecraft:run_function",
            "function": "cultepack:events/bague/poison_clear"
          }
        }
      ]
    }
  }
  