{
	"feature": "cultepack:arbre_magic2",
    "placement": [
        {
          "type": "minecraft:rarity_filter",
          "chance": 5
        },
        {
          "type": "minecraft:count",
          "count": {
            "type": "minecraft:uniform",
            "value": {
              "min_inclusive": 8,
              "max_inclusive": 10
            }
          }
        },
        {
          "type": "minecraft:biome"
        },
        {
          "type": "minecraft:in_square"
        },
        {
          "type": "minecraft:heightmap",
          "heightmap": "WORLD_SURFACE_WG"
        },
        {
          "type": "minecraft:block_predicate_filter",
          "predicate": {
            "type": "minecraft:matching_blocks",
            "offset": [
              0,
              -1,
              0
            ],
            "blocks": "minecraft:grass_block"
          }
        }
      ]
    }
    