{
	"feature": "cultepack:sculk_1",
    "placement": [
        {
          "type": "minecraft:rarity_filter",
          "chance": 5
        },
        {
            "type": "minecraft:random_offset",
            "xz_spread": {
              "type": "minecraft:uniform",
              "value": {
                "min_inclusive": 3,
                "max_inclusive": 16
              }
            },
            "y_spread": {
              "type": "minecraft:uniform",
              "value": {
                "min_inclusive": -5,
                "max_inclusive": 10
              }
            }
          },
        {
          "type": "minecraft:count",
          "count": {
            "type": "minecraft:uniform",
            "value": {
                "min_inclusive": 204,
                "max_inclusive": 250
              }
          }
        },
        {
          "type": "minecraft:biome"
        },
        {
          "type": "minecraft:in_square"
        },
        {
          "type": "minecraft:heightmap",
          "heightmap": "WORLD_SURFACE_WG"
        }
        
      ]
    }
    