{
	"type": "minecraft:chest",
	"pools": [
		{
			"rolls": 1,
			"entries": [
			  {
				"type": "minecraft:loot_table",
				"value": "cultepack:chests/potion",
				"weight": 1
			  },
			  {
				"type": "minecraft:empty",
				"weight": 4 
			  }
			]
		  },
		{
			"rolls": {
			  "min": 1,
			  "max": 1
			},
			"entries": [
			  {
				"weight" : 1,
				"type": "minecraft:loot_table",
				"value": "cultepack:entities/map"
			  },
			  {
				"weight" : 6,
				"type": "minecraft:loot_table",
				"value": "cultepack:entities/vide"
			  }
			]
		  },
		{
				"rolls": {
					"min": 1,
					"max": 2
				},
				"entries": [
					{
						"type": "minecraft:item",
						"weight": 1,
						"name": "minecraft:popped_chorus_fruit",
						"functions": [
							{
								"function": "minecraft:set_components",
								"components":{
                                    "minecraft:custom_name": [{text:'Pierre d\'Invocation ★★★★★',italic:false,color:gold}],
                                    "minecraft:lore": [
                                      [{text:'Contient une âme',italic:false}],
                                      [{text:'',italic:false}],
                                      [{text:'Utilisée à un Autel',italic:true,color:dark_gray}],
                                      [{text:'sacrificiel, libère un',italic:true,color:dark_gray}],
                                      [{text:'puissant boss au niveau',italic:true,color:dark_gray}],
                                      [{text:'de la pierre',italic:true,color:dark_gray}]
                                    ],
									"minecraft:custom_model_data": {
									"strings": [
									  "rune_invoc"
									]
								  },
									"minecraft:custom_data": {
									  "Tags": [
										"pierre_invoc_5"
									  ]
									}
								  }
							}
						]
					},
					{
						"type": "minecraft:item",
						"weight": 2,
						"name": "minecraft:nether_star",
						"functions": [
							{
								"function": "minecraft:set_count",
								"count": {
									"min": 1,
									"max": 2
								}
							}
							
						]
					}
				]
		},


		{
			"rolls": {
				"min": 3,
				"max": 4
			},
			"entries": [
                {
                    "type": "minecraft:item",
					"weight": 2,
					"name": "minecraft:netherite_ingot",
					"functions": [
						{
							"function": "minecraft:set_count",
							"count": {
								"min": 1,
								"max": 2
							}
						}
						
					]
                },
				{
                    "type": "minecraft:item",
					"weight": 6,
					"name": "minecraft:wither_skeleton_skull",
					"functions": [
						{
							"function": "minecraft:set_count",
							"count": {
								"min": 1,
								"max": 2
							}
						}
						
					]
                },
				{
                    "type": "minecraft:item",
					"weight": 6,
					"name": "minecraft:obsidian",
					"functions": [
						{
							"function": "minecraft:set_count",
							"count": {
								"min": 10,
								"max": 25
							}
						}
						
					]
                }
            ]
        }
    ]
}
            
        
