{
	"credit": "Made with Blockbench",
	"textures": {
		"1": "item/rune_invoc",
		"3": "item/rune_invoc_xp",
		"particle": "item/rune_invoc"
	},
	"elements": [
		{
			"from": [6, 11, -7],
			"to": [10, 12, 0],
			"rotation": {"angle": 45, "axis": "x", "origin": [0, 0, 0]},
			"faces": {
				"north": {"uv": [8, 9, 12, 10], "texture": "#1"},
				"east": {"uv": [0, 7, 7, 8], "texture": "#1"},
				"south": {"uv": [0, 10, 4, 11], "texture": "#1"},
				"west": {"uv": [7, 7, 14, 8], "texture": "#1"},
				"up": {"uv": [4, 7, 0, 0], "texture": "#1"},
				"down": {"uv": [8, 0, 4, 7], "texture": "#1"}
			}
		},
		{
			"from": [7, 11, -8],
			"to": [9, 12, -7],
			"rotation": {"angle": 45, "axis": "x", "origin": [0, 0, 0]},
			"faces": {
				"north": {"uv": [10, 1, 12, 2], "texture": "#1"},
				"east": {"uv": [10, 4, 11, 5], "texture": "#1"},
				"south": {"uv": [10, 2, 12, 3], "texture": "#1"},
				"west": {"uv": [10, 5, 11, 6], "texture": "#1"},
				"up": {"uv": [12, 4, 10, 3], "texture": "#1"},
				"down": {"uv": [6, 10, 4, 11], "texture": "#1"}
			}
		},
		{
			"from": [5, 11, -6],
			"to": [6, 12, 0],
			"rotation": {"angle": 45, "axis": "x", "origin": [0, 0, 0]},
			"faces": {
				"north": {"uv": [10, 6, 11, 7], "texture": "#1"},
				"east": {"uv": [0, 8, 6, 9], "texture": "#1"},
				"south": {"uv": [8, 10, 9, 11], "texture": "#1"},
				"west": {"uv": [8, 0, 14, 1], "texture": "#1"},
				"up": {"uv": [9, 7, 8, 1], "texture": "#1"},
				"down": {"uv": [7, 8, 6, 14], "texture": "#1"}
			}
		},
		{
			"from": [10, 11, -6],
			"to": [11, 12, 0],
			"rotation": {"angle": 45, "axis": "x", "origin": [0, 0, 0]},
			"faces": {
				"north": {"uv": [9, 10, 10, 11], "texture": "#1"},
				"east": {"uv": [7, 8, 13, 9], "texture": "#1"},
				"south": {"uv": [10, 10, 11, 11], "texture": "#1"},
				"west": {"uv": [0, 9, 6, 10], "texture": "#1"},
				"up": {"uv": [10, 7, 9, 1], "texture": "#1"},
				"down": {"uv": [8, 9, 7, 15], "texture": "#1"}
			}
		},
		{
			"from": [0, 13, -9],
			"to": [1, 13, -8],
			"rotation": {"angle": 45, "axis": "x", "origin": [0, 0, 0]},
			"faces": {
				"north": {"uv": [1, 4, 2, 4], "texture": "#3"},
				"east": {"uv": [0, 4, 1, 4], "texture": "#3"},
				"south": {"uv": [3, 4, 4, 4], "texture": "#3"},
				"west": {"uv": [2, 4, 3, 4], "texture": "#3"},
				"up": {"uv": [2, 4, 1, 3], "texture": "#3"},
				"down": {"uv": [3, 3, 2, 4], "texture": "#3"}
			}
		},
		{
			"from": [3, 14, -12],
			"to": [4, 14, -11],
			"rotation": {"angle": 45, "axis": "x", "origin": [0, 0, 0]},
			"faces": {
				"north": {"uv": [3, 3, 4, 3], "texture": "#3"},
				"east": {"uv": [2, 3, 3, 3], "texture": "#3"},
				"south": {"uv": [5, 3, 6, 3], "texture": "#3"},
				"west": {"uv": [4, 3, 5, 3], "texture": "#3"},
				"up": {"uv": [4, 3, 3, 2], "texture": "#3"},
				"down": {"uv": [5, 2, 4, 3], "texture": "#3"}
			}
		},
		{
			"from": [6, 12, -12],
			"to": [7, 12, -11],
			"rotation": {"angle": 45, "axis": "x", "origin": [0, 0, 0]},
			"faces": {
				"north": {"uv": [3, 2, 4, 2], "texture": "#3"},
				"east": {"uv": [2, 2, 3, 2], "texture": "#3"},
				"south": {"uv": [5, 2, 6, 2], "texture": "#3"},
				"west": {"uv": [4, 2, 5, 2], "texture": "#3"},
				"up": {"uv": [4, 2, 3, 1], "texture": "#3"},
				"down": {"uv": [5, 1, 4, 2], "texture": "#3"}
			}
		},
		{
			"from": [11, 10, -15],
			"to": [12, 10, -14],
			"rotation": {"angle": 45, "axis": "x", "origin": [0, 0, 0]},
			"faces": {
				"north": {"uv": [3, 1, 4, 1], "texture": "#3"},
				"east": {"uv": [2, 1, 3, 1], "texture": "#3"},
				"south": {"uv": [5, 1, 6, 1], "texture": "#3"},
				"west": {"uv": [4, 1, 5, 1], "texture": "#3"},
				"up": {"uv": [4, 1, 3, 0], "texture": "#3"},
				"down": {"uv": [5, 0, 4, 1], "texture": "#3"}
			}
		},
		{
			"from": [13, 12, -4],
			"to": [14, 12, -3],
			"rotation": {"angle": 45, "axis": "x", "origin": [0, 0, 0]},
			"faces": {
				"north": {"uv": [1, 3, 2, 3], "texture": "#3"},
				"east": {"uv": [0, 3, 1, 3], "texture": "#3"},
				"south": {"uv": [3, 3, 4, 3], "texture": "#3"},
				"west": {"uv": [2, 3, 3, 3], "texture": "#3"},
				"up": {"uv": [2, 3, 1, 2], "texture": "#3"},
				"down": {"uv": [3, 2, 2, 3], "texture": "#3"}
			}
		},
		{
			"from": [1, 11, -3],
			"to": [2, 11, -2],
			"rotation": {"angle": 45, "axis": "x", "origin": [0, 0, 0]},
			"faces": {
				"north": {"uv": [1, 2, 2, 2], "texture": "#3"},
				"east": {"uv": [0, 2, 1, 2], "texture": "#3"},
				"south": {"uv": [3, 2, 4, 2], "texture": "#3"},
				"west": {"uv": [2, 2, 3, 2], "texture": "#3"},
				"up": {"uv": [2, 2, 1, 1], "texture": "#3"},
				"down": {"uv": [3, 1, 2, 2], "texture": "#3"}
			}
		},
		{
			"from": [14, 15, -8],
			"to": [15, 15, -7],
			"rotation": {"angle": 45, "axis": "x", "origin": [0, 0, 0]},
			"faces": {
				"north": {"uv": [1, 1, 2, 1], "texture": "#3"},
				"east": {"uv": [0, 1, 1, 1], "texture": "#3"},
				"south": {"uv": [3, 1, 4, 1], "texture": "#3"},
				"west": {"uv": [2, 1, 3, 1], "texture": "#3"},
				"up": {"uv": [2, 1, 1, 0], "texture": "#3"},
				"down": {"uv": [3, 0, 2, 1], "texture": "#3"}
			}
		}
	],
	"display": {
		"gui": {
			"rotation": [48, 0, 0],
			"translation": [0, -7, 0],
			"scale": [1.2, 1.2, 1.2]
		},
		"fixed": {
			"rotation": [-45, 180, 0],
			"translation": [0, -9, -0.5],
			"scale": [2, 2, 2]
		}
	},
	"groups": [
		{
			"name": "group",
			"origin": [8, 8, 8],
			"color": 0,
			"children": [0, 1, 2, 3]
		},
		{
			"name": "group",
			"origin": [8, 8, 8],
			"color": 0,
			"children": [4, 5, 6, 7, 8, 9, 10]
		}
	]
}