{
    "type": "minecraft:tree",
    "config": {
      "force_dirt": false,
      "minimum_size": {
        "type": "minecraft:two_layers_feature_size"
      },
      "dirt_provider": {
        "type": "minecraft:weighted_state_provider",
        "entries": [
          {
            "weight": 4,
            "data": {
              "Name": "minecraft:mossy_cobblestone"
            }
          },
          {
            "weight": 20,
            "data": {
              "Name": "minecraft:grass_block",
              "Properties": {
                "snowy": "false"
              }
            }
          },
          {
            "weight": 2,
            "data": {
              "Name": "minecraft:shroomlight"
            }
          },
          {
            "weight": 10,
            "data": {
              "Name": "minecraft:rooted_dirt"
            }
          }
        ]
      },
      "trunk_provider": {
        "type": "minecraft:simple_state_provider",
        "state": {
          "Name": "minecraft:twisting_vines"
        }
      },
      "foliage_provider": {
        "type": "minecraft:simple_state_provider",
        "state": {
          "Name": "minecraft:air"
        }
      },
      "trunk_placer": {
        "type": "minecraft:straight_trunk_placer",
        "base_height": 12,
        "height_rand_a": 10,
        "height_rand_b": 5
      },
      "foliage_placer": {
        "type": "minecraft:acacia_foliage_placer",
        "radius": 0,
        "offset": 0
      },
      "decorators": []
    }
  }
  