{
  "temperature": 0.8,
  "downfall": 0,
  "has_precipitation": true,
  "effects": {
    "sky_color": 49151,
    "fog_color": 7774871,
    "water_color": 1578239,
    "water_fog_color": 6404863,
    "grass_color": 15070958,
    "foliage_color": 11202235,
    "dry_foliage_color": 15650474
  },
  "spawners": {
    "monster": [
			{
				"type": "minecraft:stray",
				"weight": 2,
				"minCount": 1,
				"maxCount": 2
			},
			{
				"type": "minecraft:skeleton",
				"weight": 1,
				"minCount": 1,
				"maxCount": 1
			}
		]
  },
  "spawn_costs": {},
  "carvers": [],
  "features": [
    [
    "cultepack:arbre_glace_1", 
    "cultepack:arbre_glace_2"
    ],
    [
      "minecraft:pale_garden_flowers",
      "minecraft:sea_pickle",
      "minecraft:seagrass_river",
      "patch_grass_taiga",
      "patch_grass_taiga_2",
      "patch_dead_bush_2"
    ],
    ["cultepack:bedrock"]
  ]
}