{
  "type": "minecraft:tree",
  "config": {
    "minimum_size": {
      "type": "minecraft:three_layers_feature_size"
    },
    "dirt_provider": {
      "type": "minecraft:simple_state_provider",
      "state": {
        "Name": "minecraft:dirt"
      }
    },
    "trunk_provider": {
      "type": "minecraft:simple_state_provider",
      "state": {
        "Name": "minecraft:pale_oak_log"
      }
    },
    "foliage_provider": {
      "type": "minecraft:weighted_state_provider",
      "entries": [
        {
          "weight": 1,
          "data": {
            "Name": "minecraft:pale_oak_leaves"
          }
        },
        {
          "weight": 1,
          "data": {
            "Name": "minecraft:jungle_leaves"
          }
        }
      ]
    },
    "trunk_placer": {
      "type": "minecraft:forking_trunk_placer",
      "base_height": 9,
      "height_rand_a": 11,
      "height_rand_b": 6
    },
    "foliage_placer": {
      "type": "minecraft:fancy_foliage_placer",
      "radius": {
        "type": "minecraft:uniform",
        "min_inclusive": 2,
        "max_inclusive": 4
      },
      "offset": 0,
      "height": 2
    },
    "decorators": [
      {
        "type": "minecraft:pale_moss",
        "leaves_probability": 0.4,
        "trunk_probability": 1,
        "ground_probability": 1
      }
    ]
  }
}