{
	"ultrawarm": false,
	"natural": false,
	"piglin_safe": true,
	"respawn_anchor_works": false,
	"bed_works": false,
	"has_raids": true,
	"has_skylight": true,
	"has_ceiling": false,
	"coordinate_scale": 1,
	"ambient_light": 0,
	"fixed_time": 13000,
	"logical_height": 224,
	"effects": "minecraft:overworld",
	"infiniburn": "#minecraft:infiniburn_end",
	"min_y": 32,
	"height": 224,
	"monster_spawn_light_level": {
		"type": "minecraft:uniform",
		"value": {
			"min_inclusive": 0,
			"max_inclusive": 15
		}
	},
	"monster_spawn_block_light_limit": 15
}