{
	"credit": "Made with Blockbench",
	"textures": {
		"0": "item/warden_crown",
		"1": "item/warden_top",
		"2": "item/warden_brim",
		"3": "item/brim_bits",
		"4": "item/warden_horn",
		"5": "item/warden_sculk_tendrils",
		"particle": "item/warden_crown"
	},
	"elements": [
		{
			"from": [13, 7, 4],
			"to": [13, 11, 13],
			"faces": {
				"north": {"uv": [0, 2, 16, 12], "texture": "#0"},
				"east": {"uv": [0, 2, 16, 12], "texture": "#0"},
				"south": {"uv": [0, 2, 16, 12], "texture": "#0"},
				"west": {"uv": [0, 2, 16, 12], "texture": "#0"},
				"up": {"uv": [0, 2, 16, 12], "texture": "#0"},
				"down": {"uv": [0, 2, 16, 12], "texture": "#0"}
			}
		},
		{
			"from": [4, 7, 4],
			"to": [4, 11, 13],
			"faces": {
				"north": {"uv": [0, 2, 16, 12], "texture": "#0"},
				"east": {"uv": [0, 2, 16, 12], "texture": "#0"},
				"south": {"uv": [0, 2, 16, 12], "texture": "#0"},
				"west": {"uv": [0, 2, 16, 12], "texture": "#0"},
				"up": {"uv": [0, 2, 16, 12], "texture": "#0"},
				"down": {"uv": [0, 2, 16, 12], "texture": "#0"}
			}
		},
		{
			"from": [4, 7, 13],
			"to": [13, 11, 13],
			"faces": {
				"north": {"uv": [0, 2, 16, 12], "texture": "#0"},
				"east": {"uv": [0, 2, 16, 12], "texture": "#0"},
				"south": {"uv": [0, 2, 16, 12], "texture": "#0"},
				"west": {"uv": [0, 2, 16, 12], "texture": "#0"},
				"up": {"uv": [0, 2, 16, 12], "texture": "#0"},
				"down": {"uv": [0, 2, 16, 12], "texture": "#0"}
			}
		},
		{
			"from": [4, 7, 4],
			"to": [13, 11, 4],
			"faces": {
				"north": {"uv": [0, 2, 16, 12], "texture": "#0"},
				"east": {"uv": [0, 2, 16, 12], "texture": "#0"},
				"south": {"uv": [0, 2, 16, 12], "texture": "#0"},
				"west": {"uv": [0, 2, 16, 12], "texture": "#0"},
				"up": {"uv": [0, 2, 16, 12], "texture": "#0"},
				"down": {"uv": [0, 2, 16, 12], "texture": "#0"}
			}
		},
		{
			"from": [4, 11, 4],
			"to": [13, 11, 13],
			"faces": {
				"north": {"uv": [16, 16, 0, 0], "texture": "#1"},
				"east": {"uv": [16, 16, 0, 0], "texture": "#1"},
				"south": {"uv": [16, 16, 0, 0], "texture": "#1"},
				"west": {"uv": [16, 16, 0, 0], "texture": "#1"},
				"up": {"uv": [16, 16, 0, 0], "texture": "#1"},
				"down": {"uv": [16, 16, 0, 0], "texture": "#1"}
			}
		},
		{
			"from": [1, 7, 1],
			"to": [16, 7, 16],
			"faces": {
				"north": {"uv": [7.5, 7.5, 0, 0], "texture": "#2"},
				"east": {"uv": [7.5, 7.5, 0, 0], "texture": "#2"},
				"south": {"uv": [7.5, 7.5, 0, 0], "texture": "#2"},
				"west": {"uv": [7.5, 7.5, 0, 0], "texture": "#2"},
				"up": {"uv": [7.5, 7.5, 0, 0], "texture": "#2"},
				"down": {"uv": [7.5, 0, 0, 7.5], "texture": "#2"}
			}
		},
		{
			"from": [2, 7, 0],
			"to": [15, 7, 1],
			"faces": {
				"north": {"uv": [14, 0.5, 7.5, 0], "texture": "#2"},
				"east": {"uv": [14, 0.5, 7.5, 0], "texture": "#2"},
				"south": {"uv": [14, 0.5, 7.5, 0], "texture": "#2"},
				"west": {"uv": [14, 0.5, 7.5, 0], "texture": "#2"},
				"up": {"uv": [14, 0.5, 7.5, 0], "texture": "#2"},
				"down": {"uv": [14, 0, 7.5, 0.5], "texture": "#2"}
			}
		},
		{
			"from": [0, 7, 2],
			"to": [1, 7, 15],
			"faces": {
				"north": {"uv": [8.5, 8.5, 8, 2], "texture": "#2"},
				"east": {"uv": [8.5, 8.5, 8, 2], "texture": "#2"},
				"south": {"uv": [8.5, 8.5, 8, 2], "texture": "#2"},
				"west": {"uv": [8.5, 8.5, 8, 2], "texture": "#2"},
				"up": {"uv": [8.5, 8.5, 8, 2], "texture": "#2"},
				"down": {"uv": [8.5, 2, 8, 8.5], "texture": "#2"}
			}
		},
		{
			"from": [16, 7, 2],
			"to": [17, 7, 15],
			"faces": {
				"north": {"uv": [8, 7.5, 7.5, 1], "texture": "#2"},
				"east": {"uv": [8, 7.5, 7.5, 1], "texture": "#2"},
				"south": {"uv": [8, 7.5, 7.5, 1], "texture": "#2"},
				"west": {"uv": [8, 7.5, 7.5, 1], "texture": "#2"},
				"up": {"uv": [8, 7.5, 7.5, 1], "texture": "#2"},
				"down": {"uv": [8, 1, 7.5, 7.5], "texture": "#2"}
			}
		},
		{
			"from": [2, 7, 16],
			"to": [15, 7, 17],
			"faces": {
				"north": {"uv": [14.5, 1.5, 8, 1], "texture": "#2"},
				"east": {"uv": [14.5, 1.5, 8, 1], "texture": "#2"},
				"south": {"uv": [14.5, 1.5, 8, 1], "texture": "#2"},
				"west": {"uv": [14.5, 1.5, 8, 1], "texture": "#2"},
				"up": {"uv": [14.5, 1.5, 8, 1], "texture": "#2"},
				"down": {"uv": [14.5, 1, 8, 1.5], "texture": "#2"}
			}
		},
		{
			"from": [12.5, 6.5, 0],
			"to": [13, 7, 0],
			"faces": {
				"north": {"uv": [0, 0, 0, 1], "texture": "#3"},
				"east": {"uv": [0, 0, 0, 1], "texture": "#3"},
				"south": {"uv": [0, 0, 0, 1], "texture": "#3"},
				"west": {"uv": [0, 0, 0, 1], "texture": "#3"},
				"up": {"uv": [0, 0, 0, 1], "texture": "#3"},
				"down": {"uv": [0, 0, 0, 1], "texture": "#3"}
			}
		},
		{
			"from": [12, 6.5, 0],
			"to": [12.5, 7, 0],
			"faces": {
				"north": {"uv": [0, 0, 0, 1], "texture": "#3"},
				"east": {"uv": [0, 0, 0, 1], "texture": "#3"},
				"south": {"uv": [0, 0, 0, 1], "texture": "#3"},
				"west": {"uv": [0, 0, 0, 1], "texture": "#3"},
				"up": {"uv": [0, 0, 0, 1], "texture": "#3"},
				"down": {"uv": [0, 0, 0, 1], "texture": "#3"}
			}
		},
		{
			"from": [7, 6.5, 0],
			"to": [7.5, 7, 0],
			"faces": {
				"north": {"uv": [0, 0, 0, 1], "texture": "#3"},
				"east": {"uv": [0, 0, 0, 1], "texture": "#3"},
				"south": {"uv": [0, 0, 0, 1], "texture": "#3"},
				"west": {"uv": [0, 0, 0, 1], "texture": "#3"},
				"up": {"uv": [0, 0, 0, 1], "texture": "#3"},
				"down": {"uv": [0, 0, 0, 1], "texture": "#3"}
			}
		},
		{
			"from": [3, 6.5, 0],
			"to": [3.5, 7, 0],
			"faces": {
				"north": {"uv": [0, 0, 0, 1], "texture": "#3"},
				"east": {"uv": [0, 0, 0, 1], "texture": "#3"},
				"south": {"uv": [0, 0, 0, 1], "texture": "#3"},
				"west": {"uv": [0, 0, 0, 1], "texture": "#3"},
				"up": {"uv": [0, 0, 0, 1], "texture": "#3"},
				"down": {"uv": [0, 0, 0, 1], "texture": "#3"}
			}
		},
		{
			"from": [2.5, 6.5, 0],
			"to": [3, 7, 0],
			"faces": {
				"north": {"uv": [0, 0, 0, 1], "texture": "#3"},
				"east": {"uv": [0, 0, 0, 1], "texture": "#3"},
				"south": {"uv": [0, 0, 0, 1], "texture": "#3"},
				"west": {"uv": [0, 0, 0, 1], "texture": "#3"},
				"up": {"uv": [0, 0, 0, 1], "texture": "#3"},
				"down": {"uv": [0, 0, 0, 1], "texture": "#3"}
			}
		},
		{
			"from": [1, 6.5, 1],
			"to": [1.5, 7, 1],
			"faces": {
				"north": {"uv": [0, 0, 0, 1], "texture": "#3"},
				"east": {"uv": [0, 0, 0, 1], "texture": "#3"},
				"south": {"uv": [0, 0, 0, 1], "texture": "#3"},
				"west": {"uv": [0, 0, 0, 1], "texture": "#3"},
				"up": {"uv": [0, 0, 0, 1], "texture": "#3"},
				"down": {"uv": [0, 0, 0, 1], "texture": "#3"}
			}
		},
		{
			"from": [7.5, 6.5, 0],
			"to": [8, 7, 0],
			"faces": {
				"north": {"uv": [0, 0, 0, 1], "texture": "#3"},
				"east": {"uv": [0, 0, 0, 1], "texture": "#3"},
				"south": {"uv": [0, 0, 0, 1], "texture": "#3"},
				"west": {"uv": [0, 0, 0, 1], "texture": "#3"},
				"up": {"uv": [0, 0, 0, 1], "texture": "#3"},
				"down": {"uv": [0, 0, 0, 1], "texture": "#3"}
			}
		},
		{
			"from": [15.5, 6.5, 1],
			"to": [16, 7, 1],
			"faces": {
				"north": {"uv": [0, 0, 0, 1], "texture": "#3"},
				"east": {"uv": [0, 0, 0, 1], "texture": "#3"},
				"south": {"uv": [0, 0, 0, 1], "texture": "#3"},
				"west": {"uv": [0, 0, 0, 1], "texture": "#3"},
				"up": {"uv": [0, 0, 0, 1], "texture": "#3"},
				"down": {"uv": [0, 0, 0, 1], "texture": "#3"}
			}
		},
		{
			"from": [16, 6.5, 1],
			"to": [16, 7, 1.5],
			"faces": {
				"north": {"uv": [7, 0, 8, 1], "texture": "#3"},
				"east": {"uv": [7, 0, 8, 1], "texture": "#3"},
				"south": {"uv": [7, 0, 8, 1], "texture": "#3"},
				"west": {"uv": [7, 0, 8, 1], "texture": "#3"},
				"up": {"uv": [7, 0, 8, 1], "texture": "#3"},
				"down": {"uv": [7, 0, 8, 1], "texture": "#3"}
			}
		},
		{
			"from": [17, 6.5, 3.5],
			"to": [17, 7, 4],
			"faces": {
				"north": {"uv": [6, 6, 7, 7], "texture": "#3"},
				"east": {"uv": [6, 6, 7, 7], "texture": "#3"},
				"south": {"uv": [6, 6, 7, 7], "texture": "#3"},
				"west": {"uv": [6, 6, 7, 7], "texture": "#3"},
				"up": {"uv": [6, 6, 7, 7], "texture": "#3"},
				"down": {"uv": [6, 6, 7, 7], "texture": "#3"}
			}
		},
		{
			"from": [17, 6.5, 6],
			"to": [17, 7, 6.5],
			"faces": {
				"north": {"uv": [5, 6, 6, 7], "texture": "#3"},
				"east": {"uv": [5, 6, 6, 7], "texture": "#3"},
				"south": {"uv": [5, 6, 6, 7], "texture": "#3"},
				"west": {"uv": [5, 6, 6, 7], "texture": "#3"},
				"up": {"uv": [5, 6, 6, 7], "texture": "#3"},
				"down": {"uv": [5, 6, 6, 7], "texture": "#3"}
			}
		},
		{
			"from": [17, 6.5, 6.5],
			"to": [17, 7, 7],
			"faces": {
				"north": {"uv": [4, 6, 5, 7], "texture": "#3"},
				"east": {"uv": [4, 6, 5, 7], "texture": "#3"},
				"south": {"uv": [4, 6, 5, 7], "texture": "#3"},
				"west": {"uv": [4, 6, 5, 7], "texture": "#3"},
				"up": {"uv": [4, 6, 5, 7], "texture": "#3"},
				"down": {"uv": [4, 6, 5, 7], "texture": "#3"}
			}
		},
		{
			"from": [17, 6.5, 10.5],
			"to": [17, 7, 11],
			"faces": {
				"north": {"uv": [3, 6, 4, 7], "texture": "#3"},
				"east": {"uv": [3, 6, 4, 7], "texture": "#3"},
				"south": {"uv": [3, 6, 4, 7], "texture": "#3"},
				"west": {"uv": [3, 6, 4, 7], "texture": "#3"},
				"up": {"uv": [3, 6, 4, 7], "texture": "#3"},
				"down": {"uv": [3, 6, 4, 7], "texture": "#3"}
			}
		},
		{
			"from": [17, 6.5, 11],
			"to": [17, 7, 11.5],
			"faces": {
				"north": {"uv": [2, 6, 3, 7], "texture": "#3"},
				"east": {"uv": [2, 6, 3, 7], "texture": "#3"},
				"south": {"uv": [2, 6, 3, 7], "texture": "#3"},
				"west": {"uv": [2, 6, 3, 7], "texture": "#3"},
				"up": {"uv": [2, 6, 3, 7], "texture": "#3"},
				"down": {"uv": [2, 6, 3, 7], "texture": "#3"}
			}
		},
		{
			"from": [17, 6.5, 13],
			"to": [17, 7, 13.5],
			"faces": {
				"north": {"uv": [1, 6, 2, 7], "texture": "#3"},
				"east": {"uv": [1, 6, 2, 7], "texture": "#3"},
				"south": {"uv": [1, 6, 2, 7], "texture": "#3"},
				"west": {"uv": [1, 6, 2, 7], "texture": "#3"},
				"up": {"uv": [1, 6, 2, 7], "texture": "#3"},
				"down": {"uv": [1, 6, 2, 7], "texture": "#3"}
			}
		},
		{
			"from": [15.5, 6.5, 16],
			"to": [16, 7, 16],
			"faces": {
				"north": {"uv": [0, 0, 0, 1], "texture": "#3"},
				"east": {"uv": [0, 0, 0, 1], "texture": "#3"},
				"south": {"uv": [0, 0, 0, 1], "texture": "#3"},
				"west": {"uv": [0, 0, 0, 1], "texture": "#3"},
				"up": {"uv": [0, 0, 0, 1], "texture": "#3"},
				"down": {"uv": [0, 0, 0, 1], "texture": "#3"}
			}
		},
		{
			"from": [11.5, 6.5, 17],
			"to": [12, 7, 17],
			"faces": {
				"north": {"uv": [0, 0, 0, 1], "texture": "#3"},
				"east": {"uv": [0, 0, 0, 1], "texture": "#3"},
				"south": {"uv": [0, 0, 0, 1], "texture": "#3"},
				"west": {"uv": [0, 0, 0, 1], "texture": "#3"},
				"up": {"uv": [0, 0, 0, 1], "texture": "#3"},
				"down": {"uv": [0, 0, 0, 1], "texture": "#3"}
			}
		},
		{
			"from": [11, 6.5, 17],
			"to": [11.5, 7, 17],
			"faces": {
				"north": {"uv": [0, 0, 0, 1], "texture": "#3"},
				"east": {"uv": [0, 0, 0, 1], "texture": "#3"},
				"south": {"uv": [0, 0, 0, 1], "texture": "#3"},
				"west": {"uv": [0, 0, 0, 1], "texture": "#3"},
				"up": {"uv": [0, 0, 0, 1], "texture": "#3"},
				"down": {"uv": [0, 0, 0, 1], "texture": "#3"}
			}
		},
		{
			"from": [9.5, 6.5, 17],
			"to": [10, 7, 17],
			"faces": {
				"north": {"uv": [0, 0, 0, 1], "texture": "#3"},
				"east": {"uv": [0, 0, 0, 1], "texture": "#3"},
				"south": {"uv": [0, 0, 0, 1], "texture": "#3"},
				"west": {"uv": [0, 0, 0, 1], "texture": "#3"},
				"up": {"uv": [0, 0, 0, 1], "texture": "#3"},
				"down": {"uv": [0, 0, 0, 1], "texture": "#3"}
			}
		},
		{
			"from": [9, 6.5, 17],
			"to": [9.5, 7, 17],
			"faces": {
				"north": {"uv": [0, 0, 0, 1], "texture": "#3"},
				"east": {"uv": [0, 0, 0, 1], "texture": "#3"},
				"south": {"uv": [0, 0, 0, 1], "texture": "#3"},
				"west": {"uv": [0, 0, 0, 1], "texture": "#3"},
				"up": {"uv": [0, 0, 0, 1], "texture": "#3"},
				"down": {"uv": [0, 0, 0, 1], "texture": "#3"}
			}
		},
		{
			"from": [7.5, 6.5, 17],
			"to": [8, 7, 17],
			"faces": {
				"north": {"uv": [0, 0, 0, 1], "texture": "#3"},
				"east": {"uv": [0, 0, 0, 1], "texture": "#3"},
				"south": {"uv": [0, 0, 0, 1], "texture": "#3"},
				"west": {"uv": [0, 0, 0, 1], "texture": "#3"},
				"up": {"uv": [0, 0, 0, 1], "texture": "#3"},
				"down": {"uv": [0, 0, 0, 1], "texture": "#3"}
			}
		},
		{
			"from": [4.5, 6.5, 17],
			"to": [5, 7, 17],
			"faces": {
				"north": {"uv": [0, 0, 0, 1], "texture": "#3"},
				"east": {"uv": [0, 0, 0, 1], "texture": "#3"},
				"south": {"uv": [0, 0, 0, 1], "texture": "#3"},
				"west": {"uv": [0, 0, 0, 1], "texture": "#3"},
				"up": {"uv": [0, 0, 0, 1], "texture": "#3"},
				"down": {"uv": [0, 0, 0, 1], "texture": "#3"}
			}
		},
		{
			"from": [4, 6.5, 17],
			"to": [4.5, 7, 17],
			"faces": {
				"north": {"uv": [0, 0, 0, 1], "texture": "#3"},
				"east": {"uv": [0, 0, 0, 1], "texture": "#3"},
				"south": {"uv": [0, 0, 0, 1], "texture": "#3"},
				"west": {"uv": [0, 0, 0, 1], "texture": "#3"},
				"up": {"uv": [0, 0, 0, 1], "texture": "#3"},
				"down": {"uv": [0, 0, 0, 1], "texture": "#3"}
			}
		},
		{
			"from": [0, 6.5, 15],
			"to": [0.5, 7, 15],
			"faces": {
				"north": {"uv": [0, 0, 0, 1], "texture": "#3"},
				"east": {"uv": [0, 0, 0, 1], "texture": "#3"},
				"south": {"uv": [0, 0, 0, 1], "texture": "#3"},
				"west": {"uv": [0, 0, 0, 1], "texture": "#3"},
				"up": {"uv": [0, 0, 0, 1], "texture": "#3"},
				"down": {"uv": [0, 0, 0, 1], "texture": "#3"}
			}
		},
		{
			"from": [1.5, 6.5, 16],
			"to": [2, 7, 16],
			"faces": {
				"north": {"uv": [0, 0, 0, 1], "texture": "#3"},
				"east": {"uv": [0, 0, 0, 1], "texture": "#3"},
				"south": {"uv": [0, 0, 0, 1], "texture": "#3"},
				"west": {"uv": [0, 0, 0, 1], "texture": "#3"},
				"up": {"uv": [0, 0, 0, 1], "texture": "#3"},
				"down": {"uv": [0, 0, 0, 1], "texture": "#3"}
			}
		},
		{
			"from": [0, 6.5, 12.5],
			"to": [0, 7, 13],
			"faces": {
				"north": {"uv": [0, 4, 1, 5], "texture": "#3"},
				"east": {"uv": [0, 4, 1, 5], "texture": "#3"},
				"south": {"uv": [0, 4, 1, 5], "texture": "#3"},
				"west": {"uv": [0, 4, 1, 5], "texture": "#3"},
				"up": {"uv": [0, 4, 1, 5], "texture": "#3"},
				"down": {"uv": [0, 4, 1, 5], "texture": "#3"}
			}
		},
		{
			"from": [0, 6.5, 12],
			"to": [0, 7, 12.5],
			"faces": {
				"north": {"uv": [3, 2, 4, 3], "texture": "#3"},
				"east": {"uv": [3, 2, 4, 3], "texture": "#3"},
				"south": {"uv": [3, 2, 4, 3], "texture": "#3"},
				"west": {"uv": [3, 2, 4, 3], "texture": "#3"},
				"up": {"uv": [3, 2, 4, 3], "texture": "#3"},
				"down": {"uv": [3, 2, 4, 3], "texture": "#3"}
			}
		},
		{
			"from": [0, 6.5, 6.5],
			"to": [0, 7, 7],
			"faces": {
				"north": {"uv": [3, 1, 4, 2], "texture": "#3"},
				"east": {"uv": [3, 1, 4, 2], "texture": "#3"},
				"south": {"uv": [3, 1, 4, 2], "texture": "#3"},
				"west": {"uv": [3, 1, 4, 2], "texture": "#3"},
				"up": {"uv": [3, 1, 4, 2], "texture": "#3"},
				"down": {"uv": [3, 1, 4, 2], "texture": "#3"}
			}
		},
		{
			"from": [0, 6.5, 4],
			"to": [0, 7, 4.5],
			"faces": {
				"north": {"uv": [3, 0, 4, 1], "texture": "#3"},
				"east": {"uv": [3, 0, 4, 1], "texture": "#3"},
				"south": {"uv": [3, 0, 4, 1], "texture": "#3"},
				"west": {"uv": [3, 0, 4, 1], "texture": "#3"},
				"up": {"uv": [3, 0, 4, 1], "texture": "#3"},
				"down": {"uv": [3, 0, 4, 1], "texture": "#3"}
			}
		},
		{
			"name": "horn",
			"from": [-5, 7, 8.5],
			"to": [4, 15, 8.5],
			"faces": {
				"north": {"uv": [7.25, 0, 9.375, 2.375], "texture": "#4"},
				"east": {"uv": [7.25, 0, 9.375, 2.375], "texture": "#4"},
				"south": {"uv": [9.375, 0, 7.25, 2.375], "texture": "#4"},
				"west": {"uv": [7.25, 0, 9.375, 2.375], "texture": "#4"},
				"up": {"uv": [7.25, 0, 9.375, 2.375], "texture": "#4"},
				"down": {"uv": [7.25, 0, 9.375, 2.375], "texture": "#4"}
			}
		},
		{
			"from": [12.5, 11, 6],
			"to": [12.5, 13, 8],
			"rotation": {"angle": 0, "axis": "y", "origin": [12.5, 11, 6]},
			"faces": {
				"north": {"uv": [4, 7, 12, 16], "texture": "#5"},
				"east": {"uv": [12, 7, 4, 16], "texture": "#5"},
				"south": {"uv": [4, 7, 12, 16], "texture": "#5"},
				"west": {"uv": [4, 7, 12, 16], "texture": "#5"},
				"up": {"uv": [4, 7, 12, 16], "rotation": 90, "texture": "#5"},
				"down": {"uv": [4, 7, 12, 16], "rotation": 270, "texture": "#5"}
			}
		},
		{
			"from": [7.25, 11, 5.25],
			"to": [9.25, 13, 5.25],
			"rotation": {"angle": 0, "axis": "y", "origin": [7.25, 11, 5.25]},
			"faces": {
				"north": {"uv": [12, 7, 4, 16], "texture": "#5"},
				"east": {"uv": [4, 7, 12, 16], "texture": "#5"},
				"south": {"uv": [4, 7, 12, 16], "texture": "#5"},
				"west": {"uv": [4, 7, 12, 16], "texture": "#5"},
				"up": {"uv": [4, 7, 12, 16], "texture": "#5"},
				"down": {"uv": [4, 7, 12, 16], "texture": "#5"}
			}
		},
		{
			"from": [4.25, 11, 6.25],
			"to": [4.25, 13, 8.25],
			"rotation": {"angle": -45, "axis": "y", "origin": [4.25, 11, 8.25]},
			"faces": {
				"north": {"uv": [4, 7, 12, 16], "texture": "#5"},
				"east": {"uv": [12, 7, 4, 16], "texture": "#5"},
				"south": {"uv": [4, 7, 12, 16], "texture": "#5"},
				"west": {"uv": [4, 7, 12, 16], "texture": "#5"},
				"up": {"uv": [4, 7, 12, 16], "rotation": 270, "texture": "#5"},
				"down": {"uv": [4, 7, 12, 16], "rotation": 90, "texture": "#5"}
			}
		},
		{
			"from": [5, 11, 11.75],
			"to": [7, 13, 11.75],
			"rotation": {"angle": -22.5, "axis": "y", "origin": [5, 11, 11.75]},
			"faces": {
				"north": {"uv": [12, 7, 4, 16], "texture": "#5"},
				"east": {"uv": [4, 7, 12, 16], "texture": "#5"},
				"south": {"uv": [4, 7, 12, 16], "texture": "#5"},
				"west": {"uv": [4, 7, 12, 16], "texture": "#5"},
				"up": {"uv": [4, 7, 12, 16], "texture": "#5"},
				"down": {"uv": [4, 7, 12, 16], "texture": "#5"}
			}
		},
		{
			"from": [10.75, 11, 9.75],
			"to": [12.75, 13, 9.75],
			"rotation": {"angle": -22.5, "axis": "y", "origin": [10.75, 11, 9.75]},
			"faces": {
				"north": {"uv": [4, 7, 12, 16], "texture": "#5"},
				"east": {"uv": [4, 7, 12, 16], "texture": "#5"},
				"south": {"uv": [12, 7, 4, 16], "texture": "#5"},
				"west": {"uv": [4, 7, 12, 16], "texture": "#5"},
				"up": {"uv": [4, 7, 12, 16], "texture": "#5"},
				"down": {"uv": [4, 7, 12, 16], "texture": "#5"}
			}
		}
	],
	"display": {
		"thirdperson_righthand": {
			"translation": [-0.25, 0, -1],
			"scale": [0.57, 0.57, 0.57]
		},
		"thirdperson_lefthand": {
			"translation": [0.5, 0, -1],
			"scale": [0.57, 0.57, 0.57]
		},
		"firstperson_righthand": {
			"translation": [1.5, 1, 0]
		},
		"firstperson_lefthand": {
			"translation": [1.5, 1.25, 0]
		},
		"ground": {
			"scale": [0.72, 0.72, 0.72]
		},
		"gui": {
			"rotation": [-171.07, 1.02, 179.42],
			"translation": [0.25, -1.25, 0],
			"scale": [0.78, 0.94, 0.98]
		},
		"head": {
			"rotation": [-2.5, 0, 0],
			"translation": [-0.75, 3.25, -0.75],
			"scale": [1.62, 1.61, 1.68]
		},
		"fixed": {
			"rotation": [-89, 0, 0],
			"translation": [0, 0, -2.25]
		}
	},
	"groups": [
		{
			"name": "top",
			"origin": [0, 0, 0],
			"color": 0,
			"children": [0, 1, 2, 3, 4]
		},
		{
			"name": "brim",
			"origin": [0, 0, 0],
			"color": 0,
			"children": [5, 6, 7, 8, 9]
		},
		{
			"name": "brim_bits",
			"origin": [0, 0, 0],
			"color": 0,
			"children": [10, 11, 12, 13, 14, 15, 16, 17, 18, 19, 20, 21, 22, 23, 24, 25, 26, 27, 28, 29, 30, 31, 32, 33, 34, 35, 36, 37, 38]
		},
		39,
		{
			"name": "skulk sensors",
			"origin": [0, 0, 0],
			"color": 0,
			"children": [40, 41, 42, 43, 44]
		}
	]
}