{
	"type": "minecraft:entity",
	"pools": [
		{
			"rolls": 1,
			"entries": [
				{
					"type": "minecraft:item",
					"weight": 1,
					"name": "minecraft:netherite_sword",
					"functions": [
					    {
							"function": "minecraft:set_components",
							"components":{
								"minecraft:custom_name": {
									  "text": "Épée Démoniaque",
									  "color":"dark_red",
									  "italic" : false
									},
								"minecraft:lore": [
										{
									  "text": "Épée surpuissante"
									},
									{
									  "text": "forgé depuis l'End"
									}
								],
								"minecraft:attribute_modifiers": [
								  {
									"type": "attack_damage",
									"slot": "mainhand",
									
									"operation": "add_value",
									"id": "generic.attack_damage",
									"amount": 16
								  },
								  {
									"type": "attack_speed",
									"slot": "mainhand",
									
									"operation": "add_value",
									"id": "generic.attack_speed",
									"amount": 3.6
								  }
								],
								"minecraft:custom_model_data": {
									"strings": [
										"demoniaque"
									]
								   }
							  }
						}
					]
				}
			]
		},
		
		{
			"rolls": 1,
			"entries": [
				{
					"type": "minecraft:item",
					"weight": 1,
					"name": "minecraft:carved_pumpkin",
					"functions": [
						{
							"function": "minecraft:set_components",
							"components":{
								"minecraft:custom_name": [
									[
									{
									  "text": "Couronne du ",
									  "color":"gold",
									  "italic" : false
									},
									{
									  "text": "Roi Zombie ",
									  "color":"dark_red",
									  "italic" : false
									}
									]	
								],
								"minecraft:custom_model_data": {
									"strings": [
										"crown"
									]
								   }
							  }
						}
					]
				}
			]
		},
		{
			"rolls": 1,
			"entries": [
				{
					"type": "minecraft:item",
					"weight": 1,
					"name": "minecraft:carved_pumpkin",
					"functions": [
						{
							"function": "minecraft:set_components",
							"components":{
								"minecraft:custom_name": [
								{
									  "text": "Tête du ",
									  "color" : "gold",
									  "italic" : false
									},
									{
									  "text": "Roi Zombie",
									  "color" : "dark_red",
									  "italic" : false
									}
								],
								"minecraft:lore": [
									{
									  "text": "Tête de Boss. Peut être"
									},
									{
									  "text": "utilisée comme chapeau."
									}
								],
								
								"minecraft:custom_model_data": {
									"strings": [
										"roi_zombie"
									]
								   }
							  }
						}
					]
				}
			]
		},
		{
			"rolls": {
				"min": 1,
				"max": 2
			},
			"entries": [
				{
					"type": "minecraft:item",
					"weight": 2,
					"name": "minecraft:netherite_ingot",
					"functions": [
						{
							"function": "set_count",
							"count": {
								"min": 1,
								"max": 4
							}
						}
					]
				},
				{
					"type": "minecraft:item",
					"weight": 2,
					"name": "minecraft:diamond",
					"functions": [
						{
							"function": "set_count",
							"count": {
								"min": 5,
								"max": 12
							}
						}
					]
				},
				{
					"type": "minecraft:item",
					"weight": 1,
					"name": "minecraft:nether_star"
				}
			]
		},
		{
			"rolls": 1,
			"entries": [
				{
					"type": "minecraft:item",
					"weight": 1,
					"name": "minecraft:phantom_membrane",
					"functions": [
						{
							"function": "minecraft:set_components",
							"components":{
								"minecraft:custom_name": {
									  "text": "Rune d'Armure",
									  "color":"dark_red",
									  "italic" : false
									},
								"minecraft:lore": [
									{
									  "text": "S'utilise à la forge"
									},
									{
									  "text": "de l'End pour améliorer"
									},	
									{
									  "text": "l'armure Démoniaque."
									},
									{
									  "text": ""
									},
									{
									  "text": "Donne à la pièce d'armure :",
									  "color":"gray",
									  "italic" : true
									},
									{
									  "text": "-Protection X",
									  "color":"gray",
									  "italic" : true
									},
									{
									  "text": "-Unbreaking X",
									  "color":"gray",
									  "italic" : true
									}
								],
								"minecraft:custom_model_data": {
									"strings": [
										"piece_armure"
									]
								   },
								"minecraft:custom_data": {
								  "Tags": [
									"upgrader_1"
								  ]
								}
							  }
						}
					]
				}
			]
		}
	]
}
