{
	"type": "minecraft:chest",
	"pools": [
		{
			"rolls": 5,
			"entries": [
				{
					"type": "minecraft:item",
					"weight": 2,
					"name": "minecraft:piglin_head",
					"functions": [
						{
							"function": "minecraft:set_count",
							"count": {
								"min": 1,
								"max": 2
							}
						}
					]
				},
				{
					"type": "minecraft:item",
					"weight": 2,
					"name": "minecraft:diamond",
					"functions": [
						{
							"function": "minecraft:set_count",
							"count": {
								"min": 1,
								"max": 2
							}
						}
					]
				},
				{
					"type": "minecraft:item",
					"weight": 1,
					"name": "minecraft:shield",
					"functions": [
						{
							"function": "minecraft:set_nbt",
							"tag": "{Tags:[\"shield_fire_res\"],BlockEntityTag:{Base:1,Patterns:[{Pattern:sc,Color:15},{Pattern:bri,Color:1},{Pattern:ms,Color:1},{Pattern:flo,Color:15},{Pattern:tt,Color:1},{Pattern:gru,Color:14}]},display:{Name:'[{\"text\":\"Bouclier \",\"italic\":false,\"color\":\"gold\"},{\"text\":\"[FIRE]\",\"italic\":true,\"color\":\"dark_red\"}]',Lore:['[{\"text\":\"Donne un effet de\"}]','[{\"text\":\"fire resistance\",\"italic\":true},{\"text\":\"\",\"italic\":false}]','[{\"text\":\"\",\"italic\":false}]']}} "
						}
					]
				},
				{
					"type": "minecraft:item",
					"weight": 10,
					"name": "minecraft:blackstone",
					"functions": [
						{
							"function": "minecraft:set_count",
							"count": {
								"min": 10,
								"max": 15
							}
						}
					]
				},
				{
					"type": "minecraft:item",
					"weight": 5,
					"name": "minecraft:gold_ingot",
					"functions": [
						{
							"function": "minecraft:set_count",
							"count": {
								"min": 10,
								"max": 15
							}
						}
					]
				},
				{
					"type": "minecraft:item",
					"weight": 10,
					"name": "minecraft:crying_obsidian",
					"functions": [
						{
							"function": "minecraft:set_count",
							"count": {
								"min": 3,
								"max": 15
							}
						}
					]
				}
            ]
		}
	]
}
