{
	"type": "minecraft:chest",
	"pools": [
		{
				"rolls": {
					"min": 1,
					"max": 2
				},
				"entries": [
					{
						"type": "minecraft:item",
						"weight": 1,
						"name": "minecraft:popped_chorus_fruit",
						"functions": [
							{
								"function": "minecraft:set_nbt",
								"tag": "{CustomModelData:77701,Tags:[\"pierre_invoc_5\"],display:{Name:'[{\"text\":\"Pierre d\\'Invocation ★★★★★\",\"italic\":false,\"color\":\"gold\"}]',Lore:['[{\"text\":\"Contient une âme\",\"italic\":false}]','[{\"text\":\"\",\"italic\":false}]','[{\"text\":\"Utilisée à un Autel\",\"italic\":true,\"color\":\"dark_gray\"}]','[{\"text\":\"sacrificiel, libère un\",\"italic\":true,\"color\":\"dark_gray\"}]','[{\"text\":\"puissant boss au niveau\",\"italic\":true,\"color\":\"dark_gray\"}]','[{\"text\":\"de la pierre\",\"italic\":true,\"color\":\"dark_gray\"}]']}}"
							}
						]
					},
					{
						"type": "minecraft:item",
						"weight": 1,
						"name": "minecraft:nether_star",
						"functions": [
							{
								"function": "minecraft:set_count",
								"count": {
									"min": 1,
									"max": 2
								}
							}
							
						]
					}
				]
		},


		{
			"rolls": {
				"min": 3,
				"max": 4
			},
			"entries": [
                {
                    "type": "minecraft:item",
					"weight": 2,
					"name": "minecraft:netherite_ingot",
					"functions": [
						{
							"function": "minecraft:set_count",
							"count": {
								"min": 1,
								"max": 2
							}
						}
						
					]
                },
				{
                    "type": "minecraft:item",
					"weight": 6,
					"name": "minecraft:wither_skeleton_skull",
					"functions": [
						{
							"function": "minecraft:set_count",
							"count": {
								"min": 1,
								"max": 2
							}
						}
						
					]
                },
				{
                    "type": "minecraft:item",
					"weight": 6,
					"name": "minecraft:obsidian",
					"functions": [
						{
							"function": "minecraft:set_count",
							"count": {
								"min": 10,
								"max": 25
							}
						}
						
					]
                }
            ]
        }
    ]
}
            
        
