{
    "type": "minecraft:chest",
    "pools": [
      {
        "rolls": {
          "min": 2,
          "max": 3
        },
        "entries": [
          {
            "type": "minecraft:item",
            "name": "minecraft:cooked_beef",
            "functions": [
              {
                "function": "minecraft:set_count",
                "count": {
                  "min": 2,
                  "max": 30
                }
              }
            ]
          },
          {
            "type": "minecraft:item",
            "name": "minecraft:bread",
            "functions": [
              {
                "function": "minecraft:set_count",
                "count": {
                  "min": 10,
                  "max": 20
                }
              }
            ]
          },
          {
            "type": "minecraft:item",
            "name": "minecraft:obsidian",
            "functions": [
              {
                "function": "minecraft:set_count",
                "count": {
                  "min": 2,
                  "max": 10
                }
              }
            ]
          }
        ]
      }
    ]
  }
  