{
	"type": "minecraft:chest",
	"pools": [
		{
			"rolls": 3,
			"entries": [
				{
					"type": "minecraft:item",
					"weight": 2,
					"name": "minecraft:wither_skeleton_skull",
					"functions": [
						{
							"function": "minecraft:set_count",
							"count": {
								"min": 1,
								"max": 2
							}
						}
					]
				},
				{
					"type": "minecraft:item",
					"weight": 2,
					"name": "minecraft:diamond",
					"functions": [
						{
							"function": "minecraft:set_count",
							"count": {
								"min": 1,
								"max": 2
							}
						}
					]
				},
				{
					"type": "minecraft:item",
					"weight": 2,
					"name": "minecraft:shield",
					"functions": [
						{
							"function": "minecraft:set_nbt",
							"tag": "{Tags:[\"shield_jump_1\"],BlockEntityTag:{Base:9,Patterns:[{Pattern:mc,Color:0},{Pattern:bs,Color:1},{Pattern:flo,Color:15},{Pattern:tt,Color:1},{Pattern:cr,Color:15},{Pattern:bt,Color:15},{Pattern:cbo,Color:1},{Pattern:bts,Color:15}]},display:{Name:'[{\"text\":\"Bouclier \",\"italic\":false,\"color\":\"gold\"},{\"text\":\"[JUMP]\",\"italic\":true,\"color\":\"dark_red\"}]',Lore:['[{\"text\":\"Donne un effet de jump\"}]','[{\"text\":\"boost niveau 1\",\"italic\":true},{\"text\":\"\",\"italic\":false}]','[{\"text\":\"\",\"italic\":false}]']}} "
						}
					]
				},
				{
					"type": "minecraft:item",
					"weight": 5,
					"name": "minecraft:blackstone",
					"functions": [
						{
							"function": "minecraft:set_count",
							"count": {
								"min": 10,
								"max": 15
							}
						}
					]
				}
			]
		},
		{
		
			"rolls": {
				"min": 0,
				"max": 2
			},
			"entries": [
				{
					"type": "minecraft:item",
					"weight": 4,
					"name": "minecraft:popped_chorus_fruit",
					"functions": [
						{
							"function": "minecraft:set_nbt",
							"tag": "{CustomModelData:77701,Tags:[\"pierre_invoc_1\"],display:{Name:'[{\"text\":\"Pierre d\\'Invocation ★\",\"italic\":false,\"color\":\"gold\"}]',Lore:['[{\"text\":\"Contient une âme\",\"italic\":false}]','[{\"text\":\"\",\"italic\":false}]','[{\"text\":\"Utilisée à un Autel\",\"italic\":true,\"color\":\"dark_gray\"}]','[{\"text\":\"sacrificiel, libère un\",\"italic\":true,\"color\":\"dark_gray\"}]','[{\"text\":\"puissant boss au niveau\",\"italic\":true,\"color\":\"dark_gray\"}]','[{\"text\":\"de la pierre\",\"italic\":true,\"color\":\"dark_gray\"}]']}}"
						}
					]
				},
				{
					"type": "minecraft:item",
					"weight": 1,
					"name": "minecraft:shield",
					"functions": [
						{
							"function": "minecraft:set_nbt",
							"tag": "{Tags:[\"shield_speed_1\"],BlockEntityTag:{Base:15,Patterns:[{Pattern:ss,Color:6},{Pattern:ms,Color:15},{Pattern:bo,Color:15},{Pattern:cr,Color:15},{Pattern:mc,Color:6},{Pattern:mc,Color:15}]},display:{Name:'[{\"text\":\"Bouclier \",\"italic\":false,\"color\":\"gold\"},{\"text\":\"[SPEED]\",\"italic\":true,\"color\":\"dark_red\"}]',Lore:['[{\"text\":\"Donne un effet de speed\"}]','[{\"text\":\"niveau 1\",\"italic\":true},{\"text\":\"\",\"italic\":false}]','[{\"text\":\"\",\"italic\":false}]']}}"
						}
					]
				}
			]
		}
	]
}
