{
	"type": "minecraft:chest",
	"pools": [
		{
			"rolls": {
				"min": 3,
				"max": 4
			},
			"entries": [
                {
					"type": "minecraft:item",
					"weight": 5,
					"name": "minecraft:crimson_hyphae",
					"functions": [
						{
							"function": "minecraft:set_count",
							"count": {
								"min": 20,
								"max": 60
							}
						}
					]
				},
				{
					"type": "minecraft:item",
					"weight": 5,
					"name": "minecraft:cobweb",
					"functions": [
						{
							"function": "minecraft:set_count",
							"count": {
								"min": 35,
								"max": 57
							}
						}
					]
				},
				
				{
					"type": "minecraft:item",
					"weight": 5,
					"name": "minecraft:amethyst_block",
					"functions": [
						{
							"function": "minecraft:set_count",
							"count": {
								"min": 1,
								"max": 5
							}
						}
					]
				},
				{
					"type": "minecraft:item",
					"weight": 4,
					"name": "minecraft:diamond",
					"functions": [
						{
							"function": "minecraft:set_count",
							"count": {
								"min": 1,
								"max": 2
							}
						}
					]
				},
				{
					"type": "minecraft:item",
					"weight": 6,
					"name": "minecraft:golden_apple",
					"functions": [
						{
							"function": "minecraft:set_count",
							"count": {
								"min": 1,
								"max": 2
							}
						}
					]
				},
                {
					"type": "minecraft:item",
					"weight": 2,
					"name": "minecraft:shield",
					"functions": [
						{
							"function": "minecraft:set_nbt",
							"tag": "{Tags:[\"shield_poison_res\"],BlockEntityTag:{Base:5,Patterns:[{Pattern:gra,Color:13},{Pattern:gru,Color:13},{Pattern:bo,Color:15},{Pattern:mr,Color:15},{Pattern:cre,Color:15},{Pattern:flo,Color:5},{Pattern:sku,Color:13},{Pattern:mc,Color:5},{Pattern:ms,Color:5}]},display:{Name:'[{\"text\":\"Bouclier \",\"italic\":false,\"color\":\"gold\"},{\"text\":\"[POISON]\",\"italic\":true,\"color\":\"dark_red\"}]',Lore:['[{\"text\":\"Donne un effet de\"}]','[{\"text\":\"poison resistance\",\"italic\":true},{\"text\":\"\",\"italic\":false}]','[{\"text\":\"\",\"italic\":false}]']}} "
						}
					]
				},
				{
					"type": "minecraft:item",
					"weight": 6,
					"name": "minecraft:experience_bottle",
					"functions": [
						{
							"function": "minecraft:set_count",
							"count": {
								"min": 16,
								"max": 32
							}
						}
					]
				},
				{
					"type": "minecraft:item",
					"weight": 1,
					"name": "minecraft:netherite_sword",
					"functions": [
						{
							"function": "minecraft:set_nbt",
							"tag": "{CustomModelData:6660104,Tags:[\"poison_sword\"],display:{Name:'[{\"text\":\"Épée empoisonnée\",\"italic\":false,\"color\":\"green\"}]',Lore:['[{\"text\":\"Elle donne à vos\",\"italic\":false}]','[{\"text\":\"ennemis un effet poison \",\"italic\":false}]']}}"
						}
					]
				}
			]
		}
	]
}
