{
	"type": "minecraft:chest",
	"pools": [
		{
			"rolls": 6,
			"entries": [
				{
					"type": "minecraft:item",
					"weight": 9,
					"name": "minecraft:crying_obsidian",
					"functions": [
						{
							"function": "minecraft:set_count",
							"count": {
								"min": 7,
								"max": 13
							}
						}
					]
				},
				{
					"type": "minecraft:item",
					"weight": 9,
					"name": "minecraft:shulker_shell",
					"functions": [
						{
							"function": "minecraft:set_count",
							"count": {
								"min": 1,
								"max": 4
							}
						}
					]
				},
				{
					"type": "minecraft:item",
					"weight": 7,
					"name": "minecraft:diamond_chestplate",
					"functions": [
						{
							"function": "minecraft:enchant_with_levels",
							"levels": 30
						}
					]
				},
				{
					"type": "minecraft:item",
					"weight": 8,
					"name": "minecraft:wither_skeleton_skull"
				},
				{
					"type": "minecraft:item",
					"weight": 10,
					"name": "minecraft:diamond",
					"functions": [
						{
							"function": "minecraft:set_count",
							"count": {
								"min": 1,
								"max": 2
							}
						}
					]
				},
				{
					"type": "minecraft:item",
					"weight": 10,
					"name": "minecraft:experience_bottle",
					"functions": [
						{
							"function": "minecraft:set_count",
							"count": {
								"min": 5,
								"max": 27
							}
						}
					]
				}
			]
		}
	]
}
