{
	"type": "minecraft:chest",
	"pools": [
		{
			"rolls": {
				"min": 3,
				"max": 5
			},
			"entries": [
				{
					"type": "minecraft:item",
					"weight": 4,
					"name": "minecraft:cobweb",
					"functions": [
						{
							"function": "minecraft:set_count",
							"count": {
								"min": 35,
								"max": 57
							}
						}
					]
				},
				{
					"type": "minecraft:item",
					"weight": 1,
					"name": "minecraft:netherite_ingot"
				},
				{
					"type": "minecraft:item",
					"weight": 1,
					"name": "minecraft:diamond_block"
				},
				{
					"type": "minecraft:item",
					"weight": 4,
					"name": "minecraft:amethyst_block",
					"functions": [
						{
							"function": "minecraft:set_count",
							"count": {
								"min": 9,
								"max": 23
							}
						}
					]
				},
				{
					"type": "minecraft:item",
					"weight": 4,
					"name": "minecraft:diamond",
					"functions": [
						{
							"function": "minecraft:set_count",
							"count": {
								"min": 1,
								"max": 3
							}
						}
					]
				},
				{
					"type": "minecraft:item",
					"weight": 5,
					"name": "minecraft:golden_apple",
					"functions": [
						{
							"function": "minecraft:set_count",
							"count": {
								"min": 1,
								"max": 3
							}
						}
					]
				},
				{
					"type": "minecraft:item",
					"weight": 5,
					"name": "minecraft:experience_bottle",
					"functions": [
						{
							"function": "minecraft:set_count",
							"count": {
								"min": 16,
								"max": 32
							}
						}
					]
				},
				{
					"type": "minecraft:item",
					"weight": 1,
					"name": "minecraft:enchanted_book",
					"functions": [
						{
							"function": "minecraft:set_nbt",
							"tag": "{Enchantments:[{id:mending,lvl:1},{id:unbreaking,lvl:3}]}"
						}
					]
				}
			]
		}
	]
}
