{
    "description": "Vision Nocture",
    "supported_items": "minecraft:popped_chorus_fruit",
    "weight": 1,
    "max_level": 1,
    "min_cost": {
      "base": 0,
      "per_level_above_first": 0
    },
    "max_cost": {
      "base": 0,
      "per_level_above_first": 0
    },
    "anvil_cost": 1,
    "slots": [
      "offhand"
    ],
   "effects": {
    "minecraft:tick": [
      {
        "effect": {
          "type": "minecraft:apply_mob_effect",
          "to_apply": "minecraft:night_vision",
          "min_duration": 1,
          "max_duration": 1,
          "min_amplifier": 0,
          "max_amplifier": 0
        }
      }
    ]
  }
  }
  