{
	"condition": "minecraft:entity_properties",
	"entity": "this",
	"predicate": {
		"type": "minecraft:player",
		"type_specific": {
			"type": "player"
		},
		"equipment": {
			"chest": {
				"components": {
					"minecraft:custom_data": {
					  "Tags": [
						  "cultestuff","updated_1"
						]
					}
				  }
			},
			"head": {
				"components": {
					"minecraft:custom_data": {
					  "Tags": [
						  "cultestuff","updated_1"
						]
					}
				  }
			},
			"legs": {
				"components": {
					"minecraft:custom_data": {
					  "Tags": [
						  "cultestuff","updated_1"
						]
					}
				  }
			},
			"feet": {
				"components": {
					"minecraft:custom_data": {
					  "Tags": [
						  "cultestuff","updated_1"
						]
					}
				  }
			}
		}
	}
}
