{
	"credit": "Made with Blockbench",
	"texture_size": [64, 64],
	"textures": {
		"0": "modeltextures/bouclier_speed_1",
		"particle": "modeltextures/bouclier_speed_1"
	},
	"elements": [
		{
			"from": [3, 0, 6],
			"to": [13, 15, 7],
			"faces": {
				"north": {"uv": [0, 0, 2.5, 3.75], "texture": "#0"},
				"east": {"uv": [4, 3.75, 4.25, 7.5], "texture": "#0"},
				"south": {"uv": [2.5, 0, 5, 3.75], "texture": "#0"},
				"west": {"uv": [4.25, 3.75, 4.5, 7.5], "texture": "#0"},
				"up": {"uv": [8.5, 0.25, 6, 0], "texture": "#0"},
				"down": {"uv": [8.5, 0.25, 6, 0.5], "texture": "#0"}
			}
		},
		{
			"from": [4, 2, 5],
			"to": [12, 14, 6],
			"faces": {
				"north": {"uv": [0, 3.75, 2, 6.75], "texture": "#0"},
				"east": {"uv": [5.75, 0, 6, 3], "texture": "#0"},
				"south": {"uv": [2, 3.75, 4, 6.75], "texture": "#0"},
				"west": {"uv": [5.75, 3, 6, 6], "texture": "#0"},
				"up": {"uv": [3.25, 7, 1.25, 6.75], "texture": "#0"},
				"down": {"uv": [8.75, 2.75, 6.75, 3], "texture": "#0"}
			}
		},
		{
			"from": [5, 1, 5],
			"to": [11, 2, 6],
			"faces": {
				"north": {"uv": [6.75, 4, 8.25, 4.25], "texture": "#0"},
				"east": {"uv": [2.25, 7.5, 2.5, 7.75], "texture": "#0"},
				"south": {"uv": [6.75, 4.25, 8.25, 4.5], "texture": "#0"},
				"west": {"uv": [4, 7.5, 4.25, 7.75], "texture": "#0"},
				"up": {"uv": [8.25, 4.75, 6.75, 4.5], "texture": "#0"},
				"down": {"uv": [8.25, 4.75, 6.75, 5], "texture": "#0"}
			}
		},
		{
			"from": [3, 4, 5],
			"to": [4, 13, 6],
			"faces": {
				"north": {"uv": [6.5, 3, 6.75, 5.25], "texture": "#0"},
				"east": {"uv": [6.5, 5.25, 6.75, 7.5], "texture": "#0"},
				"south": {"uv": [0, 6.75, 0.25, 9], "texture": "#0"},
				"west": {"uv": [0.25, 6.75, 0.5, 9], "texture": "#0"},
				"up": {"uv": [4.5, 7.75, 4.25, 7.5], "texture": "#0"},
				"down": {"uv": [6.75, 7.5, 6.5, 7.75], "texture": "#0"}
			}
		},
		{
			"from": [12, 4, 5],
			"to": [13, 13, 6],
			"faces": {
				"north": {"uv": [0.5, 6.75, 0.75, 9], "texture": "#0"},
				"east": {"uv": [6.75, 0.5, 7, 2.75], "texture": "#0"},
				"south": {"uv": [0.75, 6.75, 1, 9], "texture": "#0"},
				"west": {"uv": [1, 6.75, 1.25, 9], "texture": "#0"},
				"up": {"uv": [2.25, 8, 2, 7.75], "texture": "#0"},
				"down": {"uv": [2.5, 7.75, 2.25, 8], "texture": "#0"}
			}
		},
		{
			"from": [2, 2, 6],
			"to": [3, 16, 7],
			"faces": {
				"north": {"uv": [4.5, 3.75, 4.75, 7.25], "texture": "#0"},
				"east": {"uv": [4.75, 3.75, 5, 7.25], "texture": "#0"},
				"south": {"uv": [5, 0, 5.25, 3.5], "texture": "#0"},
				"west": {"uv": [5, 3.5, 5.25, 7], "texture": "#0"},
				"up": {"uv": [4.25, 8, 4, 7.75], "texture": "#0"},
				"down": {"uv": [4.5, 7.75, 4.25, 8], "texture": "#0"}
			}
		},
		{
			"from": [13, 2, 6],
			"to": [14, 16, 7],
			"faces": {
				"north": {"uv": [5.25, 0, 5.5, 3.5], "texture": "#0"},
				"east": {"uv": [5.25, 3.5, 5.5, 7], "texture": "#0"},
				"south": {"uv": [5.5, 0, 5.75, 3.5], "texture": "#0"},
				"west": {"uv": [5.5, 3.5, 5.75, 7], "texture": "#0"},
				"up": {"uv": [6.75, 8, 6.5, 7.75], "texture": "#0"},
				"down": {"uv": [2.25, 8, 2, 8.25], "texture": "#0"}
			}
		},
		{
			"from": [14, 4, 6],
			"to": [15, 14, 7],
			"faces": {
				"north": {"uv": [6, 0.5, 6.25, 3], "texture": "#0"},
				"east": {"uv": [6, 3, 6.25, 5.5], "texture": "#0"},
				"south": {"uv": [6, 5.5, 6.25, 8], "texture": "#0"},
				"west": {"uv": [5.75, 6, 6, 8.5], "texture": "#0"},
				"up": {"uv": [2.5, 8.25, 2.25, 8], "texture": "#0"},
				"down": {"uv": [4.25, 8, 4, 8.25], "texture": "#0"}
			}
		},
		{
			"from": [1, 4, 6],
			"to": [2, 14, 7],
			"faces": {
				"north": {"uv": [6.25, 0.5, 6.5, 3], "texture": "#0"},
				"east": {"uv": [6.25, 3, 6.5, 5.5], "texture": "#0"},
				"south": {"uv": [6.25, 5.5, 6.5, 8], "texture": "#0"},
				"west": {"uv": [6.5, 0.5, 6.75, 3], "texture": "#0"},
				"up": {"uv": [4.5, 8.25, 4.25, 8], "texture": "#0"},
				"down": {"uv": [5.5, 8, 5.25, 8.25], "texture": "#0"}
			}
		},
		{
			"from": [4, -1, 6],
			"to": [12, 0, 7],
			"faces": {
				"north": {"uv": [6.75, 3, 8.75, 3.25], "texture": "#0"},
				"east": {"uv": [5.5, 8, 5.75, 8.25], "texture": "#0"},
				"south": {"uv": [6.75, 3.25, 8.75, 3.5], "texture": "#0"},
				"west": {"uv": [8, 7, 8.25, 7.25], "texture": "#0"},
				"up": {"uv": [8.75, 3.75, 6.75, 3.5], "texture": "#0"},
				"down": {"uv": [8.75, 3.75, 6.75, 4], "texture": "#0"}
			}
		},
		{
			"from": [10, 7, 11],
			"to": [11, 11, 12],
			"faces": {
				"north": {"uv": [5.25, 7, 5.5, 8], "texture": "#0"},
				"east": {"uv": [5.5, 7, 5.75, 8], "texture": "#0"},
				"south": {"uv": [7.25, 1.5, 7.5, 2.5], "texture": "#0"},
				"west": {"uv": [4.5, 7.25, 4.75, 8.25], "texture": "#0"},
				"up": {"uv": [7.75, 8.25, 7.5, 8], "texture": "#0"},
				"down": {"uv": [8, 8, 7.75, 8.25], "texture": "#0"}
			}
		},
		{
			"from": [10, 11, 7],
			"to": [11, 12, 12],
			"faces": {
				"north": {"uv": [8, 8, 8.25, 8.25], "texture": "#0"},
				"east": {"uv": [7, 0.5, 8.25, 0.75], "texture": "#0"},
				"south": {"uv": [8.25, 0.5, 8.5, 0.75], "texture": "#0"},
				"west": {"uv": [7, 0.75, 8.25, 1], "texture": "#0"},
				"up": {"uv": [3.5, 8, 3.25, 6.75], "texture": "#0"},
				"down": {"uv": [3.75, 6.75, 3.5, 8], "texture": "#0"}
			}
		},
		{
			"from": [5, 11, 7],
			"to": [6, 12, 12],
			"faces": {
				"north": {"uv": [8.25, 0.75, 8.5, 1], "texture": "#0"},
				"east": {"uv": [7, 1, 8.25, 1.25], "texture": "#0"},
				"south": {"uv": [8.25, 1, 8.5, 1.25], "texture": "#0"},
				"west": {"uv": [1.25, 7, 2.5, 7.25], "texture": "#0"},
				"up": {"uv": [4, 8, 3.75, 6.75], "texture": "#0"},
				"down": {"uv": [7.25, 1.25, 7, 2.5], "texture": "#0"}
			}
		},
		{
			"from": [5, 6, 7],
			"to": [6, 7, 12],
			"faces": {
				"north": {"uv": [1.25, 8.25, 1.5, 8.5], "texture": "#0"},
				"east": {"uv": [7, 2.5, 8.25, 2.75], "texture": "#0"},
				"south": {"uv": [1.5, 8.25, 1.75, 8.5], "texture": "#0"},
				"west": {"uv": [6.75, 7, 8, 7.25], "texture": "#0"},
				"up": {"uv": [2.75, 8.25, 2.5, 7], "texture": "#0"},
				"down": {"uv": [3, 7, 2.75, 8.25], "texture": "#0"}
			}
		},
		{
			"from": [10, 6, 7],
			"to": [11, 7, 12],
			"faces": {
				"north": {"uv": [1.75, 8.25, 2, 8.5], "texture": "#0"},
				"east": {"uv": [1.25, 7.25, 2.5, 7.5], "texture": "#0"},
				"south": {"uv": [2, 8.25, 2.25, 8.5], "texture": "#0"},
				"west": {"uv": [7.25, 1.25, 8.5, 1.5], "texture": "#0"},
				"up": {"uv": [3.25, 8.25, 3, 7], "texture": "#0"},
				"down": {"uv": [5.25, 7, 5, 8.25], "texture": "#0"}
			}
		},
		{
			"from": [5, 7, 11],
			"to": [6, 11, 12],
			"faces": {
				"north": {"uv": [4.75, 7.25, 5, 8.25], "texture": "#0"},
				"east": {"uv": [6.75, 7.25, 7, 8.25], "texture": "#0"},
				"south": {"uv": [7, 7.25, 7.25, 8.25], "texture": "#0"},
				"west": {"uv": [7.25, 7.25, 7.5, 8.25], "texture": "#0"},
				"up": {"uv": [2.5, 8.5, 2.25, 8.25], "texture": "#0"},
				"down": {"uv": [8.5, 2.25, 8.25, 2.5], "texture": "#0"}
			}
		},
		{
			"from": [7, 15, 6],
			"to": [13, 16, 7],
			"faces": {
				"north": {"uv": [6.75, 5, 8.25, 5.25], "texture": "#0"},
				"east": {"uv": [2.5, 8.25, 2.75, 8.5], "texture": "#0"},
				"south": {"uv": [6.75, 5.25, 8.25, 5.5], "texture": "#0"},
				"west": {"uv": [8.25, 2.5, 8.5, 2.75], "texture": "#0"},
				"up": {"uv": [8.25, 5.75, 6.75, 5.5], "texture": "#0"},
				"down": {"uv": [8.25, 5.75, 6.75, 6], "texture": "#0"}
			}
		},
		{
			"from": [3, 15, 6],
			"to": [7, 16, 7],
			"faces": {
				"north": {"uv": [1.25, 7.5, 2.25, 7.75], "texture": "#0"},
				"east": {"uv": [2.75, 8.25, 3, 8.5], "texture": "#0"},
				"south": {"uv": [7.5, 1.5, 8.5, 1.75], "texture": "#0"},
				"west": {"uv": [3, 8.25, 3.25, 8.5], "texture": "#0"},
				"up": {"uv": [8.5, 2, 7.5, 1.75], "texture": "#0"},
				"down": {"uv": [8.5, 2, 7.5, 2.25], "texture": "#0"}
			}
		},
		{
			"from": [3, 16, 6],
			"to": [6, 17, 7],
			"faces": {
				"north": {"uv": [7.5, 2.25, 8.25, 2.5], "texture": "#0"},
				"east": {"uv": [3.25, 8.25, 3.5, 8.5], "texture": "#0"},
				"south": {"uv": [7.5, 7.25, 8.25, 7.5], "texture": "#0"},
				"west": {"uv": [3.5, 8.25, 3.75, 8.5], "texture": "#0"},
				"up": {"uv": [8.25, 7.75, 7.5, 7.5], "texture": "#0"},
				"down": {"uv": [2, 7.75, 1.25, 8], "texture": "#0"}
			}
		},
		{
			"from": [10, 16, 6],
			"to": [13, 17, 7],
			"faces": {
				"north": {"uv": [7.5, 7.75, 8.25, 8], "texture": "#0"},
				"east": {"uv": [3.75, 8.25, 4, 8.5], "texture": "#0"},
				"south": {"uv": [1.25, 8, 2, 8.25], "texture": "#0"},
				"west": {"uv": [4, 8.25, 4.25, 8.5], "texture": "#0"},
				"up": {"uv": [4, 8.25, 3.25, 8], "texture": "#0"},
				"down": {"uv": [6.75, 8, 6, 8.25], "texture": "#0"}
			}
		},
		{
			"from": [5, -2, 6],
			"to": [11, -1, 7],
			"faces": {
				"north": {"uv": [6.75, 6, 8.25, 6.25], "texture": "#0"},
				"east": {"uv": [8.25, 4, 8.5, 4.25], "texture": "#0"},
				"south": {"uv": [6.75, 6.25, 8.25, 6.5], "texture": "#0"},
				"west": {"uv": [4.25, 8.25, 4.5, 8.5], "texture": "#0"},
				"up": {"uv": [8.25, 6.75, 6.75, 6.5], "texture": "#0"},
				"down": {"uv": [8.25, 6.75, 6.75, 7], "texture": "#0"}
			}
		}
	],
	"display": {
		"thirdperson_righthand": {
			"rotation": [-7, -88, -5],
			"translation": [1.5, -3.25, 3.5]
		},
		"thirdperson_lefthand": {
			"rotation": [7, -88, 5],
			"translation": [1.5, -3.25, 3.5]
		},
		"firstperson_righthand": {
			"translation": [1, -3, 2.5]
		},
		"firstperson_lefthand": {
			"translation": [0, -3, 2.5]
		},
		"ground": {
			"rotation": [23, 0, 0],
			"translation": [0, 7.75, 0]
		},
		"gui": {
			"scale": [0.8, 0.8, 0.8]
		}
	},
	"groups": [
		{
			"name": "group",
			"origin": [8, 8, 8],
			"color": 0,
			"children": [0, 1, 2, 3, 4, 5, 6, 7, 8, 9, 10, 11, 12, 13, 14, 15, 16, 17, 18, 19, 20]
		}
	]
}