{
	"fallback": "minecraft:empty",
	"elements": [
		{
			"weight": 1,
			"element": {
				"element_type": "minecraft:single_pool_element",
				"projection": "rigid",
				"location": "cultepack:village_terre_magique/mob/xp",
				"processors": "minecraft:empty"
			}
			
		},
        {
			"weight": 1,
			"element": {
				"element_type": "minecraft:single_pool_element",
				"projection": "rigid",
				"location": "cultepack:village_terre_magique/mob/bouffe",
				"processors": "minecraft:empty"
			}
			
        },
        {
			"weight": 1,
			"element": {
				"element_type": "minecraft:single_pool_element",
				"projection": "rigid",
				"location": "cultepack:village_terre_magique/mob/cosmetic",
				"processors": "minecraft:empty"
			}
			
        },
        {
			"weight": 1,
			"element": {
				"element_type": "minecraft:single_pool_element",
				"projection": "rigid",
				"location": "cultepack:village_terre_magique/mob/nature",
				"processors": "minecraft:empty"
			}
			
        }
    ]
}