{
	"display": {
		"icon": {
			"item": "minecraft:cherry_log"
		},
		"title": "§5Maison gelée",
		"description": "§dCombien vivent là dedans ??",
		"background": "minecraft:textures/block/end_portal_frame.png",
		"frame": "challenge",
		"show_toast": true,
		"announce_to_chat": true,
		"hidden": false
	},
	"parent": "cultepack:visible_7_skeleton_visite",
	"criteria": {
		"requirement": {
			"trigger": "minecraft:location",
			"conditions": {
				"player": {
					"type": "player",
					"type_specific": {
						"type": "player"
					},
					"location": {
						"structure": "cultepack:donjon_ocean_2"
					}
				}
			}
		}
	}
}
