{
	"display": {
		"icon": {
			"item": "minecraft:mossy_cobblestone"
		},
		"title": "§5Grotte de Trolls",
		"description": "§dIls veulent vous manger",
		"background": "minecraft:textures/block/end_portal_frame.png",
		"frame": "challenge",
		"show_toast": true,
		"announce_to_chat": true,
		"hidden": false
	},
	"parent": "cultepack:visible_8_donjon_ocean_2_visite",
	"criteria": {
		"requirement": {
			"trigger": "minecraft:location",
			"conditions": {
				"player": {
					"type": "player",
					"type_specific": {
						"type": "player"
					},
					"location": {
						"structure": "cultepack:grotte_troll"
					}
				}
			}
		}
	}
}
