{
	"display": {
		"icon": {
			"item": "minecraft:smithing_table"
		},
		"title": "§3Forge",
		"description": "§bCette forge permet d'améliorer l'armure démoniaque",
		"background": "minecraft:textures/block/end_portal_frame.png",
		"frame": "challenge",
		"show_toast": true,
		"announce_to_chat": true,
		"hidden": false
	},
	"parent": "cultepack:visible_2_autel_visite",
	"criteria": {
		"requirement": {
			"trigger": "minecraft:location",
			"conditions": {
				"player": {
					"type": "player",
					"type_specific": {
						"type": "player"
					},
					"location": {
						"structure": "cultepack:end_forge"
					}
				}
			}
		}
	}
}
