{
	"display": {
		"icon": {
			"item": "minecraft:cracked_deepslate_bricks"
		},
		"title": "§5Les Ruines",
		"description": "§dRuines gardées par de terribles zombies",
		"background": "minecraft:textures/block/end_portal_frame.png",
		"frame": "challenge",
		"show_toast": true,
		"announce_to_chat": true,
		"hidden": false
	},
	"parent": "cultepack:visible_16_grotte",
	"criteria": {
		"requirement": {
			"trigger": "minecraft:location",
			"conditions": {
				"player": {
					"type": "player",
					"type_specific": {
						"type": "player"
					},
					"location": {
						"structure": "cultepack:end_ruine"
					}
				}
			}
		}
	}
}
