{
	"display": {
		"icon": {
			"item": "minecraft:crimson_hyphae"
		},
		"title": "§5Arbre Des Marais",
		"description": "§dBel Arbre",
		"background": "minecraft:textures/block/end_portal_frame.png",
		"frame": "challenge",
		"show_toast": true,
		"announce_to_chat": true,
		"hidden": false
	},
	"parent": "cultepack:visible_5_ile_visite",
	"criteria": {
		"requirement": {
			"trigger": "minecraft:location",
			"conditions": {
				"player": {
					"type": "player",
					"type_specific": {
						"type": "player"
					},
					"location": {
						"structure": "cultepack:donjon_arbre_mar"
					}
				}
			}
		}
	}
}
