{
	"display": {
		"icon": {
			"item": "minecraft:chiseled_polished_blackstone"
		},
		"title": "§5Île volante corrompue",
		"description": "§dUne fois sur l'île, tu dois être vif !",
		"background": "minecraft:textures/block/end_portal_frame.png",
		"frame": "challenge",
		"show_toast": true,
		"announce_to_chat": true,
		"hidden": false
	},
	"parent": "cultepack:visible_8_castle_visite",
	"criteria": {
		"requirement": {
			"trigger": "minecraft:location",
			"conditions": {
				"player": {
					"type": "player",
					"type_specific": {
						"type": "player"
					},
					"location": {
						"structure": "cultepack:donjon_end_big_ile"
					}
				}
			}
		}
	}
}
