{
	"type": "minecraft:entity",
	"pools": [
		{
			"rolls": 1,
			"entries": [
				{
					"type": "minecraft:item",
					"weight": 1,
					"name": "minecraft:netherite_sword",
					"functions": [
						{
							"function": "minecraft:set_components",
						"components":{
								"minecraft:custom_name": [{text:'Marteau Démoniaque',italic:false,color:dark_red}],
								"minecraft:lore": [
								  [{text:'Marteau Légendaire,',italic:false}],
								  [{text:'forgé depuis l\'End',italic:false}]
								],
								"minecraft:attribute_modifiers": [
								  {
									"type": "attack_speed",
									"slot": "mainhand",
						
									"operation" : "add_value",
									"id": "generic.attack_speed",
									"amount": -3.6
								  },
								  {
									"type": "attack_damage",
									"slot": "mainhand",
									
									"operation" : "add_value",
									"id": "generic.attack_damage",
									"amount": 32
								  }
								],
								"minecraft:custom_model_data": {
									"strings": [
										"marteau"
									]
								   },
								"minecraft:custom_data": {
								  "Tags": "marteau_demonic"
								}
							  }
						}
					]
				}
			]
		},
		{
			"rolls": {
				"min": 1,
				"max": 1
			},
			"entries": [
				{
					"type": "minecraft:item",
					"weight": 1,
					"name": "minecraft:enchanted_book",
					"functions": [
						{
							"function": "minecraft:set_components",
							"components": {
								"minecraft:custom_model_data": {
									"strings": [
									  "livre_base"
									]
								  },
								"minecraft:lore": [
								  [{text:'-Arc'}]
								]
							}
						},
							{
							  "function": "minecraft:set_enchantments",
							  "enchantments": {
								"cultepack:fleche_foudre": 1
							  }
							}
					]
				}
			]
		},
		{
			"rolls": 1,
			"entries": [
				{
					"type": "minecraft:item",
					"weight": 1,
					"name": "minecraft:carved_pumpkin",
					"functions": [
						{
							"function": "minecraft:set_components",
							"components":{
								"minecraft:custom_name": [{text:'Tête du',italic:false,color:gold},{text:' '},{text:'Spider-Boy',color:dark_red}],
								"minecraft:lore": [
								  [{text:'Tête de Boss. Peut être',italic:false}],
								  [{text:'utilisée comme chapeau.',italic:false}]
								],
								"minecraft:custom_model_data": {
									"strings": [
										"spider_boy"
									]
								   }
							  }
						}
					]
				}
			]
		},
		{
			"rolls": {
				"min": 1,
				"max": 2
			},
			"entries": [
				{
					"type": "minecraft:item",
					"weight": 1,
					"name": "minecraft:netherite_ingot",
					"functions": [
						{
							"function": "minecraft:set_count",
							"count": {
								"min": 1,
								"max": 2
							}
						}
					]
				},
				{
					"type": "minecraft:item",
					"weight": 1,
					"name": "minecraft:nether_star"
				},
				{
					"type": "minecraft:item",
					"weight": 2,
					"name": "minecraft:diamond",
					"functions": [
						{
							"function": "set_count",
							"count": 3
						}
					]
				}
			]
		},
		{
			
			"rolls": {
				"min": 0,
				"max": 1
			},
			"entries": [
				{
					"type": "minecraft:item",
					"weight": 1,
					"name": "minecraft:phantom_membrane",
					"functions": [
						{
							"function": "minecraft:set_components",
							"components":{
								"minecraft:custom_name": [{text:'Rune d\'Armure',italic:false,color:dark_red}],
								"minecraft:lore": [
								  [{text:'S\'utilise à la forge',italic:false}],
								  [{text:'de l\'End pour améliorer',italic:false}],
								  [{text:'l\'armure Démoniaque.',italic:false}],
								  [{text:'',italic:false}],
								  [{text:'Donne à la pièce d\'armure :',italic:true,color:gray}],
								  [{text:'-Protection X',italic:true,color:gray}],
								  [{text:'-Unbrealing X',italic:true,color:gray}]
								],
								"minecraft:custom_model_data": {
									"strings": [
										"piece_armure"
									]
								   },
								"minecraft:custom_data": {
								  "Tags": [
									"upgrader_1"
								  ]
								}
							  }
						}
					]
				}
			]
		}
	]
}
