{
    "criteria": {
      "ice": {
        "trigger": "minecraft:player_hurt_entity",
        "conditions": {
          "player": [
            {
              "condition": "minecraft:entity_properties",
              "entity": "this",
              "predicate": {
                "type": "minecraft:player",
                "equipment": {
                  "mainhand": {
                    "items": [
                      "minecraft:netherite_sword"
                    ],
                    "components": {
                      "minecraft:custom_data": {
                        "Tags": [
                          "poison_sword"
                        ]
                      }
                      }
                  }
                }
              }
            }
          ]
        }
      }
    },
    "rewards": {
      "function": "cultepack:weapons/effect/poison"
    }
  }
  