{
	"model": {
	  "type": "minecraft:select",
	  "property": "custom_model_data",
	  "cases": [
		{
		  "model": {
			"type": "minecraft:condition",
			"on_false": {
			  "type": "minecraft:model",
			  "model": "item/bow/pashcompoundbow"
		   },
		   "on_true": {
			 "type": "minecraft:range_dispatch",
			 "entries": [
				{
					"model": {
					 "type": "minecraft:model",
					 "model": "item/bow/pashcompound_bow_1"
				   },
					"threshold": 1
				  },
				{
				  "model": {
				   "type": "minecraft:model",
				   "model": "item/bow/pashcompound_bow_2"
				 },
				  "pull": 0.65,
				  "threshold" : 1
				},
			   {
				 "model": {
					"type": "minecraft:model",
					"model": "item/bow/pashcompound_bow_3"
				 },
				 "threshold": 1,
				 "pull":0.9
			   }
			 ],
			 "fallback": {
				"type": "minecraft:model",
				"model": "item/bow/pashcompoundbow"
			  },
			  "property": "minecraft:use_duration",
			  "scale": 0.05
			},
			"property": "minecraft:using_item"
		  },
		  "when": [
			"arc"
		  ]
		}
	  ],
	  
	  "fallback": {
		"type": "minecraft:composite",
	  "models": [
		{"type": "minecraft:condition",
		 "on_false": {
		 "type": "minecraft:model",
		 "model": "minecraft:item/bow"
	   },
	   "on_true": {
		 "type": "minecraft:range_dispatch",
		 "entries": [
		   {
			 "model": {
			   "type": "minecraft:model",
			   "model": "minecraft:item/bow/empty_bow_pulling_1"
			 },
			 "threshold": 0.65
		   },
		   {
			 "model": {
			   "type": "minecraft:model",
			   "model": "minecraft:item/bow/empty_bow_pulling_2"
			 },
			 "threshold": 0.9
		   }
		 ],
		 "fallback": {
		   "type": "minecraft:model",
		   "model": "minecraft:item/bow/empty_bow_pulling_0"
		 },
		 "property": "minecraft:use_duration",
		 "scale": 0.05
	   },
	   "property": "minecraft:using_item"
	   },
	   {"type": "minecraft:condition",
		 "on_false": {
		 "type": "minecraft:model",
		 "model": "minecraft:item/bow"
	   },
	   "on_true": {
		 "type": "minecraft:range_dispatch",
		 "entries": [
		   {
			 "model": {
			   "type": "minecraft:model",
			   "model": "minecraft:item/bow/arrow_pulling_1"
			 },
			 "threshold": 0.65
		   },
		   {
			 "model": {
			   "type": "minecraft:model",
			   "model": "minecraft:item/bow/arrow_pulling_2"
			 },
			 "threshold": 0.9
		   }
		 ],
		 "fallback": {
		   "type": "minecraft:model",
		   "model": "minecraft:item/bow/arrow_pulling_0"
		 },
		 "property": "minecraft:use_duration",
		 "scale": 0.05
	   },
	   "property": "using_item"
	   }
	  ]
	  }
	  
	}
  }