{
	"type": "minecraft:chest",
	"pools": [
		{
			"rolls": 1,
			"entries": [
			  {
				"type": "minecraft:loot_table",
				"value": "cultepack:chests/potion",
				"weight": 1
			  },
			  {
				"type": "minecraft:empty",
				"weight": 4 
			  }
			]
		  },
		  {
			"rolls": {
			  "min": 1,
			  "max": 2
			},
			"entries": [
			  {
				"type": "minecraft:item",
					"weight": 1,
					"name": "minecraft:end_stone",
					"functions": [
						{
							"function": "minecraft:set_count",
							"count": {
								"min": 10,
								"max": 33
							}
						}
					]
			  },
			  {
				"type": "minecraft:item",
					"weight": 1,
					"name": "minecraft:crying_obsidian",
					"functions": [
						{
							"function": "minecraft:set_count",
							"count": {
								"min": 3,
								"max": 9
							}
						}
					]
			  },
			  {
				"type": "minecraft:item",
					"weight": 1,
					"name": "minecraft:gilded_blackstone",
					"functions": [
						{
							"function": "minecraft:set_count",
							"count": {
								"min": 1,
								"max": 7
							}
						}
					]
			  },
			  {
				"type": "minecraft:item",
					"weight": 1,
					"name": "minecraft:experience_bottle",
					"functions": [
						{
							"function": "minecraft:set_count",
							"count": {
								"min": 2,
								"max": 42
							}
						}
					]
			  }
			]
		  },
		{
			"rolls": {
			  "min": 1,
			  "max": 1
			},
			"entries": [
			  {
				"weight" : 1,
				"type": "minecraft:loot_table",
				"value": "cultepack:entities/map"
			  },
			  {
				"weight" : 6,
				"type": "minecraft:loot_table",
				"value": "cultepack:entities/vide"
			  }
			]
		  },
		{
			"rolls": {
				"min": 3,
				"max": 5
			},
			"entries": [
				{
					"type": "minecraft:item",
					"weight": 1,
					"name": "minecraft:netherite_ingot"
				},
				{
					"type": "minecraft:item",
					"weight": 1,
					"name": "minecraft:golden_apple",
					"functions": [
						{
							"function": "minecraft:set_count",
							"count": {
								"min": 3,
								"max": 23
							}
						}
					]
				},
				{
					"type": "minecraft:item",
					"weight": 5,
					"name": "minecraft:emerald_block",
					"functions": [
						{
							"function": "minecraft:set_count",
							"count": {
								"min": 2,
								"max": 6
							}
						}
					]
				},
				{
					"type": "minecraft:item",
					"weight": 8,
					"name": "minecraft:diamond",
					"functions": [
						{
							"function": "minecraft:set_count",
							"count": {
								"min": 1,
								"max": 2
							}
						}
					]
				},
				{
					"type": "minecraft:item",
					"weight": 6,
					"name": "minecraft:blaze_rod",
					"functions": [
						{
							"function": "minecraft:set_count",
							"count": {
								"min": 30,
								"max": 50
							}
						}
					]
				},
				{
					"type": "minecraft:item",
					"weight": 6,
					"name": "minecraft:blackstone",
					"functions": [
						{
							"function": "minecraft:set_count",
							"count": {
								"min": 10,
								"max": 45
							}
						}
					]
				},
				{
					"type": "minecraft:item",
					"weight": 2,
					"name": "minecraft:phantom_membrane",
					"functions": [
						{
							"function": "minecraft:set_components",
							"components":{
								"minecraft:custom_name": "[{\"text\":\"Rune d'Armure\",\"italic\":false,\"color\":\"dark_red\"}]",
								"minecraft:lore": [
								  "[{\"text\":\"S'utilise à la forge\",\"italic\":false}]",
								  "[{\"text\":\"de l'End pour améliorer\",\"italic\":false}]",
								  "[{\"text\":\"l'armure Démoniaque.\",\"italic\":false}]",
								  "[{\"text\":\"\",\"italic\":false}]",
								  "[{\"text\":\"Donne à la pièce d'armure :\",\"italic\":true,\"color\":\"gray\"}]",
								  "[{\"text\":\"-Protection X\",\"italic\":true,\"color\":\"gray\"}]",
								  "[{\"text\":\"-Unbrealing X\",\"italic\":true,\"color\":\"gray\"}]"
								],
								"minecraft:custom_model_data": {
									"strings": [
									  "piece_armure"
									]
								  },
								"minecraft:custom_data": {
								  "Tags": [
									"upgrader_1"
								  ]
								}
							  }
							}
					]
				},
				{
					"type": "minecraft:item",
					"weight": 3,
					"name": "minecraft:popped_chorus_fruit",
					"functions": [
						{
							"function": "minecraft:set_components",
							"components":{
								"minecraft:custom_name": "[{\"text\":\"Cristal de Téléportation\",\"italic\":false,\"color\":\"aqua\"}]",
								"minecraft:lore": [
								  "[{\"text\":\"S'utilise à la forge\",\"italic\":false}]",
								  "[{\"text\":\"de l'End pour améliorer\",\"italic\":false}]",
								  "[{\"text\":\"le \",\"italic\":false},{\"text\":\"Sceptre de\",\"color\":\"gold\"},{\"text\":\" \",\"color\":\"dark_purple\"},{\"text\":\"Base\",\"color\":\"light_purple\"}]"
								],
								"minecraft:custom_model_data": {
									"strings": [
									  "cristal_tp"
									]
								  },
								"minecraft:custom_data": {
								  "Tags": [
									"cristal_tp"
								  ]
								}
							  }
						}
					]
				}
			]
		},
		{
			"rolls": {
				"min": 0,
				"max": 1
			},
			"entries": [
				{
					"type": "minecraft:item",
					"weight": 4,
					"name": "minecraft:popped_chorus_fruit",
					"functions": [
						{
							"function": "minecraft:set_components",
							"components":{
								"minecraft:custom_name": "[{\"text\":\"Pierre d'Invocation ★★★\",\"italic\":false,\"color\":\"gold\"}]",
								"minecraft:lore": [
								  "[{\"text\":\"Contient une âme\",\"italic\":false}]",
								  "[{\"text\":\"\",\"italic\":false}]",
								  "[{\"text\":\"Utilisée à un Autel\",\"italic\":true,\"color\":\"dark_gray\"}]",
								  "[{\"text\":\"sacrificiel, libère un\",\"italic\":true,\"color\":\"dark_gray\"}]",
								  "[{\"text\":\"puissant boss au niveau\",\"italic\":true,\"color\":\"dark_gray\"}]",
								  "[{\"text\":\"de la pierre\",\"italic\":true,\"color\":\"dark_gray\"}]"
								],
								"minecraft:custom_model_data": {
									"strings": [
									  "rune_invoc"
									]
								  },
								"minecraft:custom_data": {
								  "Tags": [
									"pierre_invoc_3"
								  ]
								}
							  }
						}
					]
				},
				{
					"type": "minecraft:item",
					"weight": 9,
					"name": "minecraft:popped_chorus_fruit",
					"functions": [
						{
							"function": "minecraft:set_components",
							"components":{
								"minecraft:custom_name": "[{\"text\":\"Pierre d'Invocation ★★★★\",\"italic\":false,\"color\":\"gold\"}]",
								"minecraft:lore": [
								  "[{\"text\":\"Contient une âme\",\"italic\":false}]",
								  "[{\"text\":\"\",\"italic\":false}]",
								  "[{\"text\":\"Utilisée à un Autel\",\"italic\":true,\"color\":\"dark_gray\"}]",
								  "[{\"text\":\"sacrificiel, libère un\",\"italic\":true,\"color\":\"dark_gray\"}]",
								  "[{\"text\":\"puissant boss au niveau\",\"italic\":true,\"color\":\"dark_gray\"}]",
								  "[{\"text\":\"de la pierre\",\"italic\":true,\"color\":\"dark_gray\"}]"
								],
								"minecraft:custom_model_data": {
									"strings": [
									  "rune_invoc"
									]
								  },
								"minecraft:custom_data": {
								  "Tags": [
									"pierre_invoc_4"
								  ]
								}
							  }
						}
					]
				},
				{
					"type": "minecraft:item",
					"weight": 2,
					"name": "minecraft:nether_star",
					"functions": [
						{
							"function": "minecraft:set_count",
							"count": {
								"min": 1,
								"max": 2
							}
						}
					]
				}
			]
		}
	]
}
