{
	"type": "minecraft:chest",
	"pools": [
		{
			"rolls": {
			  "min": 1,
			  "max": 1
			},
			"entries": [
			  {
				"weight" : 1,
				"type": "minecraft:loot_table",
				"value": "cultepack:entities/map"
			  },
			  {
				"weight" : 6,
				"type": "minecraft:loot_table",
				"value": "cultepack:entities/vide"
			  }
			]
		  },
		{
			"rolls": {
				"min": 3,
				"max": 4
			},
			"entries": [
				{
					"type": "minecraft:item",
					"weight": 1,
					"name": "minecraft:potion",
					"functions": [
						{
							"function": "minecraft:set_components",
							"components":{
								"minecraft:enchantment_glint_override": true,
								"minecraft:custom_name": "[{\"text\":\"Potion de Force II\",\"italic\":false,\"color\":\"dark_red\"}]",
								"minecraft:potion_contents": {
								  "custom_color": 16711680,
								  "custom_effects": [
									{
									  "id": "haste",
									  "amplifier": 1,
									  "duration": 600
									},
									{
									  "id": "strength",
									  "amplifier": 1,
									  "duration": 1200
									},
									{
									  "id": "saturation",
									  "amplifier": 1,
									  "duration": 1200
									}
								  ]
								}
							  }
						}
					]
				},
				{
					"type": "minecraft:item",
					"weight": 1,
					"name": "minecraft:potion",
					"functions": [
						{
							"function": "minecraft:set_components",
							"components":{
								"minecraft:enchantment_glint_override": true,
								"minecraft:custom_name": "[{\"text\":\"Potion de Force I\",\"italic\":false,\"color\":\"dark_red\"}]",
								"minecraft:potion_contents": {
								  "custom_color": 16711680,
								  "custom_effects": [
									{
									  "id": "haste",
									  "amplifier": 1,
									  "duration": 300
									},
									{
									  "id": "strength",
									  "amplifier": 1,
									  "duration": 600
									},
									{
									  "id": "saturation",
									  "amplifier": 1,
									  "duration": 600
									}
								  ]
								}
							  }
						}
					]
				},
				{
					"type": "minecraft:item",
					"weight": 1,
					"name": "minecraft:potion",
					"functions": [
						{
							"function": "minecraft:set_components",
							"components":{
								"minecraft:enchantment_glint_override": true,
								"minecraft:custom_name": "[{\"text\":\"Potion de Protection III\",\"italic\":false,\"color\":\"aqua\"}]",
								"minecraft:potion_contents": {
								  "custom_color": 7725301,
								  "custom_effects": [
									{
									  "id": "regeneration",
									  "amplifier": 1,
									  "duration": 600
									},
									{
									  "id": "resistance",
									  "amplifier": 2,
									  "duration": 1200
									},
									{
									  "id": "fire_resistance",
									  "amplifier": 0,
									  "duration": 1500
									}
								  ]
								}
							  }
						}
					]
				},
				{
					"type": "minecraft:item",
					"weight": 6,
					"name": "minecraft:experience_bottle",
					"functions": [
						{
							"function": "minecraft:set_count",
							"count": {
								"min": 7,
								"max": 47
							}
						}
					]
				},
				{
					"type": "minecraft:item",
					"weight": 4,
					"name": "minecraft:potion",
					"functions": [
						{
							"function": "minecraft:set_components",
							"components":{
								"minecraft:enchantment_glint_override": true,
								"minecraft:custom_name": "[{\"text\":\"Potion de Protection II\",\"italic\":false,\"color\":\"aqua\"}]",
								"minecraft:potion_contents": {
								  "custom_color": 7725301,
								  "custom_effects": [
									{
									  "id": "regeneration",
									  "amplifier": 1,
									  "duration": 300
									},
									{
									  "id": "resistance",
									  "amplifier": 1,
									  "duration": 1200
									},
									{
									  "id": "fire_resistance",
									  "amplifier": 0,
									  "duration": 1200
									}
								  ]
								}
							  }
						}
					]
				},
				{
					"type": "minecraft:item",
					"weight": 5,
					"name": "minecraft:potion",
					"functions": [
						{
							"function": "minecraft:set_components",
							"components":{
								"minecraft:enchantment_glint_override": true,
								"minecraft:custom_name": "[{\"text\":\"Potion de Protection I\",\"italic\":false,\"color\":\"aqua\"}]",
								"minecraft:potion_contents": {
								  "custom_color": 7725301,
								  "custom_effects": [
									{
									  "id": "regeneration",
									  "amplifier": 0,
									  "duration": 300
									},
									{
									  "id": "resistance",
									  "amplifier": 0,
									  "duration": 600
									},
									{
									  "id": "fire_resistance",
									  "amplifier": 0,
									  "duration": 600
									}
								  ]
								}
							  }
						}
					]
				}
			]
		}
	]
}
