{
    "type": "minecraft:chest",
    "pools": [
      {
        "rolls": 1,
        "entries": [
            {
                "type": "minecraft:item",
                "weight": 1,
                "name": "minecraft:potion",
                "functions": [
                    {
                        "function": "minecraft:set_components",
                        "components":{
                            "minecraft:enchantment_glint_override": true,
                            "minecraft:custom_name": "[{\"text\":\"Potion de Force II\",\"italic\":false,\"color\":\"dark_red\"}]",
                            "minecraft:potion_contents": {
                              "custom_color": 16711680,
                              "custom_effects": [
                                {
                                  "id": "haste",
                                  "amplifier": 1,
                                  "duration": 600
                                },
                                {
                                  "id": "strength",
                                  "amplifier": 1,
                                  "duration": 1200
                                },
                                {
                                  "id": "saturation",
                                  "amplifier": 1,
                                  "duration": 1200
                                }
                              ]
                            }
                          }
                    }
                ]
            },
            {
                "type": "minecraft:item",
                "weight": 1,
                "name": "minecraft:potion",
                "functions": [
                    {
                        "function": "minecraft:set_components",
                        "components":{
                            "minecraft:enchantment_glint_override": true,
                            "minecraft:custom_name": "[{\"text\":\"Potion de Force I\",\"italic\":false,\"color\":\"dark_red\"}]",
                            "minecraft:potion_contents": {
                              "custom_color": 16711680,
                              "custom_effects": [
                                {
                                  "id": "haste",
                                  "amplifier": 1,
                                  "duration": 300
                                },
                                {
                                  "id": "strength",
                                  "amplifier": 1,
                                  "duration": 600
                                },
                                {
                                  "id": "saturation",
                                  "amplifier": 1,
                                  "duration": 600
                                }
                              ]
                            }
                          }
                    }
                ]
            },
            {
                "type": "minecraft:item",
                "weight": 1,
                "name": "minecraft:potion",
                "functions": [
                    {
                        "function": "minecraft:set_components",
                        "components":{
                            "minecraft:enchantment_glint_override": true,
                            "minecraft:custom_name": "[{\"text\":\"Potion de Protection III\",\"italic\":false,\"color\":\"aqua\"}]",
                            "minecraft:potion_contents": {
                              "custom_color": 7725301,
                              "custom_effects": [
                                {
                                  "id": "regeneration",
                                  "amplifier": 1,
                                  "duration": 600
                                },
                                {
                                  "id": "resistance",
                                  "amplifier": 2,
                                  "duration": 1200
                                },
                                {
                                  "id": "fire_resistance",
                                  "amplifier": 0,
                                  "duration": 1500
                                }
                              ]
                            }
                          }
                    }
                ]
            },
            {
                "type": "minecraft:item",
                "weight": 2,
                "name": "minecraft:potion",
                "functions": [
                    {
                        "function": "minecraft:set_components",
                        "components":{
                            "minecraft:enchantment_glint_override": true,
                            "minecraft:custom_name": "[{\"text\":\"Potion de Protection II\",\"italic\":false,\"color\":\"aqua\"}]",
                            "minecraft:potion_contents": {
                              "custom_color": 7725301,
                              "custom_effects": [
                                {
                                  "id": "regeneration",
                                  "amplifier": 1,
                                  "duration": 300
                                },
                                {
                                  "id": "resistance",
                                  "amplifier": 1,
                                  "duration": 1200
                                },
                                {
                                  "id": "fire_resistance",
                                  "amplifier": 0,
                                  "duration": 1200
                                }
                              ]
                            }
                          }
                    }
                ]
            },
            {
                "type": "minecraft:item",
                "weight": 3,
                "name": "minecraft:potion",
                "functions": [
                    {
                        "function": "minecraft:set_components",
                        "components":{
                            "minecraft:enchantment_glint_override": true,
                            "minecraft:custom_name": "[{\"text\":\"Potion de Protection I\",\"italic\":false,\"color\":\"aqua\"}]",
                            "minecraft:potion_contents": {
                              "custom_color": 7725301,
                              "custom_effects": [
                                {
                                  "id": "regeneration",
                                  "amplifier": 0,
                                  "duration": 300
                                },
                                {
                                  "id": "resistance",
                                  "amplifier": 0,
                                  "duration": 600
                                },
                                {
                                  "id": "fire_resistance",
                                  "amplifier": 0,
                                  "duration": 600
                                }
                              ]
                            }
                          }
                    }
                ]
            }
        ]
      }
    ]
  }
  