{
    "type": "minecraft:chest",
    "pools": [
      {
        "rolls": 1,
        "entries": [
          {
            "type": "minecraft:loot_table",
            "value": "cultepack:chests/potion",
            "weight": 1
          },
          {
            "type": "minecraft:empty",
            "weight": 4
          }
        ]
      },
      {
        "rolls": {
          "min": 1,
          "max": 1
        },
        "entries": [
          {
            "weight" : 1,
            "type": "minecraft:loot_table",
            "value": "cultepack:entities/map"
          },
          {
            "weight" : 6,
            "type": "minecraft:loot_table",
            "value": "cultepack:entities/vide"
          }
        ]
      },
      {
        "rolls": {
          "min": 2,
          "max": 3
        },
        "entries": [
          {
            "type": "minecraft:item",
            "name": "minecraft:cooked_beef",
            "functions": [
              {
                "function": "minecraft:set_count",
                "count": {
                  "min": 2,
                  "max": 30
                }
              }
            ]
          },
          {
            "type": "minecraft:item",
            "name": "minecraft:bread",
            "functions": [
              {
                "function": "minecraft:set_count",
                "count": {
                  "min": 10,
                  "max": 20
                }
              }
            ]
          },
          {
            "type": "minecraft:item",
            "name": "minecraft:obsidian",
            "functions": [
              {
                "function": "minecraft:set_count",
                "count": {
                  "min": 2,
                  "max": 10
                }
              }
            ]
          }
        ]
      }
    ]
  }
  