{
	"credit": "Made with Blockbench",
	"texture_size": [32, 32],
	"textures": {
		"0": "item/chien_up_5",
		"particle": "item/chien_up_5"
	},
	"elements": [
		{
			"from": [7, 0, 7],
			"to": [8, 1, 8],
			"faces": {
				"north": {"uv": [6.5, 9.5, 7, 10], "texture": "#0"},
				"east": {"uv": [9.5, 6.5, 10, 7], "texture": "#0"},
				"south": {"uv": [7, 9.5, 7.5, 10], "texture": "#0"},
				"west": {"uv": [9.5, 7, 10, 7.5], "texture": "#0"},
				"up": {"uv": [8, 10, 7.5, 9.5], "texture": "#0"},
				"down": {"uv": [10, 7.5, 9.5, 8], "texture": "#0"}
			}
		},
		{
			"from": [7, 1, 6],
			"to": [8, 2, 9],
			"faces": {
				"north": {"uv": [9.5, 8, 10, 8.5], "texture": "#0"},
				"east": {"uv": [7, 4, 8.5, 4.5], "texture": "#0"},
				"south": {"uv": [8.5, 9.5, 9, 10], "texture": "#0"},
				"west": {"uv": [8, 0, 9.5, 0.5], "texture": "#0"},
				"up": {"uv": [8.5, 2, 8, 0.5], "texture": "#0"},
				"down": {"uv": [5, 8, 4.5, 9.5], "texture": "#0"}
			}
		},
		{
			"from": [8, 1, 7],
			"to": [9, 2, 8],
			"faces": {
				"north": {"uv": [9, 9.5, 9.5, 10], "texture": "#0"},
				"east": {"uv": [9.5, 9.5, 10, 10], "texture": "#0"},
				"south": {"uv": [10, 0.5, 10.5, 1], "texture": "#0"},
				"west": {"uv": [1, 10, 1.5, 10.5], "texture": "#0"},
				"up": {"uv": [10.5, 1.5, 10, 1], "texture": "#0"},
				"down": {"uv": [2, 10, 1.5, 10.5], "texture": "#0"}
			}
		},
		{
			"from": [6, 1, 7],
			"to": [7, 2, 8],
			"faces": {
				"north": {"uv": [10, 1.5, 10.5, 2], "texture": "#0"},
				"east": {"uv": [10, 2, 10.5, 2.5], "texture": "#0"},
				"south": {"uv": [2.5, 10, 3, 10.5], "texture": "#0"},
				"west": {"uv": [3, 10, 3.5, 10.5], "texture": "#0"},
				"up": {"uv": [10.5, 4, 10, 3.5], "texture": "#0"},
				"down": {"uv": [4.5, 10, 4, 10.5], "texture": "#0"}
			}
		},
		{
			"from": [7, 2, 5],
			"to": [8, 3, 10],
			"faces": {
				"north": {"uv": [10, 4, 10.5, 4.5], "texture": "#0"},
				"east": {"uv": [6, 5, 8.5, 5.5], "texture": "#0"},
				"south": {"uv": [5.5, 10, 6, 10.5], "texture": "#0"},
				"west": {"uv": [6, 5.5, 8.5, 6], "texture": "#0"},
				"up": {"uv": [3, 8.5, 2.5, 6], "texture": "#0"},
				"down": {"uv": [3.5, 6, 3, 8.5], "texture": "#0"}
			}
		},
		{
			"from": [8, 2, 6],
			"to": [9, 3, 9],
			"faces": {
				"north": {"uv": [10, 5.5, 10.5, 6], "texture": "#0"},
				"east": {"uv": [8, 2, 9.5, 2.5], "texture": "#0"},
				"south": {"uv": [10, 6, 10.5, 6.5], "texture": "#0"},
				"west": {"uv": [8, 2.5, 9.5, 3], "texture": "#0"},
				"up": {"uv": [5.5, 9.5, 5, 8], "texture": "#0"},
				"down": {"uv": [8.5, 7, 8, 8.5], "texture": "#0"}
			}
		},
		{
			"from": [6, 2, 6],
			"to": [7, 3, 9],
			"faces": {
				"north": {"uv": [6.5, 10, 7, 10.5], "texture": "#0"},
				"east": {"uv": [8.5, 0.5, 10, 1], "texture": "#0"},
				"south": {"uv": [10, 6.5, 10.5, 7], "texture": "#0"},
				"west": {"uv": [8.5, 1, 10, 1.5], "texture": "#0"},
				"up": {"uv": [3, 10, 2.5, 8.5], "texture": "#0"},
				"down": {"uv": [3.5, 8.5, 3, 10], "texture": "#0"}
			}
		},
		{
			"from": [7, 3, 4],
			"to": [8, 4, 11],
			"faces": {
				"north": {"uv": [7, 10, 7.5, 10.5], "texture": "#0"},
				"east": {"uv": [4.5, 1.5, 8, 2], "texture": "#0"},
				"south": {"uv": [10, 7, 10.5, 7.5], "texture": "#0"},
				"west": {"uv": [4.5, 2, 8, 2.5], "texture": "#0"},
				"up": {"uv": [5, 8, 4.5, 4.5], "texture": "#0"},
				"down": {"uv": [5.5, 4.5, 5, 8], "texture": "#0"}
			}
		},
		{
			"from": [8, 3, 5],
			"to": [9, 4, 10],
			"faces": {
				"north": {"uv": [7.5, 10, 8, 10.5], "texture": "#0"},
				"east": {"uv": [6, 6, 8.5, 6.5], "texture": "#0"},
				"south": {"uv": [10, 7.5, 10.5, 8], "texture": "#0"},
				"west": {"uv": [6, 6.5, 8.5, 7], "texture": "#0"},
				"up": {"uv": [6.5, 9.5, 6, 7], "texture": "#0"},
				"down": {"uv": [7, 7, 6.5, 9.5], "texture": "#0"}
			}
		},
		{
			"from": [6, 3, 5],
			"to": [7, 4, 10],
			"faces": {
				"north": {"uv": [8, 10, 8.5, 10.5], "texture": "#0"},
				"east": {"uv": [7, 3, 9.5, 3.5], "texture": "#0"},
				"south": {"uv": [10, 8, 10.5, 8.5], "texture": "#0"},
				"west": {"uv": [7, 3.5, 9.5, 4], "texture": "#0"},
				"up": {"uv": [7.5, 9.5, 7, 7], "texture": "#0"},
				"down": {"uv": [8, 7, 7.5, 9.5], "texture": "#0"}
			}
		},
		{
			"from": [7, 7, 4],
			"to": [8, 8, 11],
			"faces": {
				"north": {"uv": [8.5, 10, 9, 10.5], "texture": "#0"},
				"east": {"uv": [4.5, 2.5, 8, 3], "texture": "#0"},
				"south": {"uv": [10, 8.5, 10.5, 9], "texture": "#0"},
				"west": {"uv": [5.5, 4.5, 9, 5], "texture": "#0"},
				"up": {"uv": [6, 8.5, 5.5, 5], "texture": "#0"},
				"down": {"uv": [0.5, 6, 0, 9.5], "texture": "#0"}
			}
		},
		{
			"from": [8, 7, 8],
			"to": [9, 8, 10],
			"faces": {
				"north": {"uv": [9, 10, 9.5, 10.5], "texture": "#0"},
				"east": {"uv": [8.5, 1.5, 9.5, 2], "texture": "#0"},
				"south": {"uv": [10, 9, 10.5, 9.5], "texture": "#0"},
				"west": {"uv": [8.5, 4, 9.5, 4.5], "texture": "#0"},
				"up": {"uv": [4.5, 10, 4, 9], "texture": "#0"},
				"down": {"uv": [9.5, 4.5, 9, 5.5], "texture": "#0"}
			}
		},
		{
			"from": [6, 7, 8],
			"to": [7, 8, 10],
			"faces": {
				"north": {"uv": [9.5, 10, 10, 10.5], "texture": "#0"},
				"east": {"uv": [9, 5.5, 10, 6], "texture": "#0"},
				"south": {"uv": [10, 9.5, 10.5, 10], "texture": "#0"},
				"west": {"uv": [9, 6, 10, 6.5], "texture": "#0"},
				"up": {"uv": [9.5, 7.5, 9, 6.5], "texture": "#0"},
				"down": {"uv": [9.5, 7.5, 9, 8.5], "texture": "#0"}
			}
		},
		{
			"from": [8, 7, 5],
			"to": [9, 8, 7],
			"faces": {
				"north": {"uv": [10, 10, 10.5, 10.5], "texture": "#0"},
				"east": {"uv": [9, 8.5, 10, 9], "texture": "#0"},
				"south": {"uv": [0, 10.5, 0.5, 11], "texture": "#0"},
				"west": {"uv": [9, 9, 10, 9.5], "texture": "#0"},
				"up": {"uv": [0.5, 10.5, 0, 9.5], "texture": "#0"},
				"down": {"uv": [1, 9.5, 0.5, 10.5], "texture": "#0"}
			}
		},
		{
			"from": [6, 7, 5],
			"to": [7, 8, 7],
			"faces": {
				"north": {"uv": [10.5, 0, 11, 0.5], "texture": "#0"},
				"east": {"uv": [9.5, 0, 10.5, 0.5], "texture": "#0"},
				"south": {"uv": [0.5, 10.5, 1, 11], "texture": "#0"},
				"west": {"uv": [1, 9.5, 2, 10], "texture": "#0"},
				"up": {"uv": [10, 2.5, 9.5, 1.5], "texture": "#0"},
				"down": {"uv": [2.5, 9.5, 2, 10.5], "texture": "#0"}
			}
		},
		{
			"from": [7, 8, 8],
			"to": [8, 9, 10],
			"faces": {
				"north": {"uv": [10.5, 0.5, 11, 1], "texture": "#0"},
				"east": {"uv": [9.5, 2.5, 10.5, 3], "texture": "#0"},
				"south": {"uv": [1, 10.5, 1.5, 11], "texture": "#0"},
				"west": {"uv": [9.5, 3, 10.5, 3.5], "texture": "#0"},
				"up": {"uv": [10, 4.5, 9.5, 3.5], "texture": "#0"},
				"down": {"uv": [5, 9.5, 4.5, 10.5], "texture": "#0"}
			}
		},
		{
			"from": [7, 8, 5],
			"to": [8, 9, 7],
			"faces": {
				"north": {"uv": [10.5, 1, 11, 1.5], "texture": "#0"},
				"east": {"uv": [9.5, 4.5, 10.5, 5], "texture": "#0"},
				"south": {"uv": [1.5, 10.5, 2, 11], "texture": "#0"},
				"west": {"uv": [9.5, 5, 10.5, 5.5], "texture": "#0"},
				"up": {"uv": [5.5, 10.5, 5, 9.5], "texture": "#0"},
				"down": {"uv": [6.5, 9.5, 6, 10.5], "texture": "#0"}
			}
		},
		{
			"from": [7, 4, 3],
			"to": [8, 7, 12],
			"faces": {
				"north": {"uv": [8.5, 5, 9, 6.5], "texture": "#0"},
				"east": {"uv": [0, 0, 4.5, 1.5], "texture": "#0"},
				"south": {"uv": [5.5, 8.5, 6, 10], "texture": "#0"},
				"west": {"uv": [0, 1.5, 4.5, 3], "texture": "#0"},
				"up": {"uv": [4, 9, 3.5, 4.5], "texture": "#0"},
				"down": {"uv": [4.5, 4.5, 4, 9], "texture": "#0"}
			}
		},
		{
			"from": [8, 4, 4],
			"to": [9, 7, 11],
			"faces": {
				"north": {"uv": [8.5, 6.5, 9, 8], "texture": "#0"},
				"east": {"uv": [0, 3, 3.5, 4.5], "texture": "#0"},
				"south": {"uv": [8, 8.5, 8.5, 10], "texture": "#0"},
				"west": {"uv": [3.5, 3, 7, 4.5], "texture": "#0"},
				"up": {"uv": [1, 9.5, 0.5, 6], "texture": "#0"},
				"down": {"uv": [1.5, 6, 1, 9.5], "texture": "#0"}
			}
		},
		{
			"from": [6, 4, 4],
			"to": [7, 7, 11],
			"faces": {
				"north": {"uv": [8.5, 8, 9, 9.5], "texture": "#0"},
				"east": {"uv": [0, 4.5, 3.5, 6], "texture": "#0"},
				"south": {"uv": [3.5, 9, 4, 10.5], "texture": "#0"},
				"west": {"uv": [4.5, 0, 8, 1.5], "texture": "#0"},
				"up": {"uv": [2, 9.5, 1.5, 6], "texture": "#0"},
				"down": {"uv": [2.5, 6, 2, 9.5], "texture": "#0"}
			}
		}
	],
	"display": {
		"thirdperson_righthand": {
			"rotation": [0, 90, 0],
			"translation": [0, 4.25, 0]
		},
		"thirdperson_lefthand": {
			"rotation": [0, 90, 0],
			"translation": [0, 4.25, 0]
		},
		"firstperson_righthand": {
			"rotation": [0, 90, 0],
			"translation": [0, 4.25, 0]
		},
		"firstperson_lefthand": {
			"rotation": [0, 90, 0],
			"translation": [0, 4.25, 0]
		},
		"ground": {
			"translation": [0, 6.25, 0]
		},
		"gui": {
			"rotation": [0, 90, 0],
			"translation": [0.5, 3.25, 0],
			"scale": [1.2, 1.2, 1.2]
		},
		"fixed": {
			"rotation": [0, 90, 0],
			"translation": [1, 7.25, 0],
			"scale": [2, 2, 2]
		}
	},
	"groups": [
		{
			"name": "group",
			"origin": [8, 8, 8],
			"color": 0,
			"children": [0, 1, 2, 3, 4, 5, 6, 7, 8, 9, 10, 11, 12, 13, 14, 15, 16, 17, 18, 19]
		}
	]
}