{
    "type": "minecraft:tree",
    "config": {
      "force_dirt": false,
      "minimum_size": {
        "type": "minecraft:two_layers_feature_size"
      },
      "dirt_provider": {
        "type": "minecraft:simple_state_provider",
        "state": {
          "Name": "minecraft:rooted_dirt"
        }
      },
      "trunk_provider": {
        "type": "minecraft:simple_state_provider",
        "state": {
          "Name": "minecraft:oak_wood"
        }
      },
      "foliage_provider": {
        "type": "minecraft:weighted_state_provider",
        "entries": [
          {
            "weight": 2,
            "data": {
              "Name": "minecraft:oak_leaves"
            }
          },
          {
            "weight": 2,
            "data": {
              "Name": "minecraft:jungle_leaves"
            }
          },
          {
            "weight": 1,
            "data": {
              "Name": "minecraft:birch_leaves"
            }
          }
        ]
      },
      "trunk_placer": {
        "type": "minecraft:straight_trunk_placer",
        "base_height": 5,
        "height_rand_a": 2,
        "height_rand_b": 4
      },
      "foliage_placer": {
        "type": "minecraft:fancy_foliage_placer",
        "radius": {
        "type": "minecraft:uniform",
        "min_inclusive": 2,
        "max_inclusive": 4
        },
        "offset": 0,
        "height": 2
      },
      "decorators": [
        {
          "type": "minecraft:beehive",
          "probability": 0.2
        }
      ]
    }
  }
  