{
	"type": "minecraft:jigsaw",
	"biomes": [
		
		"cultepack:foret_mutante",
		"cultepack:marecage"
	
	],
	"step": "surface_structures",
	"spawn_overrides": {},
	"terrain_adaptation": "bury",
	"start_pool": "cultepack:end_caverne_2",
	"size": 6,
	"start_height": {
		"type": "minecraft:uniform",
		"min_inclusive": {
			"absolute": -12
		},
		"max_inclusive": {
			"absolute": -12
		}
	},
	"project_start_to_heightmap": "WORLD_SURFACE_WG",
	"max_distance_from_center": 80,
	"use_expansion_hack": false
}
