{
	"type": "minecraft:chest",
	"pools": [
		{
			"rolls": {
			  "min": 1,
			  "max": 1
			},
			"entries": [
			  {
				"weight" : 1,
				"type": "minecraft:loot_table",
				"value": "cultepack:entities/map"
			  },
			  {
				"weight" : 6,
				"type": "minecraft:loot_table",
				"value": "cultepack:entities/vide"
			  }
			]
		  },
		{
			"rolls": 3,
			"entries": [
				{
					"type": "minecraft:item",
					"weight": 2,
					"name": "minecraft:wither_skeleton_skull",
					"functions": [
						{
							"function": "minecraft:set_count",
							"count": {
								"min": 1,
								"max": 2
							}
						}
					]
				},
				{
					"type": "minecraft:item",
					"weight": 2,
					"name": "minecraft:diamond",
					"functions": [
						{
							"function": "minecraft:set_count",
							"count": {
								"min": 1,
								"max": 2
							}
						}
					]
				},
				{
					"type": "minecraft:item",
					"weight": 2,
					"name": "minecraft:shield",
					"functions": [
						{
							"function": "minecraft:set_components",
							"components":{
								"minecraft:custom_name": "[{\"text\":\"Bouclier \",\"italic\":false,\"color\":\"gold\"},{\"text\":\"[JUMP]\",\"italic\":true,\"color\":\"dark_red\"}]",
								"minecraft:lore": [
								  "[{\"text\":\"Donne un effet de jump\"}]",
								  "[{\"text\":\"boost niveau 1\",\"italic\":true},{\"text\":\"\",\"italic\":false}]",
								  "[{\"text\":\"\",\"italic\":false}]"
								],
								"minecraft:base_color": "cyan",
								"minecraft:banner_patterns": [
								  {
									"color": "white",
									"pattern": "circle"
								  },
								  {
									"color": "orange",
									"pattern": "stripe_bottom"
								  },
								  {
									"color": "black",
									"pattern": "flower"
								  },
								  {
									"color": "orange",
									"pattern": "triangle_top"
								  },
								  {
									"color": "black",
									"pattern": "cross"
								  },
								  {
									"color": "black",
									"pattern": "triangle_bottom"
								  },
								  {
									"color": "orange",
									"pattern": "curly_border"
								  },
								  {
									"color": "black",
									"pattern": "triangles_bottom"
								  }
								],
								"minecraft:custom_data": {
								  "Tags": [
									"shield_jump_1"
								  ]
								}
							  }
						}
					]
				},
				{
					"type": "minecraft:item",
					"weight": 5,
					"name": "minecraft:blackstone",
					"functions": [
						{
							"function": "minecraft:set_count",
							"count": {
								"min": 10,
								"max": 15
							}
						}
					]
				}
			]
		},
		{
		
			"rolls": {
				"min": 0,
				"max": 2
			},
			"entries": [
				{
					"type": "minecraft:item",
					"weight": 4,
					"name": "minecraft:popped_chorus_fruit",
					"functions": [
						{
							"function": "minecraft:set_components",
							"components":{
								"minecraft:custom_name": "[{\"text\":\"Pierre d'Invocation ★\",\"italic\":false,\"color\":\"gold\"}]",
								"minecraft:lore": [
								  "[{\"text\":\"Contient une âme\",\"italic\":false}]",
								  "[{\"text\":\"\",\"italic\":false}]",
								  "[{\"text\":\"Utilisée à un Autel\",\"italic\":true,\"color\":\"dark_gray\"}]",
								  "[{\"text\":\"sacrificiel, libère un\",\"italic\":true,\"color\":\"dark_gray\"}]",
								  "[{\"text\":\"puissant boss au niveau\",\"italic\":true,\"color\":\"dark_gray\"}]",
								  "[{\"text\":\"de la pierre\",\"italic\":true,\"color\":\"dark_gray\"}]"
								],
								"minecraft:custom_model_data": 77701,
								"minecraft:custom_data": {
								  "Tags": [
									"pierre_invoc_1"
								  ]
								}
							  }
						}
					]
				},
				{
					"type": "minecraft:item",
					"weight": 1,
					"name": "minecraft:shield",
					"functions": [
						{
							"function": "minecraft:set_components",
							"components":{
								"minecraft:custom_name": "[{\"text\":\"Bouclier \",\"italic\":false,\"color\":\"gold\"},{\"text\":\"[SPEED]\",\"italic\":true,\"color\":\"dark_red\"}]",
								"minecraft:lore": [
								  "[{\"text\":\"Donne un effet de speed\"}]",
								  "[{\"text\":\"niveau 1\",\"italic\":true},{\"text\":\"\",\"italic\":false}]",
								  "[{\"text\":\"\",\"italic\":false}]"
								],
								"minecraft:base_color": "black",
								"minecraft:banner_patterns": [
								  {
									"color": "pink",
									"pattern": "small_stripes"
								  },
								  {
									"color": "black",
									"pattern": "stripe_middle"
								  },
								  {
									"color": "black",
									"pattern": "border"
								  },
								  {
									"color": "black",
									"pattern": "cross"
								  },
								  {
									"color": "pink",
									"pattern": "circle"
								  },
								  {
									"color": "black",
									"pattern": "circle"
								  }
								],
								"minecraft:custom_data": {
								  "Tags": [
									"shield_speed_1"
								  ]
								}
							  }
						}
					]
				}
			]
		}
	]
}
