{
	"criteria": {
		"requirement": {
			"trigger": "minecraft:any_block_use",
			"conditions": {
				"player": [
				
					{
						"condition": "minecraft:entity_properties",
						"entity": "this",
						"predicate": {
							"type": "minecraft:player",
							"type_specific": {
								"type": "player"
							}
						}
					}
				],
				"location": [
					{
						"condition": "minecraft:match_tool",
						"predicate": {
							"items": [
								"minecraft:popped_chorus_fruit"
							],
							"components": {
								"minecraft:custom_data": {
								  "Tags": [
									  "pierre_invoc_5"
									]
								}
							  }
						}
					},
					{
						"condition": "minecraft:location_check",
						"predicate": {
							"structures": "cultepack:autel_sacrificiel",
							"block": {
								"blocks": [
									"minecraft:enchanting_table"
								]
							}
						}
					}
				]
			}
		}
	},
	"rewards": {
		"function": "cultepack:mobs/boss/niveau_5"
	}
}
