{
	"display": {
		"icon": {
			"id": "minecraft:obsidian"
		},
		"title": "§5Bunker",
		"description": "§dSont ils encore vivants ?",
		"background": "minecraft:textures/block/end_portal_frame.png",
		"frame": "challenge",
		"show_toast": true,
		"announce_to_chat": true,
		"hidden": false
	},
	"parent": "cultepack:visible_6_ruine_visite",
	"criteria": {
		"requirement": {
			"trigger": "minecraft:location",
			"conditions": {
				"player": {
					"type": "player",
					"type_specific": {
						"type": "player"
					},
					"location": {
						"structures": "cultepack:donjon_bunker"
					}
				}
			}
		}
	}
}
