{
	"credit": "Made with Blockbench",
	"texture_size": [64, 64],
	"textures": {
		"0": "item/livre_base",
		"particle": "item/livre_base"
	},
	"elements": [
		{
			"from": [0, 0, 0],
			"to": [14, 20, 1],
			"faces": {
				"north": {"uv": [0, 0, 3.5, 5], "texture": "#0"},
				"east": {"uv": [8.5, 9, 8.75, 14], "texture": "#0"},
				"south": {"uv": [3.5, 0, 7, 5], "texture": "#0"},
				"west": {"uv": [8.75, 9, 9, 14], "texture": "#0"},
				"up": {"uv": [4, 10.25, 0.5, 10], "texture": "#0"},
				"down": {"uv": [13.5, 9, 10, 9.25], "texture": "#0"}
			}
		},
		{
			"from": [-1, 0, 0],
			"to": [0, 20, 3],
			"rotation": {"angle": 0, "axis": "y", "origin": [-1, 0, 0]},
			"faces": {
				"north": {"uv": [9, 9, 9.25, 14], "texture": "#0"},
				"east": {"uv": [7, 9, 7.75, 14], "texture": "#0"},
				"south": {"uv": [9.25, 9, 9.5, 14], "texture": "#0"},
				"west": {"uv": [7.75, 9, 8.5, 14], "texture": "#0"},
				"up": {"uv": [1.5, 11, 1.25, 10.25], "texture": "#0"},
				"down": {"uv": [1.75, 10.25, 1.5, 11], "texture": "#0"}
			}
		},
		{
			"from": [-2, 17, 0],
			"to": [-1, 19, 3],
			"rotation": {"angle": 0, "axis": "y", "origin": [-2, 3, 0]},
			"faces": {
				"north": {"uv": [10.25, 3, 10.5, 3.5], "texture": "#0"},
				"east": {"uv": [4, 10, 4.75, 10.5], "texture": "#0"},
				"south": {"uv": [3.25, 10.25, 3.5, 10.75], "texture": "#0"},
				"west": {"uv": [4.75, 10, 5.5, 10.5], "texture": "#0"},
				"up": {"uv": [10.5, 2.25, 10.25, 1.5], "texture": "#0"},
				"down": {"uv": [2, 10.25, 1.75, 11], "texture": "#0"}
			}
		},
		{
			"from": [-2, 12, 0],
			"to": [-1, 14, 3],
			"rotation": {"angle": 0, "axis": "y", "origin": [-2, -2, 0]},
			"faces": {
				"north": {"uv": [3.5, 10.25, 3.75, 10.75], "texture": "#0"},
				"east": {"uv": [5.5, 10, 6.25, 10.5], "texture": "#0"},
				"south": {"uv": [10.25, 3.5, 10.5, 4], "texture": "#0"},
				"west": {"uv": [6.25, 10, 7, 10.5], "texture": "#0"},
				"up": {"uv": [2.25, 11, 2, 10.25], "texture": "#0"},
				"down": {"uv": [2.5, 10.25, 2.25, 11], "texture": "#0"}
			}
		},
		{
			"from": [-2, 2, 0],
			"to": [-1, 4, 3],
			"rotation": {"angle": 0, "axis": "y", "origin": [-2, -12, 0]},
			"faces": {
				"north": {"uv": [3.75, 10.25, 4, 10.75], "texture": "#0"},
				"east": {"uv": [10.25, 0, 11, 0.5], "texture": "#0"},
				"south": {"uv": [10.25, 4, 10.5, 4.5], "texture": "#0"},
				"west": {"uv": [0.5, 10.25, 1.25, 10.75], "texture": "#0"},
				"up": {"uv": [10.5, 3, 10.25, 2.25], "texture": "#0"},
				"down": {"uv": [2.75, 10.25, 2.5, 11], "texture": "#0"}
			}
		},
		{
			"from": [-2, 7, 0],
			"to": [-1, 9, 3],
			"rotation": {"angle": 0, "axis": "y", "origin": [-2, -7, 0]},
			"faces": {
				"north": {"uv": [10.25, 4.5, 10.5, 5], "texture": "#0"},
				"east": {"uv": [10.25, 0.5, 11, 1], "texture": "#0"},
				"south": {"uv": [10.25, 5, 10.5, 5.5], "texture": "#0"},
				"west": {"uv": [10.25, 1, 11, 1.5], "texture": "#0"},
				"up": {"uv": [3, 11, 2.75, 10.25], "texture": "#0"},
				"down": {"uv": [3.25, 10.25, 3, 11], "texture": "#0"}
			}
		},
		{
			"from": [0, 1, 1],
			"to": [13, 19, 2],
			"rotation": {"angle": 0, "axis": "y", "origin": [0, 0, 1]},
			"faces": {
				"north": {"uv": [7, 0, 10.25, 4.5], "texture": "#0"},
				"east": {"uv": [0, 10, 0.25, 14.5], "texture": "#0"},
				"south": {"uv": [7, 4.5, 10.25, 9], "texture": "#0"},
				"west": {"uv": [0.25, 10, 0.5, 14.5], "texture": "#0"},
				"up": {"uv": [13.25, 10, 10, 9.75], "texture": "#0"},
				"down": {"uv": [13.25, 10, 10, 10.25], "texture": "#0"}
			}
		},
		{
			"from": [0, 0, 2],
			"to": [14, 20, 3],
			"rotation": {"angle": -22.5, "axis": "y", "origin": [0, 0, 2]},
			"faces": {
				"north": {"uv": [0, 5, 3.5, 10], "texture": "#0"},
				"east": {"uv": [9.5, 9, 9.75, 14], "texture": "#0"},
				"south": {"uv": [3.5, 5, 7, 10], "texture": "#0"},
				"west": {"uv": [9.75, 9, 10, 14], "texture": "#0"},
				"up": {"uv": [13.5, 9.5, 10, 9.25], "texture": "#0"},
				"down": {"uv": [13.5, 9.5, 10, 9.75], "texture": "#0"}
			}
		}
	],
	"display": {
		"thirdperson_righthand": {
			"rotation": [-17, 0, -8],
			"translation": [1, 3.5, 2.25],
			"scale": [0.5, 0.5, 0.5]
		},
		"thirdperson_lefthand": {
			"rotation": [-17, 0, -8],
			"translation": [1, 3.5, 2.25],
			"scale": [0.5, 0.5, 0.5]
		},
		"firstperson_righthand": {
			"rotation": [-17, 0, -8],
			"translation": [1, 3.5, 2.25],
			"scale": [0.5, 0.5, 0.5]
		},
		"firstperson_lefthand": {
			"rotation": [-17, 0, -8],
			"translation": [1, 3.5, 2.25],
			"scale": [0.5, 0.5, 0.5]
		},
		"ground": {
			"rotation": [-17, 0, -8],
			"translation": [1, 3.5, 2.25],
			"scale": [0.5, 0.5, 0.5]
		},
		"gui": {
			"rotation": [0, -16, -17],
			"translation": [-0.25, -1.5, 3.75],
			"scale": [0.7, 0.7, 0.7]
		},
		"fixed": {
			"rotation": [-180, 0, 180],
			"translation": [-1.5, -2, -6],
			"scale": [0.9, 0.9, 0.9]
		}
	},
	"groups": [
		{
			"name": "group",
			"origin": [8, 8, 8],
			"color": 0,
			"nbt": "{}",
			"children": [0, 1, 2, 3, 4, 5, 6, 7]
		}
	]
}