{
	"feature": "cultepack:zone_morte_stone_montagne",
	"placement": [
		{
			"type": "minecraft:biome"
		},
		{
			"type": "minecraft:count",
			"count": {
				"type": "minecraft:uniform",
					"min_inclusive": 10,
					"max_inclusive": 18
			}
		},
		{
			"type": "minecraft:in_square"
		},
		{
			"type": "minecraft:heightmap",
			"heightmap": "WORLD_SURFACE_WG"
		},
		{
			"type": "minecraft:biome"
		},
		{
			"type": "minecraft:block_predicate_filter",
			"predicate": {
				"type": "minecraft:matching_blocks",
				"offset": [
					0,
					-1,
					0
				],
				"blocks": "minecraft:stone"
			}
		}
	]
}
