{
	"feature": "cultepack:arbre_glace_1",
	"placement": [
        {
            "type": "minecraft:rarity_filter",
            "chance": 3
          },
		{
			"type": "minecraft:biome"
		},
		{
			"type": "minecraft:count",
			"count": {
				"type": "minecraft:uniform",
					"min_inclusive": 0,
					"max_inclusive": 7
			}
		},
		{
			"type": "minecraft:in_square"
		},
		{
			"type": "minecraft:heightmap",
			"heightmap": "WORLD_SURFACE_WG"
		},
		{
			"type": "minecraft:biome"
		},
		{
			"type": "minecraft:block_predicate_filter",
			"predicate": {
				"type": "minecraft:matching_blocks",
				"offset": [
					0,
					-1,
					0
				],
				"blocks": "minecraft:grass_block"
			}
		}
	]
}
