{
	"credit": "Made with Blockbench",
	"textures": {
		"0": "item/cristal_enchant",
		"1": "item/ring",
		"particle": "item/cristal_enchant"
	},
	"elements": [
		{
			"from": [6, 0, 6],
			"to": [10, 1, 7],
			"faces": {
				"north": {"uv": [0, 0, 4, 1], "texture": "#1"},
				"east": {"uv": [8, 6, 9, 7], "texture": "#1"},
				"south": {"uv": [0, 1, 4, 2], "texture": "#1"},
				"west": {"uv": [8, 7, 9, 8], "texture": "#1"},
				"up": {"uv": [4, 3, 0, 2], "texture": "#1"},
				"down": {"uv": [4, 3, 0, 4], "texture": "#1"}
			}
		},
		{
			"from": [5, 1, 6],
			"to": [6, 5, 7],
			"faces": {
				"north": {"uv": [0, 4, 1, 8], "texture": "#1"},
				"east": {"uv": [4, 0, 5, 4], "texture": "#1"},
				"south": {"uv": [1, 4, 2, 8], "texture": "#1"},
				"west": {"uv": [2, 4, 3, 8], "texture": "#1"},
				"up": {"uv": [7, 10, 6, 9], "texture": "#1"},
				"down": {"uv": [10, 6, 9, 7], "texture": "#1"}
			}
		},
		{
			"from": [10, 1, 6],
			"to": [11, 5, 7],
			"faces": {
				"north": {"uv": [3, 4, 4, 8], "texture": "#1"},
				"east": {"uv": [4, 4, 5, 8], "texture": "#1"},
				"south": {"uv": [5, 0, 6, 4], "texture": "#1"},
				"west": {"uv": [5, 4, 6, 8], "texture": "#1"},
				"up": {"uv": [8, 10, 7, 9], "texture": "#1"},
				"down": {"uv": [10, 7, 9, 8], "texture": "#1"}
			}
		},
		{
			"from": [6, 5, 6],
			"to": [10, 6, 7],
			"faces": {
				"north": {"uv": [6, 0, 10, 1], "texture": "#1"},
				"east": {"uv": [8, 9, 9, 10], "texture": "#1"},
				"south": {"uv": [6, 1, 10, 2], "texture": "#1"},
				"west": {"uv": [9, 9, 10, 10], "texture": "#1"},
				"up": {"uv": [10, 3, 6, 2], "texture": "#1"},
				"down": {"uv": [10, 3, 6, 4], "texture": "#1"}
			}
		},
		{
			"from": [5.5, 0, 6.25],
			"to": [6, 1, 6.75],
			"faces": {
				"north": {"uv": [10, 8, 10.5, 9], "texture": "#1"},
				"east": {"uv": [10, 9, 10.5, 10], "texture": "#1"},
				"south": {"uv": [10, 10, 10.5, 11], "texture": "#1"},
				"west": {"uv": [6, 11, 6.5, 12], "texture": "#1"},
				"up": {"uv": [12.5, 2.5, 12, 2], "texture": "#1"},
				"down": {"uv": [12.5, 3, 12, 3.5], "texture": "#1"}
			}
		},
		{
			"from": [5.5, 5, 6.25],
			"to": [6, 6, 6.75],
			"faces": {
				"north": {"uv": [7, 11, 7.5, 12], "texture": "#1"},
				"east": {"uv": [8, 11, 8.5, 12], "texture": "#1"},
				"south": {"uv": [11, 8, 11.5, 9], "texture": "#1"},
				"west": {"uv": [9, 11, 9.5, 12], "texture": "#1"},
				"up": {"uv": [12.5, 4.5, 12, 4], "texture": "#1"},
				"down": {"uv": [12.5, 5, 12, 5.5], "texture": "#1"}
			}
		},
		{
			"from": [5, 5, 6.25],
			"to": [5.5, 5.5, 6.75],
			"faces": {
				"north": {"uv": [6, 12, 6.5, 12.5], "texture": "#1"},
				"east": {"uv": [12, 6, 12.5, 6.5], "texture": "#1"},
				"south": {"uv": [7, 12, 7.5, 12.5], "texture": "#1"},
				"west": {"uv": [12, 7, 12.5, 7.5], "texture": "#1"},
				"up": {"uv": [8.5, 12.5, 8, 12], "texture": "#1"},
				"down": {"uv": [12.5, 8, 12, 8.5], "texture": "#1"}
			}
		},
		{
			"from": [5, 0.5, 6.25],
			"to": [5.5, 1, 6.75],
			"faces": {
				"north": {"uv": [9, 12, 9.5, 12.5], "texture": "#1"},
				"east": {"uv": [12, 9, 12.5, 9.5], "texture": "#1"},
				"south": {"uv": [10, 12, 10.5, 12.5], "texture": "#1"},
				"west": {"uv": [12, 10, 12.5, 10.5], "texture": "#1"},
				"up": {"uv": [11.5, 12.5, 11, 12], "texture": "#1"},
				"down": {"uv": [12.5, 11, 12, 11.5], "texture": "#1"}
			}
		},
		{
			"from": [10.5, 5, 6.25],
			"to": [11, 5.5, 6.75],
			"faces": {
				"north": {"uv": [12, 12, 12.5, 12.5], "texture": "#1"},
				"east": {"uv": [0, 13, 0.5, 13.5], "texture": "#1"},
				"south": {"uv": [13, 0, 13.5, 0.5], "texture": "#1"},
				"west": {"uv": [1, 13, 1.5, 13.5], "texture": "#1"},
				"up": {"uv": [13.5, 1.5, 13, 1], "texture": "#1"},
				"down": {"uv": [2.5, 13, 2, 13.5], "texture": "#1"}
			}
		},
		{
			"from": [10.5, 0.5, 6.25],
			"to": [11, 1, 6.75],
			"faces": {
				"north": {"uv": [13, 2, 13.5, 2.5], "texture": "#1"},
				"east": {"uv": [3, 13, 3.5, 13.5], "texture": "#1"},
				"south": {"uv": [13, 3, 13.5, 3.5], "texture": "#1"},
				"west": {"uv": [4, 13, 4.5, 13.5], "texture": "#1"},
				"up": {"uv": [13.5, 4.5, 13, 4], "texture": "#1"},
				"down": {"uv": [5.5, 13, 5, 13.5], "texture": "#1"}
			}
		},
		{
			"from": [10, 5, 6.25],
			"to": [10.5, 6, 6.75],
			"faces": {
				"north": {"uv": [11, 9, 11.5, 10], "texture": "#1"},
				"east": {"uv": [10, 11, 10.5, 12], "texture": "#1"},
				"south": {"uv": [11, 10, 11.5, 11], "texture": "#1"},
				"west": {"uv": [11, 11, 11.5, 12], "texture": "#1"},
				"up": {"uv": [13.5, 5.5, 13, 5], "texture": "#1"},
				"down": {"uv": [6.5, 13, 6, 13.5], "texture": "#1"}
			}
		},
		{
			"from": [10, 0, 6.25],
			"to": [10.5, 1, 6.75],
			"faces": {
				"north": {"uv": [0, 12, 0.5, 13], "texture": "#1"},
				"east": {"uv": [12, 0, 12.5, 1], "texture": "#1"},
				"south": {"uv": [1, 12, 1.5, 13], "texture": "#1"},
				"west": {"uv": [12, 1, 12.5, 2], "texture": "#1"},
				"up": {"uv": [13.5, 6.5, 13, 6], "texture": "#1"},
				"down": {"uv": [7.5, 13, 7, 13.5], "texture": "#1"}
			}
		},
		{
			"from": [4.5, 1.25, 6.25],
			"to": [5, 4.75, 6.75],
			"faces": {
				"north": {"uv": [6, 4, 6.5, 7.5], "texture": "#1"},
				"east": {"uv": [7, 4, 7.5, 7.5], "texture": "#1"},
				"south": {"uv": [0, 8, 0.5, 11.5], "texture": "#1"},
				"west": {"uv": [1, 8, 1.5, 11.5], "texture": "#1"},
				"up": {"uv": [13.5, 7.5, 13, 7], "texture": "#1"},
				"down": {"uv": [8.5, 13, 8, 13.5], "texture": "#1"}
			}
		},
		{
			"from": [8.25, 6, 6.25],
			"to": [9.75, 6.5, 6.75],
			"faces": {
				"north": {"uv": [10, 0, 11.5, 0.5], "texture": "#1"},
				"east": {"uv": [13, 8, 13.5, 8.5], "texture": "#1"},
				"south": {"uv": [10, 1, 11.5, 1.5], "texture": "#1"},
				"west": {"uv": [9, 13, 9.5, 13.5], "texture": "#1"},
				"up": {"uv": [11.5, 2.5, 10, 2], "texture": "#1"},
				"down": {"uv": [11.5, 3, 10, 3.5], "texture": "#1"}
			}
		},
		{
			"from": [6.25, 6, 6.25],
			"to": [7.75, 6.5, 6.75],
			"faces": {
				"north": {"uv": [6, 10, 7.5, 10.5], "texture": "#1"},
				"east": {"uv": [13, 9, 13.5, 9.5], "texture": "#1"},
				"south": {"uv": [10, 6, 11.5, 6.5], "texture": "#1"},
				"west": {"uv": [10, 13, 10.5, 13.5], "texture": "#1"},
				"up": {"uv": [11.5, 7.5, 10, 7], "texture": "#1"},
				"down": {"uv": [9.5, 10, 8, 10.5], "texture": "#1"}
			}
		},
		{
			"from": [6.25, -0.5, 6.25],
			"to": [9.75, 0, 6.75],
			"faces": {
				"north": {"uv": [2, 8, 5.5, 8.5], "texture": "#1"},
				"east": {"uv": [13, 10, 13.5, 10.5], "texture": "#1"},
				"south": {"uv": [8, 4, 11.5, 4.5], "texture": "#1"},
				"west": {"uv": [11, 13, 11.5, 13.5], "texture": "#1"},
				"up": {"uv": [11.5, 5.5, 8, 5], "texture": "#1"},
				"down": {"uv": [9.5, 8, 6, 8.5], "texture": "#1"}
			}
		},
		{
			"from": [11, 1.25, 6.25],
			"to": [11.5, 4.75, 6.75],
			"faces": {
				"north": {"uv": [2, 9, 2.5, 12.5], "texture": "#1"},
				"east": {"uv": [3, 9, 3.5, 12.5], "texture": "#1"},
				"south": {"uv": [4, 9, 4.5, 12.5], "texture": "#1"},
				"west": {"uv": [5, 9, 5.5, 12.5], "texture": "#1"},
				"up": {"uv": [13.5, 11.5, 13, 11], "texture": "#1"},
				"down": {"uv": [12.5, 13, 12, 13.5], "texture": "#1"}
			}
		},
		{
			"from": [7.75, 6, 5.86],
			"to": [8.25, 6.9, 7.16],
			"faces": {
				"north": {"uv": [2, 4, 3, 6], "texture": "#0"},
				"east": {"uv": [0, 0, 3, 2], "texture": "#0"},
				"south": {"uv": [4, 4, 5, 6], "texture": "#0"},
				"west": {"uv": [0, 2, 3, 4], "texture": "#0"},
				"up": {"uv": [1, 7, 0, 4], "texture": "#0"},
				"down": {"uv": [5, 0, 4, 3], "texture": "#0"}
			}
		}
	],
	"display": {
		"thirdperson_righthand": {
			"translation": [0, 6.25, 1.75]
		},
		"thirdperson_lefthand": {
			"translation": [0, 2.5, 3],
			"scale": [0.9, 0.9, 0.9]
		},
		"firstperson_righthand": {
			"rotation": [-15, 0, 0],
			"translation": [0, 7.5, 0]
		},
		"firstperson_lefthand": {
			"scale": [0, 0, 0]
		},
		"ground": {
			"translation": [0, 5.25, 0]
		},
		"gui": {
			"translation": [0, 5.25, 0]
		},
		"fixed": {
			"translation": [0, 5.25, 1]
		}
	},
	"groups": [
		{
			"name": "group",
			"origin": [8, 8, 8],
			"color": 0,
			"children": [
				{
					"name": "group",
					"origin": [8, 8, 8],
					"color": 0,
					"children": [0, 1, 2, 3, 4, 5, 6, 7, 8, 9, 10, 11, 12, 13, 14, 15, 16]
				}
			]
		},
		17
	]
}