{
	"credit": "Made with Blockbench",
	"texture_size": [128, 128],
	"textures": {
		"0": "block/crown_mongars",
		"particle": "block/crown_mongars"
	},
	"elements": [
		{
			"from": [-1, -1, -1],
			"to": [17, 2, 17],
			"faces": {
				"north": {"uv": [1.5, 5.5, 3.75, 5.875], "texture": "#0"},
				"east": {"uv": [5.5, 1.875, 7.75, 2.25], "texture": "#0"},
				"south": {"uv": [5.5, 2.25, 7.75, 2.625], "texture": "#0"},
				"west": {"uv": [5.5, 2.625, 7.75, 3], "texture": "#0"},
				"up": {"uv": [2.25, 2.25, 0, 0], "texture": "#0"},
				"down": {"uv": [2.25, 2.25, 0, 4.5], "texture": "#0"}
			}
		},
		{
			"from": [0, -2, 0],
			"to": [16, -1, 16],
			"faces": {
				"north": {"uv": [6.75, 5.25, 8.75, 5.375], "texture": "#0"},
				"east": {"uv": [6.75, 5.375, 8.75, 5.5], "texture": "#0"},
				"south": {"uv": [6.75, 5.5, 8.75, 5.625], "texture": "#0"},
				"west": {"uv": [6.75, 5.625, 8.75, 5.75], "texture": "#0"},
				"up": {"uv": [4.25, 2, 2.25, 0], "texture": "#0"},
				"down": {"uv": [4.25, 2, 2.25, 4], "texture": "#0"}
			}
		},
		{
			"from": [3, 7, 3],
			"to": [13, 14, 13],
			"faces": {
				"north": {"uv": [4.25, 2.5, 5.5, 3.375], "texture": "#0"},
				"east": {"uv": [0, 4.5, 1.25, 5.375], "texture": "#0"},
				"south": {"uv": [5.25, 3.375, 6.5, 4.25], "texture": "#0"},
				"west": {"uv": [5.25, 4.25, 6.5, 5.125], "texture": "#0"},
				"up": {"uv": [5.5, 1.25, 4.25, 0], "texture": "#0"},
				"down": {"uv": [5.5, 1.25, 4.25, 2.5], "texture": "#0"}
			}
		},
		{
			"from": [4, 14, 4],
			"to": [12, 17, 12],
			"faces": {
				"north": {"uv": [4.25, 3.375, 5.25, 3.75], "texture": "#0"},
				"east": {"uv": [5.5, 3, 6.5, 3.375], "texture": "#0"},
				"south": {"uv": [3.75, 5.5, 4.75, 5.875], "texture": "#0"},
				"west": {"uv": [1.5, 5.875, 2.5, 6.25], "texture": "#0"},
				"up": {"uv": [2.25, 5.5, 1.25, 4.5], "texture": "#0"},
				"down": {"uv": [6.25, 5.125, 5.25, 6.125], "texture": "#0"}
			}
		},
		{
			"from": [2, 2, 2],
			"to": [14, 7, 14],
			"faces": {
				"north": {"uv": [0, 5.5, 1.5, 6.125], "texture": "#0"},
				"east": {"uv": [5.5, 0, 7, 0.625], "texture": "#0"},
				"south": {"uv": [5.5, 0.625, 7, 1.25], "texture": "#0"},
				"west": {"uv": [5.5, 1.25, 7, 1.875], "texture": "#0"},
				"up": {"uv": [3.75, 5.5, 2.25, 4], "texture": "#0"},
				"down": {"uv": [5.25, 4, 3.75, 5.5], "texture": "#0"}
			}
		},
		{
			"from": [6, 8, 14],
			"to": [10, 14, 15],
			"rotation": {"angle": 22.5, "axis": "x", "origin": [0, 0, 0]},
			"faces": {
				"north": {"uv": [4.75, 5.5, 5.25, 6.25], "texture": "#0"},
				"east": {"uv": [5.75, 6.875, 5.875, 7.625], "texture": "#0"},
				"south": {"uv": [2.5, 5.875, 3, 6.625], "texture": "#0"},
				"west": {"uv": [5.875, 6.875, 6, 7.625], "texture": "#0"},
				"up": {"uv": [1.25, 5.5, 0.75, 5.375], "texture": "#0"},
				"down": {"uv": [7.75, 4.5, 7.25, 4.625], "texture": "#0"}
			}
		},
		{
			"from": [6, -1, 20],
			"to": [10, 5, 21],
			"rotation": {"angle": -22.5, "axis": "x", "origin": [0, 0, 0]},
			"faces": {
				"north": {"uv": [3, 5.875, 3.5, 6.625], "texture": "#0"},
				"east": {"uv": [6, 6.875, 6.125, 7.625], "texture": "#0"},
				"south": {"uv": [3.5, 5.875, 4, 6.625], "texture": "#0"},
				"west": {"uv": [6.125, 6.875, 6.25, 7.625], "texture": "#0"},
				"up": {"uv": [7.75, 4.75, 7.25, 4.625], "texture": "#0"},
				"down": {"uv": [7.75, 6.625, 7.25, 6.75], "texture": "#0"}
			}
		},
		{
			"from": [6, 18, 5],
			"to": [10, 19, 11],
			"rotation": {"angle": 22.5, "axis": "x", "origin": [0, 0, 0]},
			"faces": {
				"north": {"uv": [7.25, 6.75, 7.75, 6.875], "texture": "#0"},
				"east": {"uv": [0, 5.375, 0.75, 5.5], "texture": "#0"},
				"south": {"uv": [7.25, 6.875, 7.75, 7], "texture": "#0"},
				"west": {"uv": [6.75, 6.5, 7.5, 6.625], "texture": "#0"},
				"up": {"uv": [4.5, 6.625, 4, 5.875], "texture": "#0"},
				"down": {"uv": [0.5, 6.125, 0, 6.875], "texture": "#0"}
			}
		},
		{
			"from": [6, 8, 1],
			"to": [10, 14, 2],
			"rotation": {"angle": -22.5, "axis": "x", "origin": [0, 0, 16]},
			"faces": {
				"north": {"uv": [0.5, 6.125, 1, 6.875], "texture": "#0"},
				"east": {"uv": [7, 0, 7.125, 0.75], "texture": "#0"},
				"south": {"uv": [1, 6.125, 1.5, 6.875], "texture": "#0"},
				"west": {"uv": [7, 0.75, 7.125, 1.5], "texture": "#0"},
				"up": {"uv": [7.75, 7.125, 7.25, 7], "texture": "#0"},
				"down": {"uv": [7.75, 7.125, 7.25, 7.25], "texture": "#0"}
			}
		},
		{
			"from": [6, -1, -5],
			"to": [10, 5, -4],
			"rotation": {"angle": 22.5, "axis": "x", "origin": [0, 0, 16]},
			"faces": {
				"north": {"uv": [5.25, 6.125, 5.75, 6.875], "texture": "#0"},
				"east": {"uv": [1.5, 7, 1.625, 7.75], "texture": "#0"},
				"south": {"uv": [5.75, 6.125, 6.25, 6.875], "texture": "#0"},
				"west": {"uv": [1.625, 7, 1.75, 7.75], "texture": "#0"},
				"up": {"uv": [7.75, 7.375, 7.25, 7.25], "texture": "#0"},
				"down": {"uv": [0.5, 7.375, 0, 7.5], "texture": "#0"}
			}
		},
		{
			"from": [6, 18, 5],
			"to": [10, 19, 11],
			"rotation": {"angle": -22.5, "axis": "x", "origin": [0, 0, 16]},
			"faces": {
				"north": {"uv": [7.375, 0, 7.875, 0.125], "texture": "#0"},
				"east": {"uv": [7, 1.5, 7.75, 1.625], "texture": "#0"},
				"south": {"uv": [7.375, 0.125, 7.875, 0.25], "texture": "#0"},
				"west": {"uv": [7, 1.625, 7.75, 1.75], "texture": "#0"},
				"up": {"uv": [2, 7, 1.5, 6.25], "texture": "#0"},
				"down": {"uv": [2.5, 6.25, 2, 7], "texture": "#0"}
			}
		},
		{
			"from": [14, 8, 6],
			"to": [15, 14, 10],
			"rotation": {"angle": -22.5, "axis": "z", "origin": [0, 0, 0]},
			"faces": {
				"north": {"uv": [1.75, 7, 1.875, 7.75], "texture": "#0"},
				"east": {"uv": [4.5, 6.25, 5, 7], "texture": "#0"},
				"south": {"uv": [1.875, 7, 2, 7.75], "texture": "#0"},
				"west": {"uv": [6.25, 5.125, 6.75, 5.875], "texture": "#0"},
				"up": {"uv": [7.5, 0.75, 7.375, 0.25], "texture": "#0"},
				"down": {"uv": [7.5, 0.75, 7.375, 1.25], "texture": "#0"}
			}
		},
		{
			"from": [20, -1, 6],
			"to": [21, 5, 10],
			"rotation": {"angle": 22.5, "axis": "z", "origin": [0, 0, 0]},
			"faces": {
				"north": {"uv": [2, 7, 2.125, 7.75], "texture": "#0"},
				"east": {"uv": [6.25, 5.875, 6.75, 6.625], "texture": "#0"},
				"south": {"uv": [2.125, 7, 2.25, 7.75], "texture": "#0"},
				"west": {"uv": [6.5, 3, 7, 3.75], "texture": "#0"},
				"up": {"uv": [2.625, 7.875, 2.5, 7.375], "texture": "#0"},
				"down": {"uv": [2.75, 7.375, 2.625, 7.875], "texture": "#0"}
			}
		},
		{
			"from": [5, 18, 6],
			"to": [11, 19, 10],
			"rotation": {"angle": -22.5, "axis": "z", "origin": [0, 0, 0]},
			"faces": {
				"north": {"uv": [7, 1.75, 7.75, 1.875], "texture": "#0"},
				"east": {"uv": [7.375, 1.25, 7.875, 1.375], "texture": "#0"},
				"south": {"uv": [7, 3, 7.75, 3.125], "texture": "#0"},
				"west": {"uv": [7.375, 1.375, 7.875, 1.5], "texture": "#0"},
				"up": {"uv": [7.25, 4.25, 6.5, 3.75], "texture": "#0"},
				"down": {"uv": [7.25, 4.25, 6.5, 4.75], "texture": "#0"}
			}
		},
		{
			"from": [1, 8, 6],
			"to": [2, 14, 10],
			"rotation": {"angle": 22.5, "axis": "z", "origin": [16, 0, 0]},
			"faces": {
				"north": {"uv": [2.25, 7, 2.375, 7.75], "texture": "#0"},
				"east": {"uv": [2.5, 6.625, 3, 7.375], "texture": "#0"},
				"south": {"uv": [2.375, 7, 2.5, 7.75], "texture": "#0"},
				"west": {"uv": [3, 6.625, 3.5, 7.375], "texture": "#0"},
				"up": {"uv": [2.875, 7.875, 2.75, 7.375], "texture": "#0"},
				"down": {"uv": [3, 7.375, 2.875, 7.875], "texture": "#0"}
			}
		},
		{
			"from": [-5, -1, 6],
			"to": [-4, 5, 10],
			"rotation": {"angle": -22.5, "axis": "z", "origin": [16, 0, 0]},
			"faces": {
				"north": {"uv": [4.5, 7, 4.625, 7.75], "texture": "#0"},
				"east": {"uv": [3.5, 6.625, 4, 7.375], "texture": "#0"},
				"south": {"uv": [4.625, 7, 4.75, 7.75], "texture": "#0"},
				"west": {"uv": [4, 6.625, 4.5, 7.375], "texture": "#0"},
				"up": {"uv": [3.125, 7.875, 3, 7.375], "texture": "#0"},
				"down": {"uv": [3.25, 7.375, 3.125, 7.875], "texture": "#0"}
			}
		},
		{
			"from": [5, 18, 6],
			"to": [11, 19, 10],
			"rotation": {"angle": 22.5, "axis": "z", "origin": [16, 0, 0]},
			"faces": {
				"north": {"uv": [7, 3.125, 7.75, 3.25], "texture": "#0"},
				"east": {"uv": [3.25, 7.375, 3.75, 7.5], "texture": "#0"},
				"south": {"uv": [7, 3.25, 7.75, 3.375], "texture": "#0"},
				"west": {"uv": [3.75, 7.375, 4.25, 7.5], "texture": "#0"},
				"up": {"uv": [7, 7.125, 6.25, 6.625], "texture": "#0"},
				"down": {"uv": [7.5, 4.75, 6.75, 5.25], "texture": "#0"}
			}
		},
		{
			"from": [-2, 1, 4],
			"to": [-1, 4, 6],
			"faces": {
				"north": {"uv": [1, 7.5, 1.125, 7.875], "texture": "#0"},
				"east": {"uv": [4.5, 5.875, 4.75, 6.25], "texture": "#0"},
				"south": {"uv": [1.125, 7.5, 1.25, 7.875], "texture": "#0"},
				"west": {"uv": [6.5, 4.75, 6.75, 5.125], "texture": "#0"},
				"up": {"uv": [7.625, 1.25, 7.5, 1], "texture": "#0"},
				"down": {"uv": [7.75, 1, 7.625, 1.25], "texture": "#0"}
			}
		},
		{
			"from": [17, 1, -2],
			"to": [18, 4, 0],
			"faces": {
				"north": {"uv": [1.25, 7.5, 1.375, 7.875], "texture": "#0"},
				"east": {"uv": [7, 3.375, 7.25, 3.75], "texture": "#0"},
				"south": {"uv": [1.375, 7.5, 1.5, 7.875], "texture": "#0"},
				"west": {"uv": [4.75, 7, 5, 7.375], "texture": "#0"},
				"up": {"uv": [7.75, 6, 7.625, 5.75], "texture": "#0"},
				"down": {"uv": [6, 7.625, 5.875, 7.875], "texture": "#0"}
			}
		},
		{
			"from": [17, 1, 16],
			"to": [18, 4, 18],
			"faces": {
				"north": {"uv": [3.25, 7.5, 3.375, 7.875], "texture": "#0"},
				"east": {"uv": [7, 6.625, 7.25, 7], "texture": "#0"},
				"south": {"uv": [3.375, 7.5, 3.5, 7.875], "texture": "#0"},
				"west": {"uv": [7, 7, 7.25, 7.375], "texture": "#0"},
				"up": {"uv": [6.125, 7.875, 6, 7.625], "texture": "#0"},
				"down": {"uv": [7.75, 6, 7.625, 6.25], "texture": "#0"}
			}
		},
		{
			"from": [17, 1, 10],
			"to": [18, 4, 12],
			"faces": {
				"north": {"uv": [7.5, 3.375, 7.625, 3.75], "texture": "#0"},
				"east": {"uv": [7.125, 0, 7.375, 0.375], "texture": "#0"},
				"south": {"uv": [3.5, 7.5, 3.625, 7.875], "texture": "#0"},
				"west": {"uv": [7.125, 0.375, 7.375, 0.75], "texture": "#0"},
				"up": {"uv": [6.25, 7.875, 6.125, 7.625], "texture": "#0"},
				"down": {"uv": [7.75, 6.25, 7.625, 6.5], "texture": "#0"}
			}
		},
		{
			"from": [17, 1, 4],
			"to": [18, 4, 6],
			"faces": {
				"north": {"uv": [3.625, 7.5, 3.75, 7.875], "texture": "#0"},
				"east": {"uv": [0.5, 7.125, 0.75, 7.5], "texture": "#0"},
				"south": {"uv": [3.75, 7.5, 3.875, 7.875], "texture": "#0"},
				"west": {"uv": [0.75, 7.125, 1, 7.5], "texture": "#0"},
				"up": {"uv": [7.125, 7.875, 7, 7.625], "texture": "#0"},
				"down": {"uv": [7.25, 7.625, 7.125, 7.875], "texture": "#0"}
			}
		},
		{
			"from": [-2, 1, 10],
			"to": [-1, 4, 12],
			"faces": {
				"north": {"uv": [7.5, 3.75, 7.625, 4.125], "texture": "#0"},
				"east": {"uv": [7.125, 0.75, 7.375, 1.125], "texture": "#0"},
				"south": {"uv": [3.875, 7.5, 4, 7.875], "texture": "#0"},
				"west": {"uv": [1, 7.125, 1.25, 7.5], "texture": "#0"},
				"up": {"uv": [7.375, 7.875, 7.25, 7.625], "texture": "#0"},
				"down": {"uv": [7.5, 7.625, 7.375, 7.875], "texture": "#0"}
			}
		},
		{
			"from": [-2, 1, 16],
			"to": [-1, 4, 18],
			"faces": {
				"north": {"uv": [4, 7.5, 4.125, 7.875], "texture": "#0"},
				"east": {"uv": [7.125, 1.125, 7.375, 1.5], "texture": "#0"},
				"south": {"uv": [4.125, 7.5, 4.25, 7.875], "texture": "#0"},
				"west": {"uv": [1.25, 7.125, 1.5, 7.5], "texture": "#0"},
				"up": {"uv": [7.75, 7.625, 7.625, 7.375], "texture": "#0"},
				"down": {"uv": [7.75, 7.625, 7.625, 7.875], "texture": "#0"}
			}
		},
		{
			"from": [-1, 1, 17],
			"to": [0, 4, 18],
			"faces": {
				"north": {"uv": [7.5, 4.125, 7.625, 4.5], "texture": "#0"},
				"east": {"uv": [7.5, 4.75, 7.625, 5.125], "texture": "#0"},
				"south": {"uv": [5, 7.5, 5.125, 7.875], "texture": "#0"},
				"west": {"uv": [5.125, 7.5, 5.25, 7.875], "texture": "#0"},
				"up": {"uv": [2, 7.875, 1.875, 7.75], "texture": "#0"},
				"down": {"uv": [2.125, 7.75, 2, 7.875], "texture": "#0"}
			}
		},
		{
			"from": [16, 1, 17],
			"to": [17, 4, 18],
			"faces": {
				"north": {"uv": [5.25, 7.5, 5.375, 7.875], "texture": "#0"},
				"east": {"uv": [5.375, 7.5, 5.5, 7.875], "texture": "#0"},
				"south": {"uv": [7.5, 5.75, 7.625, 6.125], "texture": "#0"},
				"west": {"uv": [7.5, 6.125, 7.625, 6.5], "texture": "#0"},
				"up": {"uv": [7.875, 2.125, 7.75, 2], "texture": "#0"},
				"down": {"uv": [2.25, 7.75, 2.125, 7.875], "texture": "#0"}
			}
		},
		{
			"from": [10, 1, 17],
			"to": [12, 4, 18],
			"faces": {
				"north": {"uv": [5, 7.125, 5.25, 7.5], "texture": "#0"},
				"east": {"uv": [6.25, 7.5, 6.375, 7.875], "texture": "#0"},
				"south": {"uv": [5.25, 7.125, 5.5, 7.5], "texture": "#0"},
				"west": {"uv": [6.375, 7.5, 6.5, 7.875], "texture": "#0"},
				"up": {"uv": [5.25, 6.875, 5, 6.75], "texture": "#0"},
				"down": {"uv": [7.75, 5.125, 7.5, 5.25], "texture": "#0"}
			}
		},
		{
			"from": [10, 1, -2],
			"to": [12, 4, -1],
			"faces": {
				"north": {"uv": [6.25, 7.125, 6.5, 7.5], "texture": "#0"},
				"east": {"uv": [6.5, 7.5, 6.625, 7.875], "texture": "#0"},
				"south": {"uv": [6.5, 7.125, 6.75, 7.5], "texture": "#0"},
				"west": {"uv": [6.625, 7.5, 6.75, 7.875], "texture": "#0"},
				"up": {"uv": [7.75, 6.625, 7.5, 6.5], "texture": "#0"},
				"down": {"uv": [0.25, 7.75, 0, 7.875], "texture": "#0"}
			}
		},
		{
			"from": [4, 1, -2],
			"to": [6, 4, -1],
			"faces": {
				"north": {"uv": [6.75, 7.125, 7, 7.5], "texture": "#0"},
				"east": {"uv": [6.75, 7.5, 6.875, 7.875], "texture": "#0"},
				"south": {"uv": [7.25, 3.375, 7.5, 3.75], "texture": "#0"},
				"west": {"uv": [6.875, 7.5, 7, 7.875], "texture": "#0"},
				"up": {"uv": [0.5, 7.875, 0.25, 7.75], "texture": "#0"},
				"down": {"uv": [8, 0.25, 7.75, 0.375], "texture": "#0"}
			}
		},
		{
			"from": [4, 1, 17],
			"to": [6, 4, 18],
			"faces": {
				"north": {"uv": [7.25, 3.75, 7.5, 4.125], "texture": "#0"},
				"east": {"uv": [7.5, 7.375, 7.625, 7.75], "texture": "#0"},
				"south": {"uv": [7.25, 4.125, 7.5, 4.5], "texture": "#0"},
				"west": {"uv": [7.625, 3.375, 7.75, 3.75], "texture": "#0"},
				"up": {"uv": [8, 0.5, 7.75, 0.375], "texture": "#0"},
				"down": {"uv": [0.75, 7.75, 0.5, 7.875], "texture": "#0"}
			}
		},
		{
			"from": [16, 1, -2],
			"to": [17, 4, -1],
			"faces": {
				"north": {"uv": [7.625, 3.75, 7.75, 4.125], "texture": "#0"},
				"east": {"uv": [7.625, 4.125, 7.75, 4.5], "texture": "#0"},
				"south": {"uv": [4.25, 7.625, 4.375, 8], "texture": "#0"},
				"west": {"uv": [4.375, 7.625, 4.5, 8], "texture": "#0"},
				"up": {"uv": [7.875, 2.25, 7.75, 2.125], "texture": "#0"},
				"down": {"uv": [2.375, 7.75, 2.25, 7.875], "texture": "#0"}
			}
		},
		{
			"from": [-1, 1, -2],
			"to": [0, 4, -1],
			"faces": {
				"north": {"uv": [4.75, 7.625, 4.875, 8], "texture": "#0"},
				"east": {"uv": [7.625, 4.75, 7.75, 5.125], "texture": "#0"},
				"south": {"uv": [4.875, 7.625, 5, 8], "texture": "#0"},
				"west": {"uv": [5.5, 7.625, 5.625, 8], "texture": "#0"},
				"up": {"uv": [7.875, 2.375, 7.75, 2.25], "texture": "#0"},
				"down": {"uv": [2.5, 7.75, 2.375, 7.875], "texture": "#0"}
			}
		},
		{
			"from": [-2, 1, -2],
			"to": [-1, 4, 0],
			"faces": {
				"north": {"uv": [5.625, 7.625, 5.75, 8], "texture": "#0"},
				"east": {"uv": [7.25, 5.75, 7.5, 6.125], "texture": "#0"},
				"south": {"uv": [5.75, 7.625, 5.875, 8], "texture": "#0"},
				"west": {"uv": [7.25, 6.125, 7.5, 6.5], "texture": "#0"},
				"up": {"uv": [7.875, 0.75, 7.75, 0.5], "texture": "#0"},
				"down": {"uv": [0.875, 7.75, 0.75, 8], "texture": "#0"}
			}
		},
		{
			"from": [7, 21, 7],
			"to": [9, 23, 9],
			"faces": {
				"north": {"uv": [4.25, 7.375, 4.5, 7.625], "texture": "#0"},
				"east": {"uv": [4.75, 7.375, 5, 7.625], "texture": "#0"},
				"south": {"uv": [5.5, 7.375, 5.75, 7.625], "texture": "#0"},
				"west": {"uv": [7, 7.375, 7.25, 7.625], "texture": "#0"},
				"up": {"uv": [7.5, 7.625, 7.25, 7.375], "texture": "#0"},
				"down": {"uv": [0.25, 7.5, 0, 7.75], "texture": "#0"}
			}
		},
		{
			"from": [6, 19, 7],
			"to": [7, 21, 9],
			"faces": {
				"north": {"uv": [7.75, 0.75, 7.875, 1], "texture": "#0"},
				"east": {"uv": [0.25, 7.5, 0.5, 7.75], "texture": "#0"},
				"south": {"uv": [0.875, 7.75, 1, 8], "texture": "#0"},
				"west": {"uv": [7.5, 0.25, 7.75, 0.5], "texture": "#0"},
				"up": {"uv": [7.875, 1.25, 7.75, 1], "texture": "#0"},
				"down": {"uv": [1.625, 7.75, 1.5, 8], "texture": "#0"}
			}
		},
		{
			"from": [9, 19, 7],
			"to": [10, 21, 9],
			"faces": {
				"north": {"uv": [7.75, 1.5, 7.875, 1.75], "texture": "#0"},
				"east": {"uv": [0.5, 7.5, 0.75, 7.75], "texture": "#0"},
				"south": {"uv": [1.625, 7.75, 1.75, 8], "texture": "#0"},
				"west": {"uv": [7.5, 0.5, 7.75, 0.75], "texture": "#0"},
				"up": {"uv": [1.875, 8, 1.75, 7.75], "texture": "#0"},
				"down": {"uv": [7.875, 1.75, 7.75, 2], "texture": "#0"}
			}
		},
		{
			"from": [6, 17, 6],
			"to": [10, 19, 10],
			"faces": {
				"north": {"uv": [4.25, 3.75, 4.75, 4], "texture": "#0"},
				"east": {"uv": [4.75, 3.75, 5.25, 4], "texture": "#0"},
				"south": {"uv": [6.75, 6.25, 7.25, 6.5], "texture": "#0"},
				"west": {"uv": [0.5, 6.875, 1, 7.125], "texture": "#0"},
				"up": {"uv": [7.25, 6.25, 6.75, 5.75], "texture": "#0"},
				"down": {"uv": [0.5, 6.875, 0, 7.375], "texture": "#0"}
			}
		},
		{
			"from": [7, 19, 6],
			"to": [9, 21, 10],
			"faces": {
				"north": {"uv": [0.75, 7.5, 1, 7.75], "texture": "#0"},
				"east": {"uv": [1, 6.875, 1.5, 7.125], "texture": "#0"},
				"south": {"uv": [7.5, 0.75, 7.75, 1], "texture": "#0"},
				"west": {"uv": [5, 6.875, 5.5, 7.125], "texture": "#0"},
				"up": {"uv": [5.25, 6.75, 5, 6.25], "texture": "#0"},
				"down": {"uv": [5.75, 6.875, 5.5, 7.375], "texture": "#0"}
			}
		}
	],
	"display": {
		"thirdperson_righthand": {
			"translation": [0, 3.25, 0],
			"scale": [0.5, 0.5, 0.5]
		},
		"thirdperson_lefthand": {
			"translation": [0, 3.25, 0],
			"scale": [0.5, 0.5, 0.5]
		},
		"ground": {
			"translation": [0, 6.25, 0],
			"scale": [0.7, 0.7, 0.7]
		},
		"gui": {
			"scale": [0.8, 0.8, 0.8]
		},
		"head": {
			"rotation": [5, -4, 2],
			"translation": [-0.25, 13.75, 1.25]
		}
	},
	"groups": [
		{
			"name": "group",
			"origin": [8, 8, 8],
			"color": 0,
			"children": [
				0,
				1,
				2,
				3,
				4,
				{
					"name": "group",
					"origin": [0, 0, 0],
					"color": 0,
					"children": [
						5,
						6,
						7,
						{
							"name": "group",
							"origin": [0, 0, 0],
							"color": 0,
							"children": [
								8,
								9,
								10,
								{
									"name": "group",
									"origin": [0, 0, 0],
									"color": 0,
									"children": [
										11,
										12,
										13,
										{
											"name": "group",
											"origin": [0, 0, 0],
											"color": 0,
											"children": [14, 15, 16]
										}
									]
								}
							]
						}
					]
				},
				{
					"name": "group",
					"origin": [8, 8, 8],
					"color": 0,
					"children": [17, 18, 19, 20, 21, 22, 23, 24, 25, 26, 27, 28, 29, 30, 31, 32, 33, 34, 35, 36, 37]
				}
			]
		}
	]
}