{
	"credit": "Made with Blockbench",
	"ambientocclusion": false,
	"texture_size": [128, 128],
	"textures": {
		"0": "block/boss_5",
		"1": "block/boss_5_effect",
		"particle": "block/boss_5_effect"
	},
	"elements": [
		{
			"from": [-8, -13, 15],
			"to": [16, 24, 15],
			"rotation": {"angle": -22.5, "axis": "y", "origin": [0, -7, -6]},
			"faces": {
				"north": {"uv": [0, 0, 3, 4.625], "texture": "#1"},
				"east": {"uv": [0, 0, 0, 4.625], "texture": "#1"},
				"south": {"uv": [3, 0, 6, 4.625], "texture": "#1"},
				"west": {"uv": [0, 0, 0, 4.625], "texture": "#1"},
				"up": {"uv": [3, 0, 0, 0], "texture": "#1"},
				"down": {"uv": [3, 0, 0, 0], "texture": "#1"}
			}
		},
		{
			"from": [0, -13, 15],
			"to": [24, 24, 15],
			"rotation": {"angle": 22.5, "axis": "y", "origin": [16, -7, -6]},
			"faces": {
				"north": {"uv": [0, 4.625, 3, 9.25], "texture": "#1"},
				"east": {"uv": [0, 0, 0, 4.625], "texture": "#1"},
				"south": {"uv": [3, 4.625, 6, 9.25], "texture": "#1"},
				"west": {"uv": [0, 0, 0, 4.625], "texture": "#1"},
				"up": {"uv": [3, 0, 0, 0], "texture": "#1"},
				"down": {"uv": [3, 0, 0, 0], "texture": "#1"}
			}
		},
		{
			"from": [4, 12, 4],
			"to": [12, 16, 12],
			"faces": {
				"north": {"uv": [6, 2, 8, 3], "texture": "#0"},
				"east": {"uv": [6, 3, 8, 4], "texture": "#0"},
				"south": {"uv": [4, 6, 6, 7], "texture": "#0"},
				"west": {"uv": [6, 4, 8, 5], "texture": "#0"},
				"up": {"uv": [2, 2, 0, 0], "texture": "#0"},
				"down": {"uv": [2, 2, 0, 4], "texture": "#0"}
			}
		},
		{
			"from": [5, 11, 4],
			"to": [5.5, 12, 4.5],
			"faces": {
				"north": {"uv": [14.75, 9.75, 14.875, 10], "texture": "#0"},
				"east": {"uv": [14.75, 10, 14.875, 10.25], "texture": "#0"},
				"south": {"uv": [14.75, 10.25, 14.875, 10.5], "texture": "#0"},
				"west": {"uv": [14.75, 10.5, 14.875, 10.75], "texture": "#0"},
				"up": {"uv": [15.375, 2.875, 15.25, 2.75], "texture": "#0"},
				"down": {"uv": [3.125, 15.25, 3, 15.375], "texture": "#0"}
			}
		},
		{
			"from": [5.5, 9, 4],
			"to": [6, 10, 4.5],
			"faces": {
				"north": {"uv": [10.75, 14.75, 10.875, 15], "texture": "#0"},
				"east": {"uv": [14.75, 10.75, 14.875, 11], "texture": "#0"},
				"south": {"uv": [11, 14.75, 11.125, 15], "texture": "#0"},
				"west": {"uv": [14.75, 11, 14.875, 11.25], "texture": "#0"},
				"up": {"uv": [15.375, 3.125, 15.25, 3], "texture": "#0"},
				"down": {"uv": [3.375, 15.25, 3.25, 15.375], "texture": "#0"}
			}
		},
		{
			"from": [6.5, 9, 4],
			"to": [7, 10, 4.5],
			"faces": {
				"north": {"uv": [11.25, 14.75, 11.375, 15], "texture": "#0"},
				"east": {"uv": [14.75, 11.25, 14.875, 11.5], "texture": "#0"},
				"south": {"uv": [11.5, 14.75, 11.625, 15], "texture": "#0"},
				"west": {"uv": [14.75, 11.5, 14.875, 11.75], "texture": "#0"},
				"up": {"uv": [15.375, 3.375, 15.25, 3.25], "texture": "#0"},
				"down": {"uv": [3.625, 15.25, 3.5, 15.375], "texture": "#0"}
			}
		},
		{
			"from": [7.5, 9, 4],
			"to": [8, 10, 4.5],
			"faces": {
				"north": {"uv": [11.75, 14.75, 11.875, 15], "texture": "#0"},
				"east": {"uv": [14.75, 11.75, 14.875, 12], "texture": "#0"},
				"south": {"uv": [12, 14.75, 12.125, 15], "texture": "#0"},
				"west": {"uv": [14.75, 12, 14.875, 12.25], "texture": "#0"},
				"up": {"uv": [15.375, 3.625, 15.25, 3.5], "texture": "#0"},
				"down": {"uv": [3.875, 15.25, 3.75, 15.375], "texture": "#0"}
			}
		},
		{
			"from": [8.5, 9, 4],
			"to": [9, 10, 4.5],
			"faces": {
				"north": {"uv": [12.25, 14.75, 12.375, 15], "texture": "#0"},
				"east": {"uv": [14.75, 12.25, 14.875, 12.5], "texture": "#0"},
				"south": {"uv": [12.5, 14.75, 12.625, 15], "texture": "#0"},
				"west": {"uv": [14.75, 12.5, 14.875, 12.75], "texture": "#0"},
				"up": {"uv": [15.375, 3.875, 15.25, 3.75], "texture": "#0"},
				"down": {"uv": [4.125, 15.25, 4, 15.375], "texture": "#0"}
			}
		},
		{
			"from": [9.5, 9, 4],
			"to": [10, 10, 4.5],
			"faces": {
				"north": {"uv": [12.75, 14.75, 12.875, 15], "texture": "#0"},
				"east": {"uv": [14.75, 12.75, 14.875, 13], "texture": "#0"},
				"south": {"uv": [13, 14.75, 13.125, 15], "texture": "#0"},
				"west": {"uv": [14.75, 13, 14.875, 13.25], "texture": "#0"},
				"up": {"uv": [15.375, 4.125, 15.25, 4], "texture": "#0"},
				"down": {"uv": [4.375, 15.25, 4.25, 15.375], "texture": "#0"}
			}
		},
		{
			"from": [10.5, 9, 4],
			"to": [11, 10, 4.5],
			"faces": {
				"north": {"uv": [13.25, 14.75, 13.375, 15], "texture": "#0"},
				"east": {"uv": [14.75, 13.25, 14.875, 13.5], "texture": "#0"},
				"south": {"uv": [13.5, 14.75, 13.625, 15], "texture": "#0"},
				"west": {"uv": [14.75, 13.5, 14.875, 13.75], "texture": "#0"},
				"up": {"uv": [15.375, 4.375, 15.25, 4.25], "texture": "#0"},
				"down": {"uv": [4.625, 15.25, 4.5, 15.375], "texture": "#0"}
			}
		},
		{
			"from": [6, 11, 4],
			"to": [6.5, 12, 4.5],
			"faces": {
				"north": {"uv": [13.75, 14.75, 13.875, 15], "texture": "#0"},
				"east": {"uv": [14.75, 13.75, 14.875, 14], "texture": "#0"},
				"south": {"uv": [14, 14.75, 14.125, 15], "texture": "#0"},
				"west": {"uv": [14.75, 14, 14.875, 14.25], "texture": "#0"},
				"up": {"uv": [15.375, 4.625, 15.25, 4.5], "texture": "#0"},
				"down": {"uv": [4.875, 15.25, 4.75, 15.375], "texture": "#0"}
			}
		},
		{
			"from": [7, 11, 4],
			"to": [7.5, 12, 4.5],
			"faces": {
				"north": {"uv": [14.25, 14.75, 14.375, 15], "texture": "#0"},
				"east": {"uv": [14.75, 14.25, 14.875, 14.5], "texture": "#0"},
				"south": {"uv": [14.5, 14.75, 14.625, 15], "texture": "#0"},
				"west": {"uv": [14.75, 14.5, 14.875, 14.75], "texture": "#0"},
				"up": {"uv": [15.375, 4.875, 15.25, 4.75], "texture": "#0"},
				"down": {"uv": [5.125, 15.25, 5, 15.375], "texture": "#0"}
			}
		},
		{
			"from": [8, 11, 4],
			"to": [8.5, 12, 4.5],
			"faces": {
				"north": {"uv": [14.75, 14.75, 14.875, 15], "texture": "#0"},
				"east": {"uv": [0, 15, 0.125, 15.25], "texture": "#0"},
				"south": {"uv": [15, 0, 15.125, 0.25], "texture": "#0"},
				"west": {"uv": [0.25, 15, 0.375, 15.25], "texture": "#0"},
				"up": {"uv": [15.375, 5.125, 15.25, 5], "texture": "#0"},
				"down": {"uv": [5.375, 15.25, 5.25, 15.375], "texture": "#0"}
			}
		},
		{
			"from": [9, 11, 4],
			"to": [9.5, 12, 4.5],
			"faces": {
				"north": {"uv": [15, 0.25, 15.125, 0.5], "texture": "#0"},
				"east": {"uv": [0.5, 15, 0.625, 15.25], "texture": "#0"},
				"south": {"uv": [15, 0.5, 15.125, 0.75], "texture": "#0"},
				"west": {"uv": [0.75, 15, 0.875, 15.25], "texture": "#0"},
				"up": {"uv": [15.375, 5.375, 15.25, 5.25], "texture": "#0"},
				"down": {"uv": [5.625, 15.25, 5.5, 15.375], "texture": "#0"}
			}
		},
		{
			"from": [10, 11, 4],
			"to": [10.5, 12, 4.5],
			"faces": {
				"north": {"uv": [15, 0.75, 15.125, 1], "texture": "#0"},
				"east": {"uv": [1, 15, 1.125, 15.25], "texture": "#0"},
				"south": {"uv": [15, 1, 15.125, 1.25], "texture": "#0"},
				"west": {"uv": [1.25, 15, 1.375, 15.25], "texture": "#0"},
				"up": {"uv": [15.375, 5.625, 15.25, 5.5], "texture": "#0"},
				"down": {"uv": [5.875, 15.25, 5.75, 15.375], "texture": "#0"}
			}
		},
		{
			"from": [4, 8, 4],
			"to": [12, 9, 12],
			"faces": {
				"north": {"uv": [10, 10.25, 12, 10.5], "texture": "#0"},
				"east": {"uv": [10.5, 1, 12.5, 1.25], "texture": "#0"},
				"south": {"uv": [10.5, 1.25, 12.5, 1.5], "texture": "#0"},
				"west": {"uv": [10.5, 1.5, 12.5, 1.75], "texture": "#0"},
				"up": {"uv": [4, 2, 2, 0], "texture": "#0"},
				"down": {"uv": [4, 2, 2, 4], "texture": "#0"}
			}
		},
		{
			"from": [11, 9, 4],
			"to": [12, 12, 12],
			"faces": {
				"north": {"uv": [12, 8.75, 12.25, 9.5], "texture": "#0"},
				"east": {"uv": [8, 2, 10, 2.75], "texture": "#0"},
				"south": {"uv": [8.25, 13, 8.5, 13.75], "texture": "#0"},
				"west": {"uv": [8, 2.75, 10, 3.5], "texture": "#0"},
				"up": {"uv": [3.25, 12.25, 3, 10.25], "texture": "#0"},
				"down": {"uv": [3.5, 10.25, 3.25, 12.25], "texture": "#0"}
			}
		},
		{
			"from": [4, 9, 4],
			"to": [5, 12, 12],
			"faces": {
				"north": {"uv": [11, 13, 11.25, 13.75], "texture": "#0"},
				"east": {"uv": [8, 3.5, 10, 4.25], "texture": "#0"},
				"south": {"uv": [12, 13, 12.25, 13.75], "texture": "#0"},
				"west": {"uv": [4, 8, 6, 8.75], "texture": "#0"},
				"up": {"uv": [3.75, 12.25, 3.5, 10.25], "texture": "#0"},
				"down": {"uv": [4, 10.25, 3.75, 12.25], "texture": "#0"}
			}
		},
		{
			"from": [5, 9, 12],
			"to": [11, 12, 12],
			"faces": {
				"north": {"uv": [6, 8.75, 7.5, 9.5], "texture": "#0"},
				"east": {"uv": [0, 0, 0, 0.75], "texture": "#0"},
				"south": {"uv": [7.5, 8.75, 9, 9.5], "texture": "#0"},
				"west": {"uv": [0, 0, 0, 0.75], "texture": "#0"},
				"up": {"uv": [1.5, 0, 0, 0], "texture": "#0"},
				"down": {"uv": [1.5, 0, 0, 0], "texture": "#0"}
			}
		},
		{
			"from": [12, 15, 6],
			"to": [13, 19, 7],
			"faces": {
				"north": {"uv": [11.25, 4.5, 11.5, 5.5], "texture": "#0"},
				"east": {"uv": [11.25, 6.75, 11.5, 7.75], "texture": "#0"},
				"south": {"uv": [8.5, 11.25, 8.75, 12.25], "texture": "#0"},
				"west": {"uv": [8.75, 11.25, 9, 12.25], "texture": "#0"},
				"up": {"uv": [12.5, 5.75, 12.25, 5.5], "texture": "#0"},
				"down": {"uv": [10.25, 14.25, 10, 14.5], "texture": "#0"}
			}
		},
		{
			"from": [3, 15, 9],
			"to": [4, 19, 10],
			"faces": {
				"north": {"uv": [9, 11.25, 9.25, 12.25], "texture": "#0"},
				"east": {"uv": [9.25, 11.25, 9.5, 12.25], "texture": "#0"},
				"south": {"uv": [9.5, 11.25, 9.75, 12.25], "texture": "#0"},
				"west": {"uv": [9.75, 11.25, 10, 12.25], "texture": "#0"},
				"up": {"uv": [10.5, 14.5, 10.25, 14.25], "texture": "#0"},
				"down": {"uv": [14.5, 10.25, 14.25, 10.5], "texture": "#0"}
			}
		},
		{
			"from": [9, 15, 3],
			"to": [10, 19, 4],
			"faces": {
				"north": {"uv": [11.25, 10.5, 11.5, 11.5], "texture": "#0"},
				"east": {"uv": [0, 11.5, 0.25, 12.5], "texture": "#0"},
				"south": {"uv": [11.5, 0, 11.75, 1], "texture": "#0"},
				"west": {"uv": [0.25, 11.5, 0.5, 12.5], "texture": "#0"},
				"up": {"uv": [10.75, 14.5, 10.5, 14.25], "texture": "#0"},
				"down": {"uv": [14.5, 10.5, 14.25, 10.75], "texture": "#0"}
			}
		},
		{
			"from": [6, 15, 3],
			"to": [7, 19, 4],
			"faces": {
				"north": {"uv": [0.5, 11.5, 0.75, 12.5], "texture": "#0"},
				"east": {"uv": [0.75, 11.5, 1, 12.5], "texture": "#0"},
				"south": {"uv": [1, 11.5, 1.25, 12.5], "texture": "#0"},
				"west": {"uv": [1.25, 11.5, 1.5, 12.5], "texture": "#0"},
				"up": {"uv": [11, 14.5, 10.75, 14.25], "texture": "#0"},
				"down": {"uv": [14.5, 10.75, 14.25, 11], "texture": "#0"}
			}
		},
		{
			"from": [6, 15, 12],
			"to": [7, 19, 13],
			"faces": {
				"north": {"uv": [1.5, 11.5, 1.75, 12.5], "texture": "#0"},
				"east": {"uv": [1.75, 11.5, 2, 12.5], "texture": "#0"},
				"south": {"uv": [2, 11.5, 2.25, 12.5], "texture": "#0"},
				"west": {"uv": [2.25, 11.5, 2.5, 12.5], "texture": "#0"},
				"up": {"uv": [11.25, 14.5, 11, 14.25], "texture": "#0"},
				"down": {"uv": [14.5, 11, 14.25, 11.25], "texture": "#0"}
			}
		},
		{
			"from": [9, 15, 12],
			"to": [10, 19, 13],
			"faces": {
				"north": {"uv": [11.5, 2.5, 11.75, 3.5], "texture": "#0"},
				"east": {"uv": [11.5, 4.5, 11.75, 5.5], "texture": "#0"},
				"south": {"uv": [11.5, 6.75, 11.75, 7.75], "texture": "#0"},
				"west": {"uv": [7.75, 11.5, 8, 12.5], "texture": "#0"},
				"up": {"uv": [11.5, 14.5, 11.25, 14.25], "texture": "#0"},
				"down": {"uv": [14.5, 11.25, 14.25, 11.5], "texture": "#0"}
			}
		},
		{
			"from": [3, 15, 3],
			"to": [4, 19, 4],
			"faces": {
				"north": {"uv": [8, 11.5, 8.25, 12.5], "texture": "#0"},
				"east": {"uv": [10, 11.5, 10.25, 12.5], "texture": "#0"},
				"south": {"uv": [10.25, 11.5, 10.5, 12.5], "texture": "#0"},
				"west": {"uv": [10.5, 11.5, 10.75, 12.5], "texture": "#0"},
				"up": {"uv": [11.75, 14.5, 11.5, 14.25], "texture": "#0"},
				"down": {"uv": [14.5, 11.5, 14.25, 11.75], "texture": "#0"}
			}
		},
		{
			"from": [3, 15, 12],
			"to": [4, 19, 13],
			"faces": {
				"north": {"uv": [11.5, 10.5, 11.75, 11.5], "texture": "#0"},
				"east": {"uv": [10.75, 11.5, 11, 12.5], "texture": "#0"},
				"south": {"uv": [11.25, 11.5, 11.5, 12.5], "texture": "#0"},
				"west": {"uv": [11.5, 11.5, 11.75, 12.5], "texture": "#0"},
				"up": {"uv": [14.5, 12, 14.25, 11.75], "texture": "#0"},
				"down": {"uv": [12.25, 14.25, 12, 14.5], "texture": "#0"}
			}
		},
		{
			"from": [3, 15, 6],
			"to": [4, 19, 7],
			"faces": {
				"north": {"uv": [11.75, 0, 12, 1], "texture": "#0"},
				"east": {"uv": [11.75, 2.5, 12, 3.5], "texture": "#0"},
				"south": {"uv": [11.75, 4.5, 12, 5.5], "texture": "#0"},
				"west": {"uv": [4.75, 11.75, 5, 12.75], "texture": "#0"},
				"up": {"uv": [14.5, 12.25, 14.25, 12], "texture": "#0"},
				"down": {"uv": [12.5, 14.25, 12.25, 14.5], "texture": "#0"}
			}
		},
		{
			"from": [12, 15, 12],
			"to": [13, 19, 13],
			"faces": {
				"north": {"uv": [5, 11.75, 5.25, 12.75], "texture": "#0"},
				"east": {"uv": [5.25, 11.75, 5.5, 12.75], "texture": "#0"},
				"south": {"uv": [5.5, 11.75, 5.75, 12.75], "texture": "#0"},
				"west": {"uv": [5.75, 11.75, 6, 12.75], "texture": "#0"},
				"up": {"uv": [14.5, 12.5, 14.25, 12.25], "texture": "#0"},
				"down": {"uv": [12.75, 14.25, 12.5, 14.5], "texture": "#0"}
			}
		},
		{
			"from": [12, 15, 9],
			"to": [13, 19, 10],
			"faces": {
				"north": {"uv": [6, 11.75, 6.25, 12.75], "texture": "#0"},
				"east": {"uv": [11.75, 6.75, 12, 7.75], "texture": "#0"},
				"south": {"uv": [11.75, 10.5, 12, 11.5], "texture": "#0"},
				"west": {"uv": [11.75, 11.5, 12, 12.5], "texture": "#0"},
				"up": {"uv": [13, 14.5, 12.75, 14.25], "texture": "#0"},
				"down": {"uv": [14.5, 12.75, 14.25, 13], "texture": "#0"}
			}
		},
		{
			"from": [12, 15, 3],
			"to": [13, 19, 4],
			"faces": {
				"north": {"uv": [12, 0, 12.25, 1], "texture": "#0"},
				"east": {"uv": [12, 2.5, 12.25, 3.5], "texture": "#0"},
				"south": {"uv": [12, 4.5, 12.25, 5.5], "texture": "#0"},
				"west": {"uv": [12, 6.75, 12.25, 7.75], "texture": "#0"},
				"up": {"uv": [13.25, 14.5, 13, 14.25], "texture": "#0"},
				"down": {"uv": [14.5, 13, 14.25, 13.25], "texture": "#0"}
			}
		},
		{
			"from": [14, 16, 0],
			"to": [22, 20, 8],
			"faces": {
				"north": {"uv": [6, 5, 8, 6], "texture": "#0"},
				"east": {"uv": [6, 6, 8, 7], "texture": "#0"},
				"south": {"uv": [4, 7, 6, 8], "texture": "#0"},
				"west": {"uv": [6, 7, 8, 8], "texture": "#0"},
				"up": {"uv": [2, 6, 0, 4], "texture": "#0"},
				"down": {"uv": [6, 0, 4, 2], "texture": "#0"}
			}
		},
		{
			"from": [15, 15, 0],
			"to": [15.5, 16, 0.5],
			"faces": {
				"north": {"uv": [15, 1.25, 15.125, 1.5], "texture": "#0"},
				"east": {"uv": [1.5, 15, 1.625, 15.25], "texture": "#0"},
				"south": {"uv": [15, 1.5, 15.125, 1.75], "texture": "#0"},
				"west": {"uv": [1.75, 15, 1.875, 15.25], "texture": "#0"},
				"up": {"uv": [15.375, 5.875, 15.25, 5.75], "texture": "#0"},
				"down": {"uv": [6.125, 15.25, 6, 15.375], "texture": "#0"}
			}
		},
		{
			"from": [15.5, 13, 0],
			"to": [16, 14, 0.5],
			"faces": {
				"north": {"uv": [2, 15, 2.125, 15.25], "texture": "#0"},
				"east": {"uv": [15, 2, 15.125, 2.25], "texture": "#0"},
				"south": {"uv": [2.25, 15, 2.375, 15.25], "texture": "#0"},
				"west": {"uv": [15, 2.25, 15.125, 2.5], "texture": "#0"},
				"up": {"uv": [15.375, 6.125, 15.25, 6], "texture": "#0"},
				"down": {"uv": [6.375, 15.25, 6.25, 15.375], "texture": "#0"}
			}
		},
		{
			"from": [16.5, 13, 0],
			"to": [17, 14, 0.5],
			"faces": {
				"north": {"uv": [2.5, 15, 2.625, 15.25], "texture": "#0"},
				"east": {"uv": [15, 2.5, 15.125, 2.75], "texture": "#0"},
				"south": {"uv": [15, 2.75, 15.125, 3], "texture": "#0"},
				"west": {"uv": [3.5, 15, 3.625, 15.25], "texture": "#0"},
				"up": {"uv": [15.375, 6.375, 15.25, 6.25], "texture": "#0"},
				"down": {"uv": [6.625, 15.25, 6.5, 15.375], "texture": "#0"}
			}
		},
		{
			"from": [17.5, 13, 0],
			"to": [18, 14, 0.5],
			"faces": {
				"north": {"uv": [3.75, 15, 3.875, 15.25], "texture": "#0"},
				"east": {"uv": [15, 4.5, 15.125, 4.75], "texture": "#0"},
				"south": {"uv": [15, 4.75, 15.125, 5], "texture": "#0"},
				"west": {"uv": [5, 15, 5.125, 15.25], "texture": "#0"},
				"up": {"uv": [15.375, 6.625, 15.25, 6.5], "texture": "#0"},
				"down": {"uv": [6.875, 15.25, 6.75, 15.375], "texture": "#0"}
			}
		},
		{
			"from": [18.5, 13, 0],
			"to": [19, 14, 0.5],
			"faces": {
				"north": {"uv": [15, 5, 15.125, 5.25], "texture": "#0"},
				"east": {"uv": [5.25, 15, 5.375, 15.25], "texture": "#0"},
				"south": {"uv": [5.5, 15, 5.625, 15.25], "texture": "#0"},
				"west": {"uv": [5.75, 15, 5.875, 15.25], "texture": "#0"},
				"up": {"uv": [15.375, 6.875, 15.25, 6.75], "texture": "#0"},
				"down": {"uv": [7.125, 15.25, 7, 15.375], "texture": "#0"}
			}
		},
		{
			"from": [19.5, 13, 0],
			"to": [20, 14, 0.5],
			"faces": {
				"north": {"uv": [15, 6.25, 15.125, 6.5], "texture": "#0"},
				"east": {"uv": [15, 6.5, 15.125, 6.75], "texture": "#0"},
				"south": {"uv": [15, 6.75, 15.125, 7], "texture": "#0"},
				"west": {"uv": [7, 15, 7.125, 15.25], "texture": "#0"},
				"up": {"uv": [15.375, 7.125, 15.25, 7], "texture": "#0"},
				"down": {"uv": [7.375, 15.25, 7.25, 15.375], "texture": "#0"}
			}
		},
		{
			"from": [20.5, 13, 0],
			"to": [21, 14, 0.5],
			"faces": {
				"north": {"uv": [15, 7, 15.125, 7.25], "texture": "#0"},
				"east": {"uv": [7.25, 15, 7.375, 15.25], "texture": "#0"},
				"south": {"uv": [15, 7.25, 15.125, 7.5], "texture": "#0"},
				"west": {"uv": [7.5, 15, 7.625, 15.25], "texture": "#0"},
				"up": {"uv": [15.375, 7.375, 15.25, 7.25], "texture": "#0"},
				"down": {"uv": [7.625, 15.25, 7.5, 15.375], "texture": "#0"}
			}
		},
		{
			"from": [16, 15, 0],
			"to": [16.5, 16, 0.5],
			"faces": {
				"north": {"uv": [15, 7.5, 15.125, 7.75], "texture": "#0"},
				"east": {"uv": [7.75, 15, 7.875, 15.25], "texture": "#0"},
				"south": {"uv": [15, 7.75, 15.125, 8], "texture": "#0"},
				"west": {"uv": [15, 8, 15.125, 8.25], "texture": "#0"},
				"up": {"uv": [15.375, 7.625, 15.25, 7.5], "texture": "#0"},
				"down": {"uv": [7.875, 15.25, 7.75, 15.375], "texture": "#0"}
			}
		},
		{
			"from": [17, 15, 0],
			"to": [17.5, 16, 0.5],
			"faces": {
				"north": {"uv": [8.25, 15, 8.375, 15.25], "texture": "#0"},
				"east": {"uv": [15, 8.25, 15.125, 8.5], "texture": "#0"},
				"south": {"uv": [8.5, 15, 8.625, 15.25], "texture": "#0"},
				"west": {"uv": [15, 8.5, 15.125, 8.75], "texture": "#0"},
				"up": {"uv": [15.375, 7.875, 15.25, 7.75], "texture": "#0"},
				"down": {"uv": [8.125, 15.25, 8, 15.375], "texture": "#0"}
			}
		},
		{
			"from": [18, 15, 0],
			"to": [18.5, 16, 0.5],
			"faces": {
				"north": {"uv": [8.75, 15, 8.875, 15.25], "texture": "#0"},
				"east": {"uv": [15, 8.75, 15.125, 9], "texture": "#0"},
				"south": {"uv": [9, 15, 9.125, 15.25], "texture": "#0"},
				"west": {"uv": [9.25, 15, 9.375, 15.25], "texture": "#0"},
				"up": {"uv": [15.375, 8.125, 15.25, 8], "texture": "#0"},
				"down": {"uv": [8.375, 15.25, 8.25, 15.375], "texture": "#0"}
			}
		},
		{
			"from": [19, 15, 0],
			"to": [19.5, 16, 0.5],
			"faces": {
				"north": {"uv": [15, 9.25, 15.125, 9.5], "texture": "#0"},
				"east": {"uv": [9.5, 15, 9.625, 15.25], "texture": "#0"},
				"south": {"uv": [15, 9.5, 15.125, 9.75], "texture": "#0"},
				"west": {"uv": [15, 9.75, 15.125, 10], "texture": "#0"},
				"up": {"uv": [15.375, 8.375, 15.25, 8.25], "texture": "#0"},
				"down": {"uv": [8.625, 15.25, 8.5, 15.375], "texture": "#0"}
			}
		},
		{
			"from": [20, 15, 0],
			"to": [20.5, 16, 0.5],
			"faces": {
				"north": {"uv": [10, 15, 10.125, 15.25], "texture": "#0"},
				"east": {"uv": [15, 10, 15.125, 10.25], "texture": "#0"},
				"south": {"uv": [10.25, 15, 10.375, 15.25], "texture": "#0"},
				"west": {"uv": [15, 10.25, 15.125, 10.5], "texture": "#0"},
				"up": {"uv": [15.375, 8.625, 15.25, 8.5], "texture": "#0"},
				"down": {"uv": [8.875, 15.25, 8.75, 15.375], "texture": "#0"}
			}
		},
		{
			"from": [14, 12, 0],
			"to": [22, 13, 8],
			"faces": {
				"north": {"uv": [10.5, 1.75, 12.5, 2], "texture": "#0"},
				"east": {"uv": [10.5, 2, 12.5, 2.25], "texture": "#0"},
				"south": {"uv": [10.5, 2.25, 12.5, 2.5], "texture": "#0"},
				"west": {"uv": [10.5, 3.5, 12.5, 3.75], "texture": "#0"},
				"up": {"uv": [4, 6, 2, 4], "texture": "#0"},
				"down": {"uv": [6, 2, 4, 4], "texture": "#0"}
			}
		},
		{
			"from": [21, 13, 0],
			"to": [22, 16, 8],
			"faces": {
				"north": {"uv": [3, 13.25, 3.25, 14], "texture": "#0"},
				"east": {"uv": [8, 4.25, 10, 5], "texture": "#0"},
				"south": {"uv": [13.25, 3, 13.5, 3.75], "texture": "#0"},
				"west": {"uv": [8, 5, 10, 5.75], "texture": "#0"},
				"up": {"uv": [4.25, 12.25, 4, 10.25], "texture": "#0"},
				"down": {"uv": [4.5, 10.25, 4.25, 12.25], "texture": "#0"}
			}
		},
		{
			"from": [14, 13, 0],
			"to": [15, 16, 8],
			"faces": {
				"north": {"uv": [3.25, 13.25, 3.5, 14], "texture": "#0"},
				"east": {"uv": [8, 5.75, 10, 6.5], "texture": "#0"},
				"south": {"uv": [3.5, 13.25, 3.75, 14], "texture": "#0"},
				"west": {"uv": [6, 8, 8, 8.75], "texture": "#0"},
				"up": {"uv": [10.75, 5.75, 10.5, 3.75], "texture": "#0"},
				"down": {"uv": [4.75, 10.5, 4.5, 12.5], "texture": "#0"}
			}
		},
		{
			"from": [15, 13, 8],
			"to": [21, 16, 8],
			"faces": {
				"north": {"uv": [0, 9, 1.5, 9.75], "texture": "#0"},
				"east": {"uv": [0, 0, 0, 0.75], "texture": "#0"},
				"south": {"uv": [1.5, 9, 3, 9.75], "texture": "#0"},
				"west": {"uv": [0, 0, 0, 0.75], "texture": "#0"},
				"up": {"uv": [1.5, 0, 0, 0], "texture": "#0"},
				"down": {"uv": [1.5, 0, 0, 0], "texture": "#0"}
			}
		},
		{
			"from": [22, 19, 2],
			"to": [23, 23, 3],
			"faces": {
				"north": {"uv": [8.25, 12, 8.5, 13], "texture": "#0"},
				"east": {"uv": [12, 10, 12.25, 11], "texture": "#0"},
				"south": {"uv": [11, 12, 11.25, 13], "texture": "#0"},
				"west": {"uv": [12, 11, 12.25, 12], "texture": "#0"},
				"up": {"uv": [13.5, 14.5, 13.25, 14.25], "texture": "#0"},
				"down": {"uv": [14.5, 13.25, 14.25, 13.5], "texture": "#0"}
			}
		},
		{
			"from": [13, 19, 5],
			"to": [14, 23, 6],
			"faces": {
				"north": {"uv": [12, 12, 12.25, 13], "texture": "#0"},
				"east": {"uv": [12.25, 0, 12.5, 1], "texture": "#0"},
				"south": {"uv": [12.25, 2.5, 12.5, 3.5], "texture": "#0"},
				"west": {"uv": [3, 12.25, 3.25, 13.25], "texture": "#0"},
				"up": {"uv": [13.75, 14.5, 13.5, 14.25], "texture": "#0"},
				"down": {"uv": [14.5, 13.5, 14.25, 13.75], "texture": "#0"}
			}
		},
		{
			"from": [19, 19, -1],
			"to": [20, 23, 0],
			"faces": {
				"north": {"uv": [3.25, 12.25, 3.5, 13.25], "texture": "#0"},
				"east": {"uv": [3.5, 12.25, 3.75, 13.25], "texture": "#0"},
				"south": {"uv": [3.75, 12.25, 4, 13.25], "texture": "#0"},
				"west": {"uv": [4, 12.25, 4.25, 13.25], "texture": "#0"},
				"up": {"uv": [14, 14.5, 13.75, 14.25], "texture": "#0"},
				"down": {"uv": [14.5, 13.75, 14.25, 14], "texture": "#0"}
			}
		},
		{
			"from": [16, 19, -1],
			"to": [17, 23, 0],
			"faces": {
				"north": {"uv": [4.25, 12.25, 4.5, 13.25], "texture": "#0"},
				"east": {"uv": [12.25, 4.5, 12.5, 5.5], "texture": "#0"},
				"south": {"uv": [6.25, 12.25, 6.5, 13.25], "texture": "#0"},
				"west": {"uv": [6.5, 12.25, 6.75, 13.25], "texture": "#0"},
				"up": {"uv": [14.25, 14.5, 14, 14.25], "texture": "#0"},
				"down": {"uv": [14.5, 14, 14.25, 14.25], "texture": "#0"}
			}
		},
		{
			"from": [16, 19, 8],
			"to": [17, 23, 9],
			"faces": {
				"north": {"uv": [12.25, 6.5, 12.5, 7.5], "texture": "#0"},
				"east": {"uv": [12.25, 7.5, 12.5, 8.5], "texture": "#0"},
				"south": {"uv": [8.5, 12.25, 8.75, 13.25], "texture": "#0"},
				"west": {"uv": [12.25, 8.5, 12.5, 9.5], "texture": "#0"},
				"up": {"uv": [14.5, 14.5, 14.25, 14.25], "texture": "#0"},
				"down": {"uv": [0.25, 14.5, 0, 14.75], "texture": "#0"}
			}
		},
		{
			"from": [19, 19, 8],
			"to": [20, 23, 9],
			"faces": {
				"north": {"uv": [8.75, 12.25, 9, 13.25], "texture": "#0"},
				"east": {"uv": [9, 12.25, 9.25, 13.25], "texture": "#0"},
				"south": {"uv": [9.25, 12.25, 9.5, 13.25], "texture": "#0"},
				"west": {"uv": [9.5, 12.25, 9.75, 13.25], "texture": "#0"},
				"up": {"uv": [0.5, 14.75, 0.25, 14.5], "texture": "#0"},
				"down": {"uv": [14.75, 0.25, 14.5, 0.5], "texture": "#0"}
			}
		},
		{
			"from": [13, 19, -1],
			"to": [14, 23, 0],
			"faces": {
				"north": {"uv": [12.25, 9.5, 12.5, 10.5], "texture": "#0"},
				"east": {"uv": [9.75, 12.25, 10, 13.25], "texture": "#0"},
				"south": {"uv": [12.25, 10.5, 12.5, 11.5], "texture": "#0"},
				"west": {"uv": [12.25, 11.5, 12.5, 12.5], "texture": "#0"},
				"up": {"uv": [14.75, 0.75, 14.5, 0.5], "texture": "#0"},
				"down": {"uv": [14.75, 0.75, 14.5, 1], "texture": "#0"}
			}
		},
		{
			"from": [13, 19, 8],
			"to": [14, 23, 9],
			"faces": {
				"north": {"uv": [0, 12.5, 0.25, 13.5], "texture": "#0"},
				"east": {"uv": [12.5, 0, 12.75, 1], "texture": "#0"},
				"south": {"uv": [0.25, 12.5, 0.5, 13.5], "texture": "#0"},
				"west": {"uv": [0.5, 12.5, 0.75, 13.5], "texture": "#0"},
				"up": {"uv": [14.75, 1.25, 14.5, 1], "texture": "#0"},
				"down": {"uv": [14.75, 1.25, 14.5, 1.5], "texture": "#0"}
			}
		},
		{
			"from": [13, 19, 2],
			"to": [14, 23, 3],
			"faces": {
				"north": {"uv": [0.75, 12.5, 1, 13.5], "texture": "#0"},
				"east": {"uv": [1, 12.5, 1.25, 13.5], "texture": "#0"},
				"south": {"uv": [12.5, 1, 12.75, 2], "texture": "#0"},
				"west": {"uv": [1.25, 12.5, 1.5, 13.5], "texture": "#0"},
				"up": {"uv": [14.75, 1.75, 14.5, 1.5], "texture": "#0"},
				"down": {"uv": [2, 14.5, 1.75, 14.75], "texture": "#0"}
			}
		},
		{
			"from": [22, 19, 8],
			"to": [23, 23, 9],
			"faces": {
				"north": {"uv": [1.5, 12.5, 1.75, 13.5], "texture": "#0"},
				"east": {"uv": [1.75, 12.5, 2, 13.5], "texture": "#0"},
				"south": {"uv": [2, 12.5, 2.25, 13.5], "texture": "#0"},
				"west": {"uv": [12.5, 2, 12.75, 3], "texture": "#0"},
				"up": {"uv": [2.25, 14.75, 2, 14.5], "texture": "#0"},
				"down": {"uv": [14.75, 2, 14.5, 2.25], "texture": "#0"}
			}
		},
		{
			"from": [22, 19, 5],
			"to": [23, 23, 6],
			"faces": {
				"north": {"uv": [2.25, 12.5, 2.5, 13.5], "texture": "#0"},
				"east": {"uv": [12.5, 3, 12.75, 4], "texture": "#0"},
				"south": {"uv": [12.5, 4, 12.75, 5], "texture": "#0"},
				"west": {"uv": [4.5, 12.5, 4.75, 13.5], "texture": "#0"},
				"up": {"uv": [2.5, 14.75, 2.25, 14.5], "texture": "#0"},
				"down": {"uv": [14.75, 2.25, 14.5, 2.5], "texture": "#0"}
			}
		},
		{
			"from": [22, 19, -1],
			"to": [23, 23, 0],
			"faces": {
				"north": {"uv": [12.5, 5, 12.75, 6], "texture": "#0"},
				"east": {"uv": [12.5, 6, 12.75, 7], "texture": "#0"},
				"south": {"uv": [6.75, 12.5, 7, 13.5], "texture": "#0"},
				"west": {"uv": [7, 12.5, 7.25, 13.5], "texture": "#0"},
				"up": {"uv": [2.75, 14.75, 2.5, 14.5], "texture": "#0"},
				"down": {"uv": [14.75, 2.5, 14.5, 2.75], "texture": "#0"}
			}
		},
		{
			"from": [-7, 14, 4],
			"to": [1, 18, 12],
			"faces": {
				"north": {"uv": [0, 8, 2, 9], "texture": "#0"},
				"east": {"uv": [8, 0, 10, 1], "texture": "#0"},
				"south": {"uv": [8, 1, 10, 2], "texture": "#0"},
				"west": {"uv": [2, 8, 4, 9], "texture": "#0"},
				"up": {"uv": [6, 6, 4, 4], "texture": "#0"},
				"down": {"uv": [2, 6, 0, 8], "texture": "#0"}
			}
		},
		{
			"from": [-6, 13, 4],
			"to": [-5.5, 14, 4.5],
			"faces": {
				"north": {"uv": [10.5, 15, 10.625, 15.25], "texture": "#0"},
				"east": {"uv": [15, 10.5, 15.125, 10.75], "texture": "#0"},
				"south": {"uv": [10.75, 15, 10.875, 15.25], "texture": "#0"},
				"west": {"uv": [15, 10.75, 15.125, 11], "texture": "#0"},
				"up": {"uv": [15.375, 8.875, 15.25, 8.75], "texture": "#0"},
				"down": {"uv": [9.125, 15.25, 9, 15.375], "texture": "#0"}
			}
		},
		{
			"from": [-5.5, 11, 4],
			"to": [-5, 12, 4.5],
			"faces": {
				"north": {"uv": [11, 15, 11.125, 15.25], "texture": "#0"},
				"east": {"uv": [15, 11, 15.125, 11.25], "texture": "#0"},
				"south": {"uv": [11.25, 15, 11.375, 15.25], "texture": "#0"},
				"west": {"uv": [15, 11.25, 15.125, 11.5], "texture": "#0"},
				"up": {"uv": [15.375, 9.125, 15.25, 9], "texture": "#0"},
				"down": {"uv": [9.375, 15.25, 9.25, 15.375], "texture": "#0"}
			}
		},
		{
			"from": [-4.5, 11, 4],
			"to": [-4, 12, 4.5],
			"faces": {
				"north": {"uv": [11.5, 15, 11.625, 15.25], "texture": "#0"},
				"east": {"uv": [15, 11.5, 15.125, 11.75], "texture": "#0"},
				"south": {"uv": [11.75, 15, 11.875, 15.25], "texture": "#0"},
				"west": {"uv": [15, 11.75, 15.125, 12], "texture": "#0"},
				"up": {"uv": [15.375, 9.375, 15.25, 9.25], "texture": "#0"},
				"down": {"uv": [9.625, 15.25, 9.5, 15.375], "texture": "#0"}
			}
		},
		{
			"from": [-3.5, 11, 4],
			"to": [-3, 12, 4.5],
			"faces": {
				"north": {"uv": [12, 15, 12.125, 15.25], "texture": "#0"},
				"east": {"uv": [15, 12, 15.125, 12.25], "texture": "#0"},
				"south": {"uv": [12.25, 15, 12.375, 15.25], "texture": "#0"},
				"west": {"uv": [15, 12.25, 15.125, 12.5], "texture": "#0"},
				"up": {"uv": [15.375, 9.625, 15.25, 9.5], "texture": "#0"},
				"down": {"uv": [9.875, 15.25, 9.75, 15.375], "texture": "#0"}
			}
		},
		{
			"from": [-2.5, 11, 4],
			"to": [-2, 12, 4.5],
			"faces": {
				"north": {"uv": [12.5, 15, 12.625, 15.25], "texture": "#0"},
				"east": {"uv": [15, 12.5, 15.125, 12.75], "texture": "#0"},
				"south": {"uv": [12.75, 15, 12.875, 15.25], "texture": "#0"},
				"west": {"uv": [15, 12.75, 15.125, 13], "texture": "#0"},
				"up": {"uv": [15.375, 9.875, 15.25, 9.75], "texture": "#0"},
				"down": {"uv": [10.125, 15.25, 10, 15.375], "texture": "#0"}
			}
		},
		{
			"from": [-1.5, 11, 4],
			"to": [-1, 12, 4.5],
			"faces": {
				"north": {"uv": [13, 15, 13.125, 15.25], "texture": "#0"},
				"east": {"uv": [15, 13, 15.125, 13.25], "texture": "#0"},
				"south": {"uv": [13.25, 15, 13.375, 15.25], "texture": "#0"},
				"west": {"uv": [15, 13.25, 15.125, 13.5], "texture": "#0"},
				"up": {"uv": [15.375, 10.125, 15.25, 10], "texture": "#0"},
				"down": {"uv": [10.375, 15.25, 10.25, 15.375], "texture": "#0"}
			}
		},
		{
			"from": [-0.5, 11, 4],
			"to": [0, 12, 4.5],
			"faces": {
				"north": {"uv": [13.5, 15, 13.625, 15.25], "texture": "#0"},
				"east": {"uv": [15, 13.5, 15.125, 13.75], "texture": "#0"},
				"south": {"uv": [13.75, 15, 13.875, 15.25], "texture": "#0"},
				"west": {"uv": [15, 13.75, 15.125, 14], "texture": "#0"},
				"up": {"uv": [15.375, 10.375, 15.25, 10.25], "texture": "#0"},
				"down": {"uv": [10.625, 15.25, 10.5, 15.375], "texture": "#0"}
			}
		},
		{
			"from": [-5, 13, 4],
			"to": [-4.5, 14, 4.5],
			"faces": {
				"north": {"uv": [14, 15, 14.125, 15.25], "texture": "#0"},
				"east": {"uv": [15, 14, 15.125, 14.25], "texture": "#0"},
				"south": {"uv": [14.25, 15, 14.375, 15.25], "texture": "#0"},
				"west": {"uv": [15, 14.25, 15.125, 14.5], "texture": "#0"},
				"up": {"uv": [15.375, 10.625, 15.25, 10.5], "texture": "#0"},
				"down": {"uv": [10.875, 15.25, 10.75, 15.375], "texture": "#0"}
			}
		},
		{
			"from": [-4, 13, 4],
			"to": [-3.5, 14, 4.5],
			"faces": {
				"north": {"uv": [14.5, 15, 14.625, 15.25], "texture": "#0"},
				"east": {"uv": [15, 14.5, 15.125, 14.75], "texture": "#0"},
				"south": {"uv": [14.75, 15, 14.875, 15.25], "texture": "#0"},
				"west": {"uv": [15, 14.75, 15.125, 15], "texture": "#0"},
				"up": {"uv": [15.375, 10.875, 15.25, 10.75], "texture": "#0"},
				"down": {"uv": [11.125, 15.25, 11, 15.375], "texture": "#0"}
			}
		},
		{
			"from": [-3, 13, 4],
			"to": [-2.5, 14, 4.5],
			"faces": {
				"north": {"uv": [15, 15, 15.125, 15.25], "texture": "#0"},
				"east": {"uv": [0, 15.25, 0.125, 15.5], "texture": "#0"},
				"south": {"uv": [15.25, 0, 15.375, 0.25], "texture": "#0"},
				"west": {"uv": [0.25, 15.25, 0.375, 15.5], "texture": "#0"},
				"up": {"uv": [15.375, 11.125, 15.25, 11], "texture": "#0"},
				"down": {"uv": [11.375, 15.25, 11.25, 15.375], "texture": "#0"}
			}
		},
		{
			"from": [-2, 13, 4],
			"to": [-1.5, 14, 4.5],
			"faces": {
				"north": {"uv": [15.25, 0.25, 15.375, 0.5], "texture": "#0"},
				"east": {"uv": [0.5, 15.25, 0.625, 15.5], "texture": "#0"},
				"south": {"uv": [15.25, 0.5, 15.375, 0.75], "texture": "#0"},
				"west": {"uv": [0.75, 15.25, 0.875, 15.5], "texture": "#0"},
				"up": {"uv": [15.375, 11.375, 15.25, 11.25], "texture": "#0"},
				"down": {"uv": [11.625, 15.25, 11.5, 15.375], "texture": "#0"}
			}
		},
		{
			"from": [-1, 13, 4],
			"to": [-0.5, 14, 4.5],
			"faces": {
				"north": {"uv": [15.25, 0.75, 15.375, 1], "texture": "#0"},
				"east": {"uv": [1, 15.25, 1.125, 15.5], "texture": "#0"},
				"south": {"uv": [15.25, 1, 15.375, 1.25], "texture": "#0"},
				"west": {"uv": [1.25, 15.25, 1.375, 15.5], "texture": "#0"},
				"up": {"uv": [15.375, 11.625, 15.25, 11.5], "texture": "#0"},
				"down": {"uv": [11.875, 15.25, 11.75, 15.375], "texture": "#0"}
			}
		},
		{
			"from": [-7, 10, 4],
			"to": [1, 11, 12],
			"faces": {
				"north": {"uv": [4.75, 10.5, 6.75, 10.75], "texture": "#0"},
				"east": {"uv": [10.5, 5.75, 12.5, 6], "texture": "#0"},
				"south": {"uv": [10.5, 6, 12.5, 6.25], "texture": "#0"},
				"west": {"uv": [10.5, 6.25, 12.5, 6.5], "texture": "#0"},
				"up": {"uv": [8, 2, 6, 0], "texture": "#0"},
				"down": {"uv": [4, 6, 2, 8], "texture": "#0"}
			}
		},
		{
			"from": [0, 11, 4],
			"to": [1, 14, 12],
			"faces": {
				"north": {"uv": [3.75, 13.25, 4, 14], "texture": "#0"},
				"east": {"uv": [8, 6.5, 10, 7.25], "texture": "#0"},
				"south": {"uv": [13.25, 3.75, 13.5, 4.5], "texture": "#0"},
				"west": {"uv": [8, 7.25, 10, 8], "texture": "#0"},
				"up": {"uv": [7, 12.5, 6.75, 10.5], "texture": "#0"},
				"down": {"uv": [7.25, 10.5, 7, 12.5], "texture": "#0"}
			}
		},
		{
			"from": [-7, 11, 4],
			"to": [-6, 14, 12],
			"faces": {
				"north": {"uv": [4, 13.25, 4.25, 14], "texture": "#0"},
				"east": {"uv": [8, 8, 10, 8.75], "texture": "#0"},
				"south": {"uv": [4.25, 13.25, 4.5, 14], "texture": "#0"},
				"west": {"uv": [4, 8.75, 6, 9.5], "texture": "#0"},
				"up": {"uv": [7.5, 12.5, 7.25, 10.5], "texture": "#0"},
				"down": {"uv": [7.75, 10.5, 7.5, 12.5], "texture": "#0"}
			}
		},
		{
			"from": [-6, 11, 12],
			"to": [0, 14, 12],
			"faces": {
				"north": {"uv": [9, 8.75, 10.5, 9.5], "texture": "#0"},
				"east": {"uv": [0, 0, 0, 0.75], "texture": "#0"},
				"south": {"uv": [3, 9.5, 4.5, 10.25], "texture": "#0"},
				"west": {"uv": [0, 0, 0, 0.75], "texture": "#0"},
				"up": {"uv": [1.5, 0, 0, 0], "texture": "#0"},
				"down": {"uv": [1.5, 0, 0, 0], "texture": "#0"}
			}
		},
		{
			"from": [1, 17, 6],
			"to": [2, 21, 7],
			"faces": {
				"north": {"uv": [12.5, 7, 12.75, 8], "texture": "#0"},
				"east": {"uv": [7.25, 12.5, 7.5, 13.5], "texture": "#0"},
				"south": {"uv": [7.5, 12.5, 7.75, 13.5], "texture": "#0"},
				"west": {"uv": [7.75, 12.5, 8, 13.5], "texture": "#0"},
				"up": {"uv": [14.75, 3, 14.5, 2.75], "texture": "#0"},
				"down": {"uv": [3.75, 14.5, 3.5, 14.75], "texture": "#0"}
			}
		},
		{
			"from": [-8, 17, 9],
			"to": [-7, 21, 10],
			"faces": {
				"north": {"uv": [8, 12.5, 8.25, 13.5], "texture": "#0"},
				"east": {"uv": [12.5, 8, 12.75, 9], "texture": "#0"},
				"south": {"uv": [12.5, 9, 12.75, 10], "texture": "#0"},
				"west": {"uv": [10, 12.5, 10.25, 13.5], "texture": "#0"},
				"up": {"uv": [4, 14.75, 3.75, 14.5], "texture": "#0"},
				"down": {"uv": [14.75, 4.5, 14.5, 4.75], "texture": "#0"}
			}
		},
		{
			"from": [-2, 17, 3],
			"to": [-1, 21, 4],
			"faces": {
				"north": {"uv": [12.5, 10, 12.75, 11], "texture": "#0"},
				"east": {"uv": [10.25, 12.5, 10.5, 13.5], "texture": "#0"},
				"south": {"uv": [10.5, 12.5, 10.75, 13.5], "texture": "#0"},
				"west": {"uv": [10.75, 12.5, 11, 13.5], "texture": "#0"},
				"up": {"uv": [14.75, 5, 14.5, 4.75], "texture": "#0"},
				"down": {"uv": [5.25, 14.5, 5, 14.75], "texture": "#0"}
			}
		},
		{
			"from": [-5, 17, 3],
			"to": [-4, 21, 4],
			"faces": {
				"north": {"uv": [12.5, 11, 12.75, 12], "texture": "#0"},
				"east": {"uv": [11.25, 12.5, 11.5, 13.5], "texture": "#0"},
				"south": {"uv": [11.5, 12.5, 11.75, 13.5], "texture": "#0"},
				"west": {"uv": [11.75, 12.5, 12, 13.5], "texture": "#0"},
				"up": {"uv": [14.75, 5.25, 14.5, 5], "texture": "#0"},
				"down": {"uv": [5.5, 14.5, 5.25, 14.75], "texture": "#0"}
			}
		},
		{
			"from": [-5, 17, 12],
			"to": [-4, 21, 13],
			"faces": {
				"north": {"uv": [12.5, 12, 12.75, 13], "texture": "#0"},
				"east": {"uv": [12.25, 12.5, 12.5, 13.5], "texture": "#0"},
				"south": {"uv": [12.75, 0, 13, 1], "texture": "#0"},
				"west": {"uv": [12.75, 1, 13, 2], "texture": "#0"},
				"up": {"uv": [5.75, 14.75, 5.5, 14.5], "texture": "#0"},
				"down": {"uv": [6, 14.5, 5.75, 14.75], "texture": "#0"}
			}
		},
		{
			"from": [-2, 17, 12],
			"to": [-1, 21, 13],
			"faces": {
				"north": {"uv": [12.75, 2, 13, 3], "texture": "#0"},
				"east": {"uv": [2.5, 12.75, 2.75, 13.75], "texture": "#0"},
				"south": {"uv": [2.75, 12.75, 3, 13.75], "texture": "#0"},
				"west": {"uv": [12.75, 3, 13, 4], "texture": "#0"},
				"up": {"uv": [14.75, 6.5, 14.5, 6.25], "texture": "#0"},
				"down": {"uv": [14.75, 6.5, 14.5, 6.75], "texture": "#0"}
			}
		},
		{
			"from": [-8, 17, 3],
			"to": [-7, 21, 4],
			"faces": {
				"north": {"uv": [12.75, 4, 13, 5], "texture": "#0"},
				"east": {"uv": [4.75, 12.75, 5, 13.75], "texture": "#0"},
				"south": {"uv": [5, 12.75, 5.25, 13.75], "texture": "#0"},
				"west": {"uv": [12.75, 5, 13, 6], "texture": "#0"},
				"up": {"uv": [14.75, 7, 14.5, 6.75], "texture": "#0"},
				"down": {"uv": [7.25, 14.5, 7, 14.75], "texture": "#0"}
			}
		},
		{
			"from": [-8, 17, 12],
			"to": [-7, 21, 13],
			"faces": {
				"north": {"uv": [5.25, 12.75, 5.5, 13.75], "texture": "#0"},
				"east": {"uv": [5.5, 12.75, 5.75, 13.75], "texture": "#0"},
				"south": {"uv": [5.75, 12.75, 6, 13.75], "texture": "#0"},
				"west": {"uv": [6, 12.75, 6.25, 13.75], "texture": "#0"},
				"up": {"uv": [14.75, 7.25, 14.5, 7], "texture": "#0"},
				"down": {"uv": [7.5, 14.5, 7.25, 14.75], "texture": "#0"}
			}
		},
		{
			"from": [-8, 17, 6],
			"to": [-7, 21, 7],
			"faces": {
				"north": {"uv": [12.75, 6, 13, 7], "texture": "#0"},
				"east": {"uv": [12.75, 7, 13, 8], "texture": "#0"},
				"south": {"uv": [12.75, 8, 13, 9], "texture": "#0"},
				"west": {"uv": [12.75, 9, 13, 10], "texture": "#0"},
				"up": {"uv": [14.75, 7.5, 14.5, 7.25], "texture": "#0"},
				"down": {"uv": [7.75, 14.5, 7.5, 14.75], "texture": "#0"}
			}
		},
		{
			"from": [1, 17, 12],
			"to": [2, 21, 13],
			"faces": {
				"north": {"uv": [12.75, 10, 13, 11], "texture": "#0"},
				"east": {"uv": [12.75, 11, 13, 12], "texture": "#0"},
				"south": {"uv": [12.75, 12, 13, 13], "texture": "#0"},
				"west": {"uv": [13, 0, 13.25, 1], "texture": "#0"},
				"up": {"uv": [14.75, 7.75, 14.5, 7.5], "texture": "#0"},
				"down": {"uv": [8, 14.5, 7.75, 14.75], "texture": "#0"}
			}
		},
		{
			"from": [1, 17, 9],
			"to": [2, 21, 10],
			"faces": {
				"north": {"uv": [13, 1, 13.25, 2], "texture": "#0"},
				"east": {"uv": [13, 2, 13.25, 3], "texture": "#0"},
				"south": {"uv": [13, 3, 13.25, 4], "texture": "#0"},
				"west": {"uv": [13, 4, 13.25, 5], "texture": "#0"},
				"up": {"uv": [14.75, 8, 14.5, 7.75], "texture": "#0"},
				"down": {"uv": [14.75, 8, 14.5, 8.25], "texture": "#0"}
			}
		},
		{
			"from": [1, 17, 3],
			"to": [2, 21, 4],
			"faces": {
				"north": {"uv": [13, 5, 13.25, 6], "texture": "#0"},
				"east": {"uv": [13, 6, 13.25, 7], "texture": "#0"},
				"south": {"uv": [13, 7, 13.25, 8], "texture": "#0"},
				"west": {"uv": [13, 8, 13.25, 9], "texture": "#0"},
				"up": {"uv": [8.5, 14.75, 8.25, 14.5], "texture": "#0"},
				"down": {"uv": [14.75, 8.25, 14.5, 8.5], "texture": "#0"}
			}
		},
		{
			"from": [-1, 15, 3.5],
			"to": [0, 17, 4],
			"faces": {
				"north": {"uv": [10.75, 13.5, 11, 14], "texture": "#0"},
				"east": {"uv": [8.5, 14.5, 8.625, 15], "texture": "#0"},
				"south": {"uv": [13.5, 12, 13.75, 12.5], "texture": "#0"},
				"west": {"uv": [14.5, 8.5, 14.625, 9], "texture": "#0"},
				"up": {"uv": [15.5, 1.375, 15.25, 1.25], "texture": "#0"},
				"down": {"uv": [1.75, 15.25, 1.5, 15.375], "texture": "#0"}
			}
		},
		{
			"from": [5, 13, 3.5],
			"to": [6, 15, 4],
			"faces": {
				"north": {"uv": [12.25, 13.5, 12.5, 14], "texture": "#0"},
				"east": {"uv": [8.75, 14.5, 8.875, 15], "texture": "#0"},
				"south": {"uv": [12.5, 13.5, 12.75, 14], "texture": "#0"},
				"west": {"uv": [9, 14.5, 9.125, 15], "texture": "#0"},
				"up": {"uv": [15.5, 1.625, 15.25, 1.5], "texture": "#0"},
				"down": {"uv": [2, 15.25, 1.75, 15.375], "texture": "#0"}
			}
		},
		{
			"from": [10, 13, 3.5],
			"to": [11, 15, 4],
			"faces": {
				"north": {"uv": [12.75, 13.5, 13, 14], "texture": "#0"},
				"east": {"uv": [9.25, 14.5, 9.375, 15], "texture": "#0"},
				"south": {"uv": [13, 13.5, 13.25, 14], "texture": "#0"},
				"west": {"uv": [14.5, 9.25, 14.625, 9.75], "texture": "#0"},
				"up": {"uv": [15.5, 1.875, 15.25, 1.75], "texture": "#0"},
				"down": {"uv": [2.25, 15.25, 2, 15.375], "texture": "#0"}
			}
		},
		{
			"from": [15, 17, -0.5],
			"to": [16, 19, 0],
			"faces": {
				"north": {"uv": [13.25, 13.5, 13.5, 14], "texture": "#0"},
				"east": {"uv": [9.5, 14.5, 9.625, 15], "texture": "#0"},
				"south": {"uv": [13.5, 13.5, 13.75, 14], "texture": "#0"},
				"west": {"uv": [14.5, 9.75, 14.625, 10.25], "texture": "#0"},
				"up": {"uv": [15.5, 2.125, 15.25, 2], "texture": "#0"},
				"down": {"uv": [2.5, 15.25, 2.25, 15.375], "texture": "#0"}
			}
		},
		{
			"from": [20, 17, -0.5],
			"to": [21, 19, 0],
			"faces": {
				"north": {"uv": [0, 13.75, 0.25, 14.25], "texture": "#0"},
				"east": {"uv": [10, 14.5, 10.125, 15], "texture": "#0"},
				"south": {"uv": [0.25, 13.75, 0.5, 14.25], "texture": "#0"},
				"west": {"uv": [10.25, 14.5, 10.375, 15], "texture": "#0"},
				"up": {"uv": [15.5, 2.375, 15.25, 2.25], "texture": "#0"},
				"down": {"uv": [2.75, 15.25, 2.5, 15.375], "texture": "#0"}
			}
		},
		{
			"from": [-6, 15, 3.5],
			"to": [-5, 17, 4],
			"faces": {
				"north": {"uv": [0.5, 13.75, 0.75, 14.25], "texture": "#0"},
				"east": {"uv": [14.5, 10.25, 14.625, 10.75], "texture": "#0"},
				"south": {"uv": [0.75, 13.75, 1, 14.25], "texture": "#0"},
				"west": {"uv": [10.5, 14.5, 10.625, 15], "texture": "#0"},
				"up": {"uv": [15.5, 2.625, 15.25, 2.5], "texture": "#0"},
				"down": {"uv": [3, 15.25, 2.75, 15.375], "texture": "#0"}
			}
		},
		{
			"from": [7, 1, 6],
			"to": [9, 8, 8],
			"faces": {
				"north": {"uv": [8.5, 9.5, 9, 11.25], "texture": "#0"},
				"east": {"uv": [9, 9.5, 9.5, 11.25], "texture": "#0"},
				"south": {"uv": [9.5, 9.5, 10, 11.25], "texture": "#0"},
				"west": {"uv": [0, 9.75, 0.5, 11.5], "texture": "#0"},
				"up": {"uv": [3.5, 9.5, 3, 9], "texture": "#0"},
				"down": {"uv": [4, 9, 3.5, 9.5], "texture": "#0"}
			}
		},
		{
			"from": [7, -4, 8],
			"to": [9, 3, 10],
			"faces": {
				"north": {"uv": [0.5, 9.75, 1, 11.5], "texture": "#0"},
				"east": {"uv": [1, 9.75, 1.5, 11.5], "texture": "#0"},
				"south": {"uv": [1.5, 9.75, 2, 11.5], "texture": "#0"},
				"west": {"uv": [2, 9.75, 2.5, 11.5], "texture": "#0"},
				"up": {"uv": [11.75, 8.25, 11.25, 7.75], "texture": "#0"},
				"down": {"uv": [12.25, 7.75, 11.75, 8.25], "texture": "#0"}
			}
		},
		{
			"from": [7, -7, 9],
			"to": [9, -3, 11],
			"faces": {
				"north": {"uv": [7.75, 10.5, 8.25, 11.5], "texture": "#0"},
				"east": {"uv": [10, 10.5, 10.5, 11.5], "texture": "#0"},
				"south": {"uv": [10.5, 10.5, 11, 11.5], "texture": "#0"},
				"west": {"uv": [10.75, 3.75, 11.25, 4.75], "texture": "#0"},
				"up": {"uv": [13.5, 9.5, 13, 9], "texture": "#0"},
				"down": {"uv": [13.5, 9.5, 13, 10], "texture": "#0"}
			}
		},
		{
			"from": [7, -10, 11],
			"to": [9, -6, 13],
			"faces": {
				"north": {"uv": [4.75, 10.75, 5.25, 11.75], "texture": "#0"},
				"east": {"uv": [10.75, 4.75, 11.25, 5.75], "texture": "#0"},
				"south": {"uv": [5.25, 10.75, 5.75, 11.75], "texture": "#0"},
				"west": {"uv": [5.75, 10.75, 6.25, 11.75], "texture": "#0"},
				"up": {"uv": [13.5, 10.5, 13, 10], "texture": "#0"},
				"down": {"uv": [13.5, 10.5, 13, 11], "texture": "#0"}
			}
		},
		{
			"from": [7, -11, 13],
			"to": [9, -9, 19],
			"faces": {
				"north": {"uv": [13, 11, 13.5, 11.5], "texture": "#0"},
				"east": {"uv": [10, 0, 11.5, 0.5], "texture": "#0"},
				"south": {"uv": [13, 11.5, 13.5, 12], "texture": "#0"},
				"west": {"uv": [10, 0.5, 11.5, 1], "texture": "#0"},
				"up": {"uv": [3, 11.25, 2.5, 9.75], "texture": "#0"},
				"down": {"uv": [10.5, 1, 10, 2.5], "texture": "#0"}
			}
		},
		{
			"from": [7, -13, 18],
			"to": [9, -11, 24],
			"faces": {
				"north": {"uv": [13, 12, 13.5, 12.5], "texture": "#0"},
				"east": {"uv": [10, 2.5, 11.5, 3], "texture": "#0"},
				"south": {"uv": [12.5, 13, 13, 13.5], "texture": "#0"},
				"west": {"uv": [10, 3, 11.5, 3.5], "texture": "#0"},
				"up": {"uv": [10.5, 5, 10, 3.5], "texture": "#0"},
				"down": {"uv": [10.5, 5, 10, 6.5], "texture": "#0"}
			}
		},
		{
			"from": [9, 4, 7],
			"to": [12, 5, 8],
			"rotation": {"angle": 0, "axis": "y", "origin": [16, 0, 0]},
			"faces": {
				"north": {"uv": [13.25, 4.5, 14, 4.75], "texture": "#0"},
				"east": {"uv": [10.75, 14.5, 11, 14.75], "texture": "#0"},
				"south": {"uv": [13.25, 4.75, 14, 5], "texture": "#0"},
				"west": {"uv": [14.5, 10.75, 14.75, 11], "texture": "#0"},
				"up": {"uv": [14, 5.25, 13.25, 5], "texture": "#0"},
				"down": {"uv": [14, 5.25, 13.25, 5.5], "texture": "#0"}
			}
		},
		{
			"from": [12, 4, 6],
			"to": [14, 5, 7],
			"rotation": {"angle": 0, "axis": "y", "origin": [16, 0, 0]},
			"faces": {
				"north": {"uv": [6.25, 13.25, 6.75, 13.5], "texture": "#0"},
				"east": {"uv": [11, 14.5, 11.25, 14.75], "texture": "#0"},
				"south": {"uv": [1, 13.75, 1.5, 14], "texture": "#0"},
				"west": {"uv": [14.5, 11, 14.75, 11.25], "texture": "#0"},
				"up": {"uv": [2, 14, 1.5, 13.75], "texture": "#0"},
				"down": {"uv": [3, 13.75, 2.5, 14], "texture": "#0"}
			}
		},
		{
			"from": [14, 4, 4],
			"to": [15, 5, 6],
			"rotation": {"angle": 0, "axis": "y", "origin": [16, 0, 0]},
			"faces": {
				"north": {"uv": [11.25, 14.5, 11.5, 14.75], "texture": "#0"},
				"east": {"uv": [4.75, 13.75, 5.25, 14], "texture": "#0"},
				"south": {"uv": [14.5, 11.25, 14.75, 11.5], "texture": "#0"},
				"west": {"uv": [5.25, 13.75, 5.75, 14], "texture": "#0"},
				"up": {"uv": [2.25, 14.25, 2, 13.75], "texture": "#0"},
				"down": {"uv": [6, 13.75, 5.75, 14.25], "texture": "#0"}
			}
		},
		{
			"from": [9, 1, 7],
			"to": [12, 2, 8],
			"rotation": {"angle": 0, "axis": "y", "origin": [16, 0, 0]},
			"faces": {
				"north": {"uv": [13.25, 5.5, 14, 5.75], "texture": "#0"},
				"east": {"uv": [11.5, 14.5, 11.75, 14.75], "texture": "#0"},
				"south": {"uv": [13.25, 5.75, 14, 6], "texture": "#0"},
				"west": {"uv": [14.5, 11.5, 14.75, 11.75], "texture": "#0"},
				"up": {"uv": [14, 6.25, 13.25, 6], "texture": "#0"},
				"down": {"uv": [14, 6.25, 13.25, 6.5], "texture": "#0"}
			}
		},
		{
			"from": [12, 1, 6],
			"to": [14, 2, 7],
			"rotation": {"angle": 0, "axis": "y", "origin": [16, 0, 0]},
			"faces": {
				"north": {"uv": [6, 13.75, 6.5, 14], "texture": "#0"},
				"east": {"uv": [11.75, 14.5, 12, 14.75], "texture": "#0"},
				"south": {"uv": [6.5, 13.75, 7, 14], "texture": "#0"},
				"west": {"uv": [14.5, 11.75, 14.75, 12], "texture": "#0"},
				"up": {"uv": [7.5, 14, 7, 13.75], "texture": "#0"},
				"down": {"uv": [8.75, 13.75, 8.25, 14], "texture": "#0"}
			}
		},
		{
			"from": [14, 1, 4],
			"to": [15, 2, 6],
			"rotation": {"angle": 0, "axis": "y", "origin": [16, 0, 0]},
			"faces": {
				"north": {"uv": [12, 14.5, 12.25, 14.75], "texture": "#0"},
				"east": {"uv": [8.75, 13.75, 9.25, 14], "texture": "#0"},
				"south": {"uv": [14.5, 12, 14.75, 12.25], "texture": "#0"},
				"west": {"uv": [9.25, 13.75, 9.75, 14], "texture": "#0"},
				"up": {"uv": [7.75, 14.25, 7.5, 13.75], "texture": "#0"},
				"down": {"uv": [10, 13.75, 9.75, 14.25], "texture": "#0"}
			}
		},
		{
			"from": [9, -2, 9],
			"to": [12, -1, 10],
			"rotation": {"angle": 0, "axis": "y", "origin": [16, 0, 0]},
			"faces": {
				"north": {"uv": [13.25, 6.5, 14, 6.75], "texture": "#0"},
				"east": {"uv": [12.25, 14.5, 12.5, 14.75], "texture": "#0"},
				"south": {"uv": [13.25, 6.75, 14, 7], "texture": "#0"},
				"west": {"uv": [14.5, 12.25, 14.75, 12.5], "texture": "#0"},
				"up": {"uv": [14, 7.25, 13.25, 7], "texture": "#0"},
				"down": {"uv": [14, 7.25, 13.25, 7.5], "texture": "#0"}
			}
		},
		{
			"from": [12, -2, 8],
			"to": [14, -1, 9],
			"rotation": {"angle": 0, "axis": "y", "origin": [16, 0, 0]},
			"faces": {
				"north": {"uv": [10, 13.75, 10.5, 14], "texture": "#0"},
				"east": {"uv": [12.5, 14.5, 12.75, 14.75], "texture": "#0"},
				"south": {"uv": [11, 13.75, 11.5, 14], "texture": "#0"},
				"west": {"uv": [14.5, 12.5, 14.75, 12.75], "texture": "#0"},
				"up": {"uv": [12, 14, 11.5, 13.75], "texture": "#0"},
				"down": {"uv": [14.25, 12, 13.75, 12.25], "texture": "#0"}
			}
		},
		{
			"from": [14, -2, 6],
			"to": [15, -1, 8],
			"rotation": {"angle": 0, "axis": "y", "origin": [16, 0, 0]},
			"faces": {
				"north": {"uv": [12.75, 14.5, 13, 14.75], "texture": "#0"},
				"east": {"uv": [13.75, 12.25, 14.25, 12.5], "texture": "#0"},
				"south": {"uv": [14.5, 12.75, 14.75, 13], "texture": "#0"},
				"west": {"uv": [13.75, 13.25, 14.25, 13.5], "texture": "#0"},
				"up": {"uv": [10.75, 14.25, 10.5, 13.75], "texture": "#0"},
				"down": {"uv": [12.25, 13.75, 12, 14.25], "texture": "#0"}
			}
		},
		{
			"from": [9, -5, 10],
			"to": [12, -4, 11],
			"rotation": {"angle": 0, "axis": "y", "origin": [16, 0, 0]},
			"faces": {
				"north": {"uv": [13.25, 7.5, 14, 7.75], "texture": "#0"},
				"east": {"uv": [13, 14.5, 13.25, 14.75], "texture": "#0"},
				"south": {"uv": [13.25, 7.75, 14, 8], "texture": "#0"},
				"west": {"uv": [14.5, 13, 14.75, 13.25], "texture": "#0"},
				"up": {"uv": [14, 8.25, 13.25, 8], "texture": "#0"},
				"down": {"uv": [14, 8.25, 13.25, 8.5], "texture": "#0"}
			}
		},
		{
			"from": [12, -5, 9],
			"to": [14, -4, 10],
			"rotation": {"angle": 0, "axis": "y", "origin": [16, 0, 0]},
			"faces": {
				"north": {"uv": [13.75, 13.5, 14.25, 13.75], "texture": "#0"},
				"east": {"uv": [13.25, 14.5, 13.5, 14.75], "texture": "#0"},
				"south": {"uv": [13.75, 13.75, 14.25, 14], "texture": "#0"},
				"west": {"uv": [14.5, 13.25, 14.75, 13.5], "texture": "#0"},
				"up": {"uv": [1.5, 14.25, 1, 14], "texture": "#0"},
				"down": {"uv": [2, 14, 1.5, 14.25], "texture": "#0"}
			}
		},
		{
			"from": [14, -5, 7],
			"to": [15, -4, 9],
			"rotation": {"angle": 0, "axis": "y", "origin": [16, 0, 0]},
			"faces": {
				"north": {"uv": [13.5, 14.5, 13.75, 14.75], "texture": "#0"},
				"east": {"uv": [2.5, 14, 3, 14.25], "texture": "#0"},
				"south": {"uv": [14.5, 13.5, 14.75, 13.75], "texture": "#0"},
				"west": {"uv": [3, 14, 3.5, 14.25], "texture": "#0"},
				"up": {"uv": [3.75, 14.5, 3.5, 14], "texture": "#0"},
				"down": {"uv": [4, 14, 3.75, 14.5], "texture": "#0"}
			}
		},
		{
			"from": [4, 4, 7],
			"to": [7, 5, 8],
			"faces": {
				"north": {"uv": [8.5, 13.25, 9.25, 13.5], "texture": "#0"},
				"east": {"uv": [13.75, 14.5, 14, 14.75], "texture": "#0"},
				"south": {"uv": [13.25, 8.5, 14, 8.75], "texture": "#0"},
				"west": {"uv": [14.5, 13.75, 14.75, 14], "texture": "#0"},
				"up": {"uv": [14, 9, 13.25, 8.75], "texture": "#0"},
				"down": {"uv": [10, 13.25, 9.25, 13.5], "texture": "#0"}
			}
		},
		{
			"from": [2, 4, 6],
			"to": [4, 5, 7],
			"faces": {
				"north": {"uv": [4, 14, 4.5, 14.25], "texture": "#0"},
				"east": {"uv": [14, 14.5, 14.25, 14.75], "texture": "#0"},
				"south": {"uv": [14, 4.5, 14.5, 4.75], "texture": "#0"},
				"west": {"uv": [14.5, 14, 14.75, 14.25], "texture": "#0"},
				"up": {"uv": [5.25, 14.25, 4.75, 14], "texture": "#0"},
				"down": {"uv": [14.5, 4.75, 14, 5], "texture": "#0"}
			}
		},
		{
			"from": [1, 4, 4],
			"to": [2, 5, 6],
			"faces": {
				"north": {"uv": [14.25, 14.5, 14.5, 14.75], "texture": "#0"},
				"east": {"uv": [14, 5, 14.5, 5.25], "texture": "#0"},
				"south": {"uv": [14.5, 14.25, 14.75, 14.5], "texture": "#0"},
				"west": {"uv": [5.25, 14, 5.75, 14.25], "texture": "#0"},
				"up": {"uv": [14.25, 5.75, 14, 5.25], "texture": "#0"},
				"down": {"uv": [14.25, 5.75, 14, 6.25], "texture": "#0"}
			}
		},
		{
			"from": [4, 1, 7],
			"to": [7, 2, 8],
			"faces": {
				"north": {"uv": [13, 13.25, 13.75, 13.5], "texture": "#0"},
				"east": {"uv": [14.5, 14.5, 14.75, 14.75], "texture": "#0"},
				"south": {"uv": [0, 13.5, 0.75, 13.75], "texture": "#0"},
				"west": {"uv": [0, 14.75, 0.25, 15], "texture": "#0"},
				"up": {"uv": [1.5, 13.75, 0.75, 13.5], "texture": "#0"},
				"down": {"uv": [2.25, 13.5, 1.5, 13.75], "texture": "#0"}
			}
		},
		{
			"from": [2, 1, 6],
			"to": [4, 2, 7],
			"faces": {
				"north": {"uv": [6, 14, 6.5, 14.25], "texture": "#0"},
				"east": {"uv": [14.75, 0, 15, 0.25], "texture": "#0"},
				"south": {"uv": [14, 6.25, 14.5, 6.5], "texture": "#0"},
				"west": {"uv": [0.25, 14.75, 0.5, 15], "texture": "#0"},
				"up": {"uv": [7, 14.25, 6.5, 14], "texture": "#0"},
				"down": {"uv": [14.5, 6.5, 14, 6.75], "texture": "#0"}
			}
		},
		{
			"from": [1, 1, 4],
			"to": [2, 2, 6],
			"faces": {
				"north": {"uv": [14.75, 0.25, 15, 0.5], "texture": "#0"},
				"east": {"uv": [14, 6.75, 14.5, 7], "texture": "#0"},
				"south": {"uv": [0.5, 14.75, 0.75, 15], "texture": "#0"},
				"west": {"uv": [7, 14, 7.5, 14.25], "texture": "#0"},
				"up": {"uv": [14.25, 7.5, 14, 7], "texture": "#0"},
				"down": {"uv": [14.25, 7.5, 14, 8], "texture": "#0"}
			}
		},
		{
			"from": [4, -2, 9],
			"to": [7, -1, 10],
			"faces": {
				"north": {"uv": [13.5, 3, 14.25, 3.25], "texture": "#0"},
				"east": {"uv": [14.75, 0.5, 15, 0.75], "texture": "#0"},
				"south": {"uv": [13.5, 3.25, 14.25, 3.5], "texture": "#0"},
				"west": {"uv": [0.75, 14.75, 1, 15], "texture": "#0"},
				"up": {"uv": [14.25, 3.75, 13.5, 3.5], "texture": "#0"},
				"down": {"uv": [14.25, 3.75, 13.5, 4], "texture": "#0"}
			}
		},
		{
			"from": [2, -2, 8],
			"to": [4, -1, 9],
			"faces": {
				"north": {"uv": [14, 8, 14.5, 8.25], "texture": "#0"},
				"east": {"uv": [14.75, 0.75, 15, 1], "texture": "#0"},
				"south": {"uv": [8.25, 14, 8.75, 14.25], "texture": "#0"},
				"west": {"uv": [1, 14.75, 1.25, 15], "texture": "#0"},
				"up": {"uv": [14.5, 8.5, 14, 8.25], "texture": "#0"},
				"down": {"uv": [14.5, 8.5, 14, 8.75], "texture": "#0"}
			}
		},
		{
			"from": [1, -2, 6],
			"to": [2, -1, 8],
			"faces": {
				"north": {"uv": [14.75, 1, 15, 1.25], "texture": "#0"},
				"east": {"uv": [8.75, 14, 9.25, 14.25], "texture": "#0"},
				"south": {"uv": [1.25, 14.75, 1.5, 15], "texture": "#0"},
				"west": {"uv": [14, 8.75, 14.5, 9], "texture": "#0"},
				"up": {"uv": [9.5, 14.5, 9.25, 14], "texture": "#0"},
				"down": {"uv": [9.75, 14, 9.5, 14.5], "texture": "#0"}
			}
		},
		{
			"from": [4, -5, 10],
			"to": [7, -4, 11],
			"faces": {
				"north": {"uv": [13.5, 4, 14.25, 4.25], "texture": "#0"},
				"east": {"uv": [14.75, 1.25, 15, 1.5], "texture": "#0"},
				"south": {"uv": [13.5, 4.25, 14.25, 4.5], "texture": "#0"},
				"west": {"uv": [1.5, 14.75, 1.75, 15], "texture": "#0"},
				"up": {"uv": [7, 13.75, 6.25, 13.5], "texture": "#0"},
				"down": {"uv": [7.75, 13.5, 7, 13.75], "texture": "#0"}
			}
		},
		{
			"from": [2, -5, 9],
			"to": [4, -4, 10],
			"faces": {
				"north": {"uv": [10, 14, 10.5, 14.25], "texture": "#0"},
				"east": {"uv": [14.75, 1.5, 15, 1.75], "texture": "#0"},
				"south": {"uv": [10.75, 14, 11.25, 14.25], "texture": "#0"},
				"west": {"uv": [1.75, 14.75, 2, 15], "texture": "#0"},
				"up": {"uv": [11.75, 14.25, 11.25, 14], "texture": "#0"},
				"down": {"uv": [12.75, 14, 12.25, 14.25], "texture": "#0"}
			}
		},
		{
			"from": [1, -5, 7],
			"to": [2, -4, 9],
			"faces": {
				"north": {"uv": [2, 14.75, 2.25, 15], "texture": "#0"},
				"east": {"uv": [14, 12.5, 14.5, 12.75], "texture": "#0"},
				"south": {"uv": [14.75, 2, 15, 2.25], "texture": "#0"},
				"west": {"uv": [12.75, 14, 13.25, 14.25], "texture": "#0"},
				"up": {"uv": [12, 14.5, 11.75, 14], "texture": "#0"},
				"down": {"uv": [14.25, 12.75, 14, 13.25], "texture": "#0"}
			}
		},
		{
			"from": [-3, 8, 7],
			"to": [-1, 9, 8],
			"faces": {
				"north": {"uv": [13.25, 14, 13.75, 14.25], "texture": "#0"},
				"east": {"uv": [2.25, 14.75, 2.5, 15], "texture": "#0"},
				"south": {"uv": [13.75, 14, 14.25, 14.25], "texture": "#0"},
				"west": {"uv": [14.75, 2.25, 15, 2.5], "texture": "#0"},
				"up": {"uv": [0.5, 14.5, 0, 14.25], "texture": "#0"},
				"down": {"uv": [14.75, 0, 14.25, 0.25], "texture": "#0"}
			}
		},
		{
			"from": [-5, 9, 6],
			"to": [-1, 10, 10],
			"faces": {
				"north": {"uv": [11.25, 5.5, 12.25, 5.75], "texture": "#0"},
				"east": {"uv": [13, 12.5, 14, 12.75], "texture": "#0"},
				"south": {"uv": [13, 12.75, 14, 13], "texture": "#0"},
				"west": {"uv": [13, 13, 14, 13.25], "texture": "#0"},
				"up": {"uv": [5.5, 10.5, 4.5, 9.5], "texture": "#0"},
				"down": {"uv": [6.5, 9.5, 5.5, 10.5], "texture": "#0"}
			}
		},
		{
			"from": [2, 6, 7],
			"to": [7, 7, 8],
			"faces": {
				"north": {"uv": [10.75, 10, 12, 10.25], "texture": "#0"},
				"east": {"uv": [2.5, 14.75, 2.75, 15], "texture": "#0"},
				"south": {"uv": [11.25, 3.75, 12.5, 4], "texture": "#0"},
				"west": {"uv": [14.75, 2.5, 15, 2.75], "texture": "#0"},
				"up": {"uv": [12.5, 4.25, 11.25, 4], "texture": "#0"},
				"down": {"uv": [12.5, 4.25, 11.25, 4.5], "texture": "#0"}
			}
		},
		{
			"from": [-1, 7, 7],
			"to": [2, 8, 8],
			"faces": {
				"north": {"uv": [8.5, 13.5, 9.25, 13.75], "texture": "#0"},
				"east": {"uv": [14.75, 2.75, 15, 3], "texture": "#0"},
				"south": {"uv": [13.5, 9, 14.25, 9.25], "texture": "#0"},
				"west": {"uv": [3.5, 14.75, 3.75, 15], "texture": "#0"},
				"up": {"uv": [10, 13.75, 9.25, 13.5], "texture": "#0"},
				"down": {"uv": [14.25, 9.25, 13.5, 9.5], "texture": "#0"}
			}
		},
		{
			"from": [9, 6, 7],
			"to": [10, 7, 8],
			"faces": {
				"north": {"uv": [3.75, 14.75, 4, 15], "texture": "#0"},
				"east": {"uv": [14.75, 4.5, 15, 4.75], "texture": "#0"},
				"south": {"uv": [14.75, 4.75, 15, 5], "texture": "#0"},
				"west": {"uv": [5, 14.75, 5.25, 15], "texture": "#0"},
				"up": {"uv": [15, 5.25, 14.75, 5], "texture": "#0"},
				"down": {"uv": [5.5, 14.75, 5.25, 15], "texture": "#0"}
			}
		},
		{
			"from": [17, 10, 4],
			"to": [18, 12, 5],
			"faces": {
				"north": {"uv": [14.25, 0.25, 14.5, 0.75], "texture": "#0"},
				"east": {"uv": [0.5, 14.25, 0.75, 14.75], "texture": "#0"},
				"south": {"uv": [0.75, 14.25, 1, 14.75], "texture": "#0"},
				"west": {"uv": [14.25, 0.75, 14.5, 1.25], "texture": "#0"},
				"up": {"uv": [5.75, 15, 5.5, 14.75], "texture": "#0"},
				"down": {"uv": [6, 14.75, 5.75, 15], "texture": "#0"}
			}
		},
		{
			"from": [16, 11, 2],
			"to": [20, 12, 6],
			"faces": {
				"north": {"uv": [13.25, 0, 14.25, 0.25], "texture": "#0"},
				"east": {"uv": [13.25, 0.25, 14.25, 0.5], "texture": "#0"},
				"south": {"uv": [13.25, 0.5, 14.25, 0.75], "texture": "#0"},
				"west": {"uv": [13.25, 0.75, 14.25, 1], "texture": "#0"},
				"up": {"uv": [7.5, 10.5, 6.5, 9.5], "texture": "#0"},
				"down": {"uv": [8.5, 9.5, 7.5, 10.5], "texture": "#0"}
			}
		},
		{
			"from": [16, 8, 5],
			"to": [17, 10, 6],
			"faces": {
				"north": {"uv": [1, 14.25, 1.25, 14.75], "texture": "#0"},
				"east": {"uv": [1.25, 14.25, 1.5, 14.75], "texture": "#0"},
				"south": {"uv": [14.25, 1.25, 14.5, 1.75], "texture": "#0"},
				"west": {"uv": [1.5, 14.25, 1.75, 14.75], "texture": "#0"},
				"up": {"uv": [15, 6.5, 14.75, 6.25], "texture": "#0"},
				"down": {"uv": [15, 6.5, 14.75, 6.75], "texture": "#0"}
			}
		},
		{
			"from": [13, 7, 6],
			"to": [16, 8, 7],
			"faces": {
				"north": {"uv": [13.5, 9.5, 14.25, 9.75], "texture": "#0"},
				"east": {"uv": [14.75, 6.75, 15, 7], "texture": "#0"},
				"south": {"uv": [13.5, 9.75, 14.25, 10], "texture": "#0"},
				"west": {"uv": [7, 14.75, 7.25, 15], "texture": "#0"},
				"up": {"uv": [10.75, 13.75, 10, 13.5], "texture": "#0"},
				"down": {"uv": [14.25, 10, 13.5, 10.25], "texture": "#0"}
			}
		},
		{
			"from": [10, 6, 6],
			"to": [13, 7, 7],
			"faces": {
				"north": {"uv": [13.5, 10.25, 14.25, 10.5], "texture": "#0"},
				"east": {"uv": [14.75, 7, 15, 7.25], "texture": "#0"},
				"south": {"uv": [13.5, 10.5, 14.25, 10.75], "texture": "#0"},
				"west": {"uv": [7.25, 14.75, 7.5, 15], "texture": "#0"},
				"up": {"uv": [14.25, 11, 13.5, 10.75], "texture": "#0"},
				"down": {"uv": [14.25, 11, 13.5, 11.25], "texture": "#0"}
			}
		},
		{
			"from": [21, 2, 0],
			"to": [22, 3, 6],
			"rotation": {"angle": 0, "axis": "y", "origin": [16, 0, 0]},
			"faces": {
				"north": {"uv": [14.75, 7.25, 15, 7.5], "texture": "#0"},
				"east": {"uv": [10.5, 8.75, 12, 9], "texture": "#0"},
				"south": {"uv": [7.5, 14.75, 7.75, 15], "texture": "#0"},
				"west": {"uv": [10.5, 9, 12, 9.25], "texture": "#0"},
				"up": {"uv": [8.5, 12, 8.25, 10.5], "texture": "#0"},
				"down": {"uv": [6.5, 10.75, 6.25, 12.25], "texture": "#0"}
			}
		},
		{
			"from": [17, 2, 6],
			"to": [21, 3, 7],
			"rotation": {"angle": 0, "axis": "y", "origin": [16, 0, 0]},
			"faces": {
				"north": {"uv": [13.25, 1, 14.25, 1.25], "texture": "#0"},
				"east": {"uv": [14.75, 7.5, 15, 7.75], "texture": "#0"},
				"south": {"uv": [13.25, 1.25, 14.25, 1.5], "texture": "#0"},
				"west": {"uv": [7.75, 14.75, 8, 15], "texture": "#0"},
				"up": {"uv": [14.25, 1.75, 13.25, 1.5], "texture": "#0"},
				"down": {"uv": [14.25, 1.75, 13.25, 2], "texture": "#0"}
			}
		},
		{
			"from": [22, 2, -5],
			"to": [23, 3, 1],
			"rotation": {"angle": 0, "axis": "y", "origin": [16, 0, 0]},
			"faces": {
				"north": {"uv": [14.75, 7.75, 15, 8], "texture": "#0"},
				"east": {"uv": [10.5, 9.25, 12, 9.5], "texture": "#0"},
				"south": {"uv": [14.75, 8, 15, 8.25], "texture": "#0"},
				"west": {"uv": [10.75, 6.5, 12.25, 6.75], "texture": "#0"},
				"up": {"uv": [6.75, 12.25, 6.5, 10.75], "texture": "#0"},
				"down": {"uv": [11, 6.75, 10.75, 8.25], "texture": "#0"}
			}
		},
		{
			"from": [21, 1, -6],
			"to": [24, 4, -5],
			"rotation": {"angle": 0, "axis": "y", "origin": [16, 0, 0]},
			"faces": {
				"north": {"uv": [10, 6.5, 10.75, 7.25], "texture": "#0"},
				"east": {"uv": [2.25, 13.5, 2.5, 14.25], "texture": "#0"},
				"south": {"uv": [10, 7.25, 10.75, 8], "texture": "#0"},
				"west": {"uv": [4.5, 13.5, 4.75, 14.25], "texture": "#0"},
				"up": {"uv": [12, 13.75, 11.25, 13.5], "texture": "#0"},
				"down": {"uv": [14.25, 11.25, 13.5, 11.5], "texture": "#0"}
			}
		},
		{
			"from": [21, 3, -10],
			"to": [21.5, 3.5, -6],
			"rotation": {"angle": 0, "axis": "y", "origin": [16, 0, 0]},
			"faces": {
				"north": {"uv": [15.25, 11.75, 15.375, 11.875], "texture": "#0"},
				"east": {"uv": [1.75, 14.25, 2.75, 14.375], "texture": "#0"},
				"south": {"uv": [12, 15.25, 12.125, 15.375], "texture": "#0"},
				"west": {"uv": [14.25, 1.75, 15.25, 1.875], "texture": "#0"},
				"up": {"uv": [14.375, 3, 14.25, 2], "texture": "#0"},
				"down": {"uv": [2.875, 14.25, 2.75, 15.25], "texture": "#0"}
			}
		},
		{
			"from": [23, 4, -10],
			"to": [23.5, 4.5, -6],
			"rotation": {"angle": 0, "axis": "y", "origin": [16, 0, 0]},
			"faces": {
				"north": {"uv": [15.25, 12, 15.375, 12.125], "texture": "#0"},
				"east": {"uv": [14.25, 3, 15.25, 3.125], "texture": "#0"},
				"south": {"uv": [12.25, 15.25, 12.375, 15.375], "texture": "#0"},
				"west": {"uv": [14.25, 3.25, 15.25, 3.375], "texture": "#0"},
				"up": {"uv": [3.125, 15.25, 3, 14.25], "texture": "#0"},
				"down": {"uv": [3.375, 14.25, 3.25, 15.25], "texture": "#0"}
			}
		},
		{
			"from": [24, 3, -10],
			"to": [24.5, 3.5, -6],
			"rotation": {"angle": 0, "axis": "y", "origin": [16, 0, 0]},
			"faces": {
				"north": {"uv": [15.25, 12.25, 15.375, 12.375], "texture": "#0"},
				"east": {"uv": [14.25, 3.5, 15.25, 3.625], "texture": "#0"},
				"south": {"uv": [12.5, 15.25, 12.625, 15.375], "texture": "#0"},
				"west": {"uv": [14.25, 3.75, 15.25, 3.875], "texture": "#0"},
				"up": {"uv": [4.125, 15.25, 4, 14.25], "texture": "#0"},
				"down": {"uv": [4.375, 14.25, 4.25, 15.25], "texture": "#0"}
			}
		},
		{
			"from": [24, 1, -10],
			"to": [24.5, 1.5, -6],
			"rotation": {"angle": 0, "axis": "y", "origin": [16, 0, 0]},
			"faces": {
				"north": {"uv": [15.25, 12.5, 15.375, 12.625], "texture": "#0"},
				"east": {"uv": [14.25, 4, 15.25, 4.125], "texture": "#0"},
				"south": {"uv": [12.75, 15.25, 12.875, 15.375], "texture": "#0"},
				"west": {"uv": [14.25, 4.25, 15.25, 4.375], "texture": "#0"},
				"up": {"uv": [4.625, 15.25, 4.5, 14.25], "texture": "#0"},
				"down": {"uv": [4.875, 14.25, 4.75, 15.25], "texture": "#0"}
			}
		},
		{
			"from": [-6, 2, 0],
			"to": [-5, 3, 6],
			"faces": {
				"north": {"uv": [8.25, 14.75, 8.5, 15], "texture": "#0"},
				"east": {"uv": [10.75, 8.25, 12.25, 8.5], "texture": "#0"},
				"south": {"uv": [14.75, 8.25, 15, 8.5], "texture": "#0"},
				"west": {"uv": [10.75, 8.5, 12.25, 8.75], "texture": "#0"},
				"up": {"uv": [11.25, 8.25, 11, 6.75], "texture": "#0"},
				"down": {"uv": [11.25, 10.5, 11, 12], "texture": "#0"}
			}
		},
		{
			"from": [-5, 2, 6],
			"to": [-1, 3, 7],
			"faces": {
				"north": {"uv": [13.25, 2, 14.25, 2.25], "texture": "#0"},
				"east": {"uv": [14.75, 8.5, 15, 8.75], "texture": "#0"},
				"south": {"uv": [13.25, 2.25, 14.25, 2.5], "texture": "#0"},
				"west": {"uv": [14.75, 8.75, 15, 9], "texture": "#0"},
				"up": {"uv": [14.25, 2.75, 13.25, 2.5], "texture": "#0"},
				"down": {"uv": [14.25, 2.75, 13.25, 3], "texture": "#0"}
			}
		},
		{
			"from": [-7, 2, -5],
			"to": [-6, 3, 1],
			"faces": {
				"north": {"uv": [14.75, 9.25, 15, 9.5], "texture": "#0"},
				"east": {"uv": [10.75, 9.5, 12.25, 9.75], "texture": "#0"},
				"south": {"uv": [14.75, 9.5, 15, 9.75], "texture": "#0"},
				"west": {"uv": [10.75, 9.75, 12.25, 10], "texture": "#0"},
				"up": {"uv": [2.75, 12.75, 2.5, 11.25], "texture": "#0"},
				"down": {"uv": [3, 11.25, 2.75, 12.75], "texture": "#0"}
			}
		},
		{
			"from": [-8, 1, -6],
			"to": [-5, 4, -5],
			"faces": {
				"north": {"uv": [10, 8, 10.75, 8.75], "texture": "#0"},
				"east": {"uv": [7.75, 13.5, 8, 14.25], "texture": "#0"},
				"south": {"uv": [10, 9.5, 10.75, 10.25], "texture": "#0"},
				"west": {"uv": [8, 13.5, 8.25, 14.25], "texture": "#0"},
				"up": {"uv": [14.25, 11.75, 13.5, 11.5], "texture": "#0"},
				"down": {"uv": [14.25, 11.75, 13.5, 12], "texture": "#0"}
			}
		},
		{
			"from": [-5, 3, -10],
			"to": [-4.5, 3.5, -6],
			"faces": {
				"north": {"uv": [15.25, 12.75, 15.375, 12.875], "texture": "#0"},
				"east": {"uv": [5, 14.25, 6, 14.375], "texture": "#0"},
				"south": {"uv": [13, 15.25, 13.125, 15.375], "texture": "#0"},
				"west": {"uv": [14.25, 5.25, 15.25, 5.375], "texture": "#0"},
				"up": {"uv": [6.125, 15.25, 6, 14.25], "texture": "#0"},
				"down": {"uv": [6.375, 14.25, 6.25, 15.25], "texture": "#0"}
			}
		},
		{
			"from": [-7, 4, -10],
			"to": [-6.5, 4.5, -6],
			"faces": {
				"north": {"uv": [15.25, 13, 15.375, 13.125], "texture": "#0"},
				"east": {"uv": [14.25, 5.5, 15.25, 5.625], "texture": "#0"},
				"south": {"uv": [13.25, 15.25, 13.375, 15.375], "texture": "#0"},
				"west": {"uv": [14.25, 5.75, 15.25, 5.875], "texture": "#0"},
				"up": {"uv": [6.625, 15.25, 6.5, 14.25], "texture": "#0"},
				"down": {"uv": [6.875, 14.25, 6.75, 15.25], "texture": "#0"}
			}
		},
		{
			"from": [-8, 3, -10],
			"to": [-7.5, 3.5, -6],
			"faces": {
				"north": {"uv": [15.25, 13.25, 15.375, 13.375], "texture": "#0"},
				"east": {"uv": [14.25, 6, 15.25, 6.125], "texture": "#0"},
				"south": {"uv": [13.5, 15.25, 13.625, 15.375], "texture": "#0"},
				"west": {"uv": [7, 14.25, 8, 14.375], "texture": "#0"},
				"up": {"uv": [14.375, 8, 14.25, 7], "texture": "#0"},
				"down": {"uv": [8.125, 14.25, 8, 15.25], "texture": "#0"}
			}
		},
		{
			"from": [-8, 1, -10],
			"to": [-7.5, 1.5, -6],
			"faces": {
				"north": {"uv": [15.25, 13.5, 15.375, 13.625], "texture": "#0"},
				"east": {"uv": [8.25, 14.25, 9.25, 14.375], "texture": "#0"},
				"south": {"uv": [13.75, 15.25, 13.875, 15.375], "texture": "#0"},
				"west": {"uv": [14.25, 9, 15.25, 9.125], "texture": "#0"},
				"up": {"uv": [14.375, 10.25, 14.25, 9.25], "texture": "#0"},
				"down": {"uv": [9.875, 14.25, 9.75, 15.25], "texture": "#0"}
			}
		}
	],
	"display": {
		"head": {
			"rotation": [-8, 0, 0],
			"translation": [0, 4.25, -1.25],
			"scale": [4, 4, 4]
		}
	},
	"groups": [
		{
			"name": "effet",
			"origin": [8, 8, 8],
			"color": 0,
			"children": [0, 1]
		},
		{
			"name": "main",
			"origin": [8, 8, 8],
			"color": 0,
			"children": [
				{
					"name": "tetes",
					"origin": [8, 8, 8],
					"color": 0,
					"children": [
						{
							"name": "centre",
							"origin": [8, 8, 8],
							"color": 0,
							"children": [
								2,
								3,
								4,
								5,
								6,
								7,
								8,
								9,
								10,
								11,
								12,
								13,
								14,
								15,
								16,
								17,
								18,
								{
									"name": "couronne",
									"origin": [0, 0, 0],
									"color": 0,
									"children": [19, 20, 21, 22, 23, 24, 25, 26, 27, 28, 29, 30]
								}
							]
						},
						{
							"name": "droite",
							"origin": [8, 8, 8],
							"color": 0,
							"children": [
								31,
								32,
								33,
								34,
								35,
								36,
								37,
								38,
								39,
								40,
								41,
								42,
								43,
								44,
								45,
								46,
								47,
								{
									"name": "couronne",
									"origin": [0, 0, 0],
									"color": 0,
									"children": [48, 49, 50, 51, 52, 53, 54, 55, 56, 57, 58, 59]
								}
							]
						},
						{
							"name": "gauche",
							"origin": [8, 8, 8],
							"color": 0,
							"children": [
								60,
								61,
								62,
								63,
								64,
								65,
								66,
								67,
								68,
								69,
								70,
								71,
								72,
								73,
								74,
								75,
								76,
								{
									"name": "couronne",
									"origin": [0, 0, 0],
									"color": 0,
									"children": [77, 78, 79, 80, 81, 82, 83, 84, 85, 86, 87, 88]
								}
							]
						},
						{
							"name": "oeil",
							"origin": [8, 8, 8],
							"color": 0,
							"children": [89, 90, 91, 92, 93, 94]
						}
					]
				},
				{
					"name": "corps",
					"origin": [8, 8, 8],
					"color": 0,
					"children": [
						95,
						96,
						97,
						98,
						99,
						100,
						{
							"name": "cotes",
							"origin": [8, 8, 8],
							"color": 0,
							"children": [
								101,
								102,
								103,
								{
									"name": "cotes",
									"origin": [8, 8, 8],
									"color": 0,
									"children": [
										104,
										105,
										106,
										{
											"name": "cotes",
											"origin": [8, 8, 8],
											"color": 0,
											"children": [
												107,
												108,
												109,
												{
													"name": "cotes",
													"origin": [8, 8, 8],
													"color": 0,
													"children": [110, 111, 112]
												}
											]
										}
									]
								}
							]
						},
						{
							"name": "cotes",
							"origin": [8, 8, 8],
							"color": 0,
							"children": [
								113,
								114,
								115,
								{
									"name": "cotes",
									"origin": [8, 8, 8],
									"color": 0,
									"children": [
										116,
										117,
										118,
										{
											"name": "cotes",
											"origin": [8, 8, 8],
											"color": 0,
											"children": [
												119,
												120,
												121,
												{
													"name": "cotes",
													"origin": [8, 8, 8],
													"color": 0,
													"children": [122, 123, 124]
												}
											]
										}
									]
								}
							]
						},
						{
							"name": "coup",
							"origin": [8, 8, 8],
							"color": 0,
							"children": [
								125,
								126,
								127,
								128,
								{
									"name": "group",
									"origin": [8, 8, 8],
									"color": 0,
									"children": [129, 130, 131, 132, 133, 134]
								}
							]
						}
					]
				},
				{
					"name": "bras",
					"origin": [8, 8, 8],
					"color": 0,
					"children": [135, 136, 137, 138, 139, 140, 141, 142]
				},
				{
					"name": "bras",
					"origin": [8, 8, 8],
					"color": 0,
					"children": [143, 144, 145, 146, 147, 148, 149, 150]
				}
			]
		}
	]
}