{
	"credit": "Made with Blockbench",
	"texture_size": [64, 64],
	"textures": {
		"40": "block/crown"
	},
	"elements": [
		{
			"from": [7.25, 1.5, -1],
			"to": [8.75, 5.25, 0.5],
			"faces": {
				"north": {"uv": [0.75, 10.25, 1.125, 11.25], "texture": "#40"},
				"east": {"uv": [1.25, 10.25, 1.625, 11.25], "texture": "#40"},
				"south": {"uv": [1.75, 10.25, 2.125, 11.25], "texture": "#40"},
				"west": {"uv": [4.5, 10.25, 4.875, 11.25], "texture": "#40"},
				"up": {"uv": [8.375, 1.375, 8, 1], "texture": "#40"},
				"down": {"uv": [8.875, 3, 8.5, 3.375], "texture": "#40"}
			}
		},
		{
			"from": [4, 0.5, -1],
			"to": [5.5, 3.5, 0.5],
			"faces": {
				"north": {"uv": [10.5, 6, 10.875, 6.75], "texture": "#40"},
				"east": {"uv": [10.5, 6.75, 10.875, 7.5], "texture": "#40"},
				"south": {"uv": [10.5, 7.5, 10.875, 8.25], "texture": "#40"},
				"west": {"uv": [10.5, 8.25, 10.875, 9], "texture": "#40"},
				"up": {"uv": [7.625, 12.125, 7.25, 11.75], "texture": "#40"},
				"down": {"uv": [8.125, 11.75, 7.75, 12.125], "texture": "#40"}
			}
		},
		{
			"from": [0, 0.5, -1],
			"to": [1.5, 3.5, 0.5],
			"faces": {
				"north": {"uv": [10.5, 9, 10.875, 9.75], "texture": "#40"},
				"east": {"uv": [9.75, 10.5, 10.125, 11.25], "texture": "#40"},
				"south": {"uv": [10.5, 9.75, 10.875, 10.5], "texture": "#40"},
				"west": {"uv": [10.25, 10.5, 10.625, 11.25], "texture": "#40"},
				"up": {"uv": [8.625, 12.125, 8.25, 11.75], "texture": "#40"},
				"down": {"uv": [12.125, 10.5, 11.75, 10.875], "texture": "#40"}
			}
		},
		{
			"from": [10.75, 0.5, -1],
			"to": [12.25, 3.5, 0.5],
			"faces": {
				"north": {"uv": [10.75, 0, 11.125, 0.75], "texture": "#40"},
				"east": {"uv": [10.75, 0.75, 11.125, 1.5], "texture": "#40"},
				"south": {"uv": [10.75, 1.5, 11.125, 2.25], "texture": "#40"},
				"west": {"uv": [2.25, 10.75, 2.625, 11.5], "texture": "#40"},
				"up": {"uv": [0.875, 12.375, 0.5, 12], "texture": "#40"},
				"down": {"uv": [1.375, 12, 1, 12.375], "texture": "#40"}
			}
		},
		{
			"from": [14.5, 0.5, -1],
			"to": [16, 3.5, 0.5],
			"faces": {
				"north": {"uv": [10.75, 2.25, 11.125, 3], "texture": "#40"},
				"east": {"uv": [2.75, 10.75, 3.125, 11.5], "texture": "#40"},
				"south": {"uv": [3.25, 10.75, 3.625, 11.5], "texture": "#40"},
				"west": {"uv": [3.75, 10.75, 4.125, 11.5], "texture": "#40"},
				"up": {"uv": [1.875, 12.375, 1.5, 12], "texture": "#40"},
				"down": {"uv": [12.375, 3, 12, 3.375], "texture": "#40"}
			}
		},
		{
			"from": [15.5, 0.5, 0.25],
			"to": [17, 3.5, 1.75],
			"faces": {
				"north": {"uv": [5, 10.75, 5.375, 11.5], "texture": "#40"},
				"east": {"uv": [5.5, 10.75, 5.875, 11.5], "texture": "#40"},
				"south": {"uv": [6, 10.75, 6.375, 11.5], "texture": "#40"},
				"west": {"uv": [6.5, 10.75, 6.875, 11.5], "texture": "#40"},
				"up": {"uv": [12.375, 3.875, 12, 3.5], "texture": "#40"},
				"down": {"uv": [4.375, 12, 4, 12.375], "texture": "#40"}
			}
		},
		{
			"from": [15.5, 0.5, 4],
			"to": [17, 3.5, 5.5],
			"faces": {
				"north": {"uv": [7, 10.75, 7.375, 11.5], "texture": "#40"},
				"east": {"uv": [9, 10.75, 9.375, 11.5], "texture": "#40"},
				"south": {"uv": [10.75, 10.5, 11.125, 11.25], "texture": "#40"},
				"west": {"uv": [0, 11, 0.375, 11.75], "texture": "#40"},
				"up": {"uv": [12.375, 4.375, 12, 4], "texture": "#40"},
				"down": {"uv": [12.375, 4.5, 12, 4.875], "texture": "#40"}
			}
		},
		{
			"from": [15.5, 0.5, 7.25],
			"to": [17, 3.5, 8.75],
			"faces": {
				"north": {"uv": [11, 3, 11.375, 3.75], "texture": "#40"},
				"east": {"uv": [11, 3.75, 11.375, 4.5], "texture": "#40"},
				"south": {"uv": [11, 4.5, 11.375, 5.25], "texture": "#40"},
				"west": {"uv": [11, 5.25, 11.375, 6], "texture": "#40"},
				"up": {"uv": [12.375, 5.375, 12, 5], "texture": "#40"},
				"down": {"uv": [12.375, 5.5, 12, 5.875], "texture": "#40"}
			}
		},
		{
			"from": [15.5, 0.5, 10.5],
			"to": [17, 3.5, 12],
			"faces": {
				"north": {"uv": [11, 6, 11.375, 6.75], "texture": "#40"},
				"east": {"uv": [11, 6.75, 11.375, 7.5], "texture": "#40"},
				"south": {"uv": [7.5, 11, 7.875, 11.75], "texture": "#40"},
				"west": {"uv": [11, 7.5, 11.375, 8.25], "texture": "#40"},
				"up": {"uv": [12.375, 6.375, 12, 6], "texture": "#40"},
				"down": {"uv": [12.375, 6.5, 12, 6.875], "texture": "#40"}
			}
		},
		{
			"from": [15.5, 0.5, 14.5],
			"to": [17, 3.5, 16],
			"faces": {
				"north": {"uv": [8, 11, 8.375, 11.75], "texture": "#40"},
				"east": {"uv": [11, 8.25, 11.375, 9], "texture": "#40"},
				"south": {"uv": [8.5, 11, 8.875, 11.75], "texture": "#40"},
				"west": {"uv": [11, 9, 11.375, 9.75], "texture": "#40"},
				"up": {"uv": [12.375, 7.375, 12, 7], "texture": "#40"},
				"down": {"uv": [12.375, 7.5, 12, 7.875], "texture": "#40"}
			}
		},
		{
			"from": [14.5, 0.5, 15.5],
			"to": [16, 3.5, 17],
			"faces": {
				"north": {"uv": [11, 9.75, 11.375, 10.5], "texture": "#40"},
				"east": {"uv": [11.25, 0, 11.625, 0.75], "texture": "#40"},
				"south": {"uv": [0.5, 11.25, 0.875, 12], "texture": "#40"},
				"west": {"uv": [11.25, 0.75, 11.625, 1.5], "texture": "#40"},
				"up": {"uv": [12.375, 8.375, 12, 8], "texture": "#40"},
				"down": {"uv": [12.375, 8.5, 12, 8.875], "texture": "#40"}
			}
		},
		{
			"from": [10.75, 0.5, 15.5],
			"to": [12.25, 3.5, 17],
			"faces": {
				"north": {"uv": [1, 11.25, 1.375, 12], "texture": "#40"},
				"east": {"uv": [1.5, 11.25, 1.875, 12], "texture": "#40"},
				"south": {"uv": [11.25, 1.5, 11.625, 2.25], "texture": "#40"},
				"west": {"uv": [11.25, 2.25, 11.625, 3], "texture": "#40"},
				"up": {"uv": [12.375, 9.375, 12, 9], "texture": "#40"},
				"down": {"uv": [9.875, 12, 9.5, 12.375], "texture": "#40"}
			}
		},
		{
			"from": [7.25, 0.5, 15.5],
			"to": [8.75, 3.5, 17],
			"faces": {
				"north": {"uv": [4.25, 11.25, 4.625, 12], "texture": "#40"},
				"east": {"uv": [9.5, 11.25, 9.875, 12], "texture": "#40"},
				"south": {"uv": [10, 11.25, 10.375, 12], "texture": "#40"},
				"west": {"uv": [10.5, 11.25, 10.875, 12], "texture": "#40"},
				"up": {"uv": [12.375, 9.875, 12, 9.5], "texture": "#40"},
				"down": {"uv": [10.375, 12, 10, 12.375], "texture": "#40"}
			}
		},
		{
			"from": [3.75, 0.5, 15.5],
			"to": [5.25, 3.5, 17],
			"faces": {
				"north": {"uv": [11.25, 10.5, 11.625, 11.25], "texture": "#40"},
				"east": {"uv": [11, 11.25, 11.375, 12], "texture": "#40"},
				"south": {"uv": [2, 11.5, 2.375, 12.25], "texture": "#40"},
				"west": {"uv": [2.5, 11.5, 2.875, 12.25], "texture": "#40"},
				"up": {"uv": [12.375, 10.375, 12, 10], "texture": "#40"},
				"down": {"uv": [10.875, 12, 10.5, 12.375], "texture": "#40"}
			}
		},
		{
			"from": [0, 0.5, 15.5],
			"to": [1.5, 3.5, 17],
			"faces": {
				"north": {"uv": [3, 11.5, 3.375, 12.25], "texture": "#40"},
				"east": {"uv": [11.5, 3, 11.875, 3.75], "texture": "#40"},
				"south": {"uv": [3.5, 11.5, 3.875, 12.25], "texture": "#40"},
				"west": {"uv": [11.5, 3.75, 11.875, 4.5], "texture": "#40"},
				"up": {"uv": [11.375, 12.375, 11, 12], "texture": "#40"},
				"down": {"uv": [12.375, 11, 12, 11.375], "texture": "#40"}
			}
		},
		{
			"from": [-1, 0.5, 14.5],
			"to": [0.5, 3.5, 16],
			"faces": {
				"north": {"uv": [11.5, 4.5, 11.875, 5.25], "texture": "#40"},
				"east": {"uv": [4.75, 11.5, 5.125, 12.25], "texture": "#40"},
				"south": {"uv": [5.25, 11.5, 5.625, 12.25], "texture": "#40"},
				"west": {"uv": [11.5, 5.25, 11.875, 6], "texture": "#40"},
				"up": {"uv": [11.875, 12.375, 11.5, 12], "texture": "#40"},
				"down": {"uv": [12.375, 11.5, 12, 11.875], "texture": "#40"}
			}
		},
		{
			"from": [-1, 0.5, 10.5],
			"to": [0.5, 3.5, 12],
			"faces": {
				"north": {"uv": [5.75, 11.5, 6.125, 12.25], "texture": "#40"},
				"east": {"uv": [11.5, 6, 11.875, 6.75], "texture": "#40"},
				"south": {"uv": [6.25, 11.5, 6.625, 12.25], "texture": "#40"},
				"west": {"uv": [6.75, 11.5, 7.125, 12.25], "texture": "#40"},
				"up": {"uv": [12.375, 12.375, 12, 12], "texture": "#40"},
				"down": {"uv": [12.625, 0, 12.25, 0.375], "texture": "#40"}
			}
		},
		{
			"from": [-1, 0.5, 7.25],
			"to": [0.5, 3.5, 8.75],
			"faces": {
				"north": {"uv": [11.5, 6.75, 11.875, 7.5], "texture": "#40"},
				"east": {"uv": [11.5, 7.5, 11.875, 8.25], "texture": "#40"},
				"south": {"uv": [11.5, 8.25, 11.875, 9], "texture": "#40"},
				"west": {"uv": [9, 11.5, 9.375, 12.25], "texture": "#40"},
				"up": {"uv": [12.625, 0.875, 12.25, 0.5], "texture": "#40"},
				"down": {"uv": [12.625, 1, 12.25, 1.375], "texture": "#40"}
			}
		},
		{
			"from": [-1, 0.5, 4],
			"to": [0.5, 3.5, 5.5],
			"faces": {
				"north": {"uv": [11.5, 9, 11.875, 9.75], "texture": "#40"},
				"east": {"uv": [11.5, 9.75, 11.875, 10.5], "texture": "#40"},
				"south": {"uv": [11.5, 11.25, 11.875, 12], "texture": "#40"},
				"west": {"uv": [0, 11.75, 0.375, 12.5], "texture": "#40"},
				"up": {"uv": [12.625, 1.875, 12.25, 1.5], "texture": "#40"},
				"down": {"uv": [2.375, 12.25, 2, 12.625], "texture": "#40"}
			}
		},
		{
			"from": [-1, 0.5, 0],
			"to": [0.5, 3.5, 1.5],
			"faces": {
				"north": {"uv": [11.75, 0, 12.125, 0.75], "texture": "#40"},
				"east": {"uv": [11.75, 0.75, 12.125, 1.5], "texture": "#40"},
				"south": {"uv": [11.75, 1.5, 12.125, 2.25], "texture": "#40"},
				"west": {"uv": [11.75, 2.25, 12.125, 3], "texture": "#40"},
				"up": {"uv": [12.625, 2.375, 12.25, 2], "texture": "#40"},
				"down": {"uv": [2.875, 12.25, 2.5, 12.625], "texture": "#40"}
			}
		},
		{
			"from": [-0.5, 1, 6.75],
			"to": [2, 5, 9.25],
			"faces": {
				"north": {"uv": [1.5, 7.25, 2.125, 8.25], "texture": "#40"},
				"east": {"uv": [2.25, 7.25, 2.875, 8.25], "texture": "#40"},
				"south": {"uv": [3, 7.25, 3.625, 8.25], "texture": "#40"},
				"west": {"uv": [5.25, 7.25, 5.875, 8.25], "texture": "#40"},
				"up": {"uv": [2.875, 9.875, 2.25, 9.25], "texture": "#40"},
				"down": {"uv": [3.625, 9.25, 3, 9.875], "texture": "#40"}
			}
		},
		{
			"from": [14, 1, 3.5],
			"to": [16.5, 5, 6],
			"faces": {
				"north": {"uv": [6, 7.25, 6.625, 8.25], "texture": "#40"},
				"east": {"uv": [6.75, 7.25, 7.375, 8.25], "texture": "#40"},
				"south": {"uv": [7.5, 3.5, 8.125, 4.5], "texture": "#40"},
				"west": {"uv": [4.5, 7.5, 5.125, 8.5], "texture": "#40"},
				"up": {"uv": [5.875, 9.875, 5.25, 9.25], "texture": "#40"},
				"down": {"uv": [6.625, 9.25, 6, 9.875], "texture": "#40"}
			}
		},
		{
			"from": [14, 1, 6.75],
			"to": [16.5, 5, 9.25],
			"faces": {
				"north": {"uv": [7.5, 4.5, 8.125, 5.5], "texture": "#40"},
				"east": {"uv": [7.5, 5.5, 8.125, 6.5], "texture": "#40"},
				"south": {"uv": [7.5, 6.5, 8.125, 7.5], "texture": "#40"},
				"west": {"uv": [7.5, 7.5, 8.125, 8.5], "texture": "#40"},
				"up": {"uv": [7.375, 9.875, 6.75, 9.25], "texture": "#40"},
				"down": {"uv": [0.625, 9.5, 0, 10.125], "texture": "#40"}
			}
		},
		{
			"from": [14, 1, 14],
			"to": [16.5, 6, 16.5],
			"faces": {
				"north": {"uv": [4.5, 5, 5.125, 6.25], "texture": "#40"},
				"east": {"uv": [5.25, 3.5, 5.875, 4.75], "texture": "#40"},
				"south": {"uv": [5.25, 4.75, 5.875, 6], "texture": "#40"},
				"west": {"uv": [3.75, 5.5, 4.375, 6.75], "texture": "#40"},
				"up": {"uv": [10.125, 0.625, 9.5, 0], "texture": "#40"},
				"down": {"uv": [1.375, 9.5, 0.75, 10.125], "texture": "#40"}
			}
		},
		{
			"from": [6.75, 1, 14],
			"to": [9.25, 5, 16.5],
			"faces": {
				"north": {"uv": [8, 0, 8.625, 1], "texture": "#40"},
				"east": {"uv": [3.75, 8, 4.375, 9], "texture": "#40"},
				"south": {"uv": [1.5, 8.25, 2.125, 9.25], "texture": "#40"},
				"west": {"uv": [2.25, 8.25, 2.875, 9.25], "texture": "#40"},
				"up": {"uv": [5.125, 10.125, 4.5, 9.5], "texture": "#40"},
				"down": {"uv": [8.125, 9.5, 7.5, 10.125], "texture": "#40"}
			}
		},
		{
			"from": [3.25, 1, 14],
			"to": [5.75, 5, 16.5],
			"faces": {
				"north": {"uv": [3, 8.25, 3.625, 9.25], "texture": "#40"},
				"east": {"uv": [8.25, 3.5, 8.875, 4.5], "texture": "#40"},
				"south": {"uv": [8.25, 4.5, 8.875, 5.5], "texture": "#40"},
				"west": {"uv": [5.25, 8.25, 5.875, 9.25], "texture": "#40"},
				"up": {"uv": [8.875, 10.125, 8.25, 9.5], "texture": "#40"},
				"down": {"uv": [10.375, 3, 9.75, 3.625], "texture": "#40"}
			}
		},
		{
			"from": [10.25, 1, 14],
			"to": [12.75, 5, 16.5],
			"faces": {
				"north": {"uv": [8.25, 5.5, 8.875, 6.5], "texture": "#40"},
				"east": {"uv": [6, 8.25, 6.625, 9.25], "texture": "#40"},
				"south": {"uv": [8.25, 6.5, 8.875, 7.5], "texture": "#40"},
				"west": {"uv": [6.75, 8.25, 7.375, 9.25], "texture": "#40"},
				"up": {"uv": [10.375, 4.375, 9.75, 3.75], "texture": "#40"},
				"down": {"uv": [10.375, 4.5, 9.75, 5.125], "texture": "#40"}
			}
		},
		{
			"from": [-0.5, 1, 3.5],
			"to": [2, 5, 6],
			"faces": {
				"north": {"uv": [8.25, 7.5, 8.875, 8.5], "texture": "#40"},
				"east": {"uv": [0, 8.5, 0.625, 9.5], "texture": "#40"},
				"south": {"uv": [0.75, 8.5, 1.375, 9.5], "texture": "#40"},
				"west": {"uv": [8.5, 1, 9.125, 2], "texture": "#40"},
				"up": {"uv": [10.375, 5.875, 9.75, 5.25], "texture": "#40"},
				"down": {"uv": [10.375, 6, 9.75, 6.625], "texture": "#40"}
			}
		},
		{
			"from": [-0.5, 1, 10],
			"to": [2, 5, 12.5],
			"faces": {
				"north": {"uv": [8.5, 2, 9.125, 3], "texture": "#40"},
				"east": {"uv": [4.5, 8.5, 5.125, 9.5], "texture": "#40"},
				"south": {"uv": [7.5, 8.5, 8.125, 9.5], "texture": "#40"},
				"west": {"uv": [8.25, 8.5, 8.875, 9.5], "texture": "#40"},
				"up": {"uv": [10.375, 7.375, 9.75, 6.75], "texture": "#40"},
				"down": {"uv": [10.375, 7.5, 9.75, 8.125], "texture": "#40"}
			}
		},
		{
			"from": [6.75, 1, -0.5],
			"to": [9.25, 7, 2],
			"faces": {
				"north": {"uv": [1.5, 4.5, 2.125, 6], "texture": "#40"},
				"east": {"uv": [2.25, 4.5, 2.875, 6], "texture": "#40"},
				"south": {"uv": [3, 4.5, 3.625, 6], "texture": "#40"},
				"west": {"uv": [4.5, 3.5, 5.125, 5], "texture": "#40"},
				"up": {"uv": [10.375, 8.875, 9.75, 8.25], "texture": "#40"},
				"down": {"uv": [10.375, 9, 9.75, 9.625], "texture": "#40"}
			}
		},
		{
			"from": [10.25, 1, -0.5],
			"to": [12.75, 5, 2],
			"faces": {
				"north": {"uv": [8.75, 0, 9.375, 1], "texture": "#40"},
				"east": {"uv": [9, 3, 9.625, 4], "texture": "#40"},
				"south": {"uv": [3.75, 9, 4.375, 10], "texture": "#40"},
				"west": {"uv": [9, 4, 9.625, 5], "texture": "#40"},
				"up": {"uv": [10.375, 10.375, 9.75, 9.75], "texture": "#40"},
				"down": {"uv": [10.625, 0.75, 10, 1.375], "texture": "#40"}
			}
		},
		{
			"from": [3.5, 1, -0.5],
			"to": [6, 5, 2],
			"faces": {
				"north": {"uv": [9, 5, 9.625, 6], "texture": "#40"},
				"east": {"uv": [9, 6, 9.625, 7], "texture": "#40"},
				"south": {"uv": [9, 7, 9.625, 8], "texture": "#40"},
				"west": {"uv": [9, 8, 9.625, 9], "texture": "#40"},
				"up": {"uv": [10.625, 2.125, 10, 1.5], "texture": "#40"},
				"down": {"uv": [2.875, 10, 2.25, 10.625], "texture": "#40"}
			}
		},
		{
			"from": [-0.5, 1, 14],
			"to": [2, 6, 16.5],
			"faces": {
				"north": {"uv": [1.5, 6, 2.125, 7.25], "texture": "#40"},
				"east": {"uv": [2.25, 6, 2.875, 7.25], "texture": "#40"},
				"south": {"uv": [3, 6, 3.625, 7.25], "texture": "#40"},
				"west": {"uv": [6, 3.5, 6.625, 4.75], "texture": "#40"},
				"up": {"uv": [10.625, 2.875, 10, 2.25], "texture": "#40"},
				"down": {"uv": [3.625, 10, 3, 10.625], "texture": "#40"}
			}
		},
		{
			"from": [14, 1, -0.5],
			"to": [16.5, 6, 2],
			"faces": {
				"north": {"uv": [6, 4.75, 6.625, 6], "texture": "#40"},
				"east": {"uv": [5.25, 6, 5.875, 7.25], "texture": "#40"},
				"south": {"uv": [6, 6, 6.625, 7.25], "texture": "#40"},
				"west": {"uv": [4.5, 6.25, 5.125, 7.5], "texture": "#40"},
				"up": {"uv": [4.375, 10.625, 3.75, 10], "texture": "#40"},
				"down": {"uv": [5.875, 10, 5.25, 10.625], "texture": "#40"}
			}
		},
		{
			"from": [-0.5, 1, -0.5],
			"to": [2, 6, 2],
			"faces": {
				"north": {"uv": [6.75, 3.5, 7.375, 4.75], "texture": "#40"},
				"east": {"uv": [3.75, 6.75, 4.375, 8], "texture": "#40"},
				"south": {"uv": [6.75, 4.75, 7.375, 6], "texture": "#40"},
				"west": {"uv": [6.75, 6, 7.375, 7.25], "texture": "#40"},
				"up": {"uv": [6.625, 10.625, 6, 10], "texture": "#40"},
				"down": {"uv": [7.375, 10, 6.75, 10.625], "texture": "#40"}
			}
		},
		{
			"from": [14, 0, 0],
			"to": [16, 3, 16],
			"faces": {
				"north": {"uv": [10.25, 0, 10.75, 0.75], "texture": "#40"},
				"east": {"uv": [0, 0, 4, 0.75], "texture": "#40"},
				"south": {"uv": [7.5, 10.25, 8, 11], "texture": "#40"},
				"west": {"uv": [0, 0.75, 4, 1.5], "texture": "#40"},
				"up": {"uv": [4.5, 5.5, 4, 1.5], "texture": "#40"},
				"down": {"uv": [0.5, 4.5, 0, 8.5], "texture": "#40"}
			}
		},
		{
			"from": [0, 0, 14],
			"to": [16, 3, 16],
			"faces": {
				"north": {"uv": [0, 1.5, 4, 2.25], "texture": "#40"},
				"east": {"uv": [8, 10.25, 8.5, 11], "texture": "#40"},
				"south": {"uv": [0, 2.25, 4, 3], "texture": "#40"},
				"west": {"uv": [8.5, 10.25, 9, 11], "texture": "#40"},
				"up": {"uv": [8.5, 2, 4.5, 1.5], "texture": "#40"},
				"down": {"uv": [8.5, 2, 4.5, 2.5], "texture": "#40"}
			}
		},
		{
			"from": [0, 0, 0],
			"to": [2, 3, 16],
			"faces": {
				"north": {"uv": [10.5, 3, 11, 3.75], "texture": "#40"},
				"east": {"uv": [0, 3, 4, 3.75], "texture": "#40"},
				"south": {"uv": [10.5, 3.75, 11, 4.5], "texture": "#40"},
				"west": {"uv": [0, 3.75, 4, 4.5], "texture": "#40"},
				"up": {"uv": [1, 8.5, 0.5, 4.5], "texture": "#40"},
				"down": {"uv": [1.5, 4.5, 1, 8.5], "texture": "#40"}
			}
		},
		{
			"from": [0, 0, 0],
			"to": [16, 3, 2],
			"faces": {
				"north": {"uv": [4, 0, 8, 0.75], "texture": "#40"},
				"east": {"uv": [10.5, 4.5, 11, 5.25], "texture": "#40"},
				"south": {"uv": [4, 0.75, 8, 1.5], "texture": "#40"},
				"west": {"uv": [10.5, 5.25, 11, 6], "texture": "#40"},
				"up": {"uv": [8.5, 3, 4.5, 2.5], "texture": "#40"},
				"down": {"uv": [8.5, 3, 4.5, 3.5], "texture": "#40"}
			}
		},
		{
			"from": [14, 1, 10],
			"to": [16.5, 5, 12.5],
			"faces": {
				"north": {"uv": [9, 9, 9.625, 10], "texture": "#40"},
				"east": {"uv": [9.25, 1, 9.875, 2], "texture": "#40"},
				"south": {"uv": [1.5, 9.25, 2.125, 10.25], "texture": "#40"},
				"west": {"uv": [9.25, 2, 9.875, 3], "texture": "#40"},
				"up": {"uv": [9.625, 10.625, 9, 10], "texture": "#40"},
				"down": {"uv": [0.625, 10.25, 0, 10.875], "texture": "#40"}
			}
		}
	],
	"display": {
		"head": {
			"translation": [0, 10.25, 0]
		}
	},
	"groups": [
		{
			"name": "crown",
			"origin": [8, 8, 8],
			"color": 0,
			"children": [
				{
					"name": "gem",
					"origin": [8, 8, 8],
					"color": 0,
					"children": [0, 1, 2, 3, 4, 5, 6, 7, 8, 9, 10, 11, 12, 13, 14, 15, 16, 17, 18, 19]
				},
				{
					"name": "crown",
					"origin": [0, 0, 0],
					"color": 0,
					"children": [20, 21, 22, 23, 24, 25, 26, 27, 28, 29, 30, 31, 32, 33, 34, 35, 36, 37, 38, 39]
				}
			]
		}
	]
}