{
	"credit": "Made with Blockbench",
	"texture_size": [64, 64],
	"textures": {
		"0": "block/kia_hat",
		"particle": "block/kia_hat"
	},
	"elements": [
		{
			"from": [13, 7, 4],
			"to": [13, 11, 13],
			"faces": {
				"north": {"uv": [5.75, 0, 8, 1], "texture": "#0"},
				"east": {"uv": [5.75, 0, 8, 1], "texture": "#0"},
				"south": {"uv": [5.75, 0, 8, 1], "texture": "#0"},
				"west": {"uv": [8, 0, 5.75, 1], "texture": "#0"},
				"up": {"uv": [5.75, 0, 8, 1], "texture": "#0"},
				"down": {"uv": [5.75, 0, 8, 1], "texture": "#0"}
			}
		},
		{
			"from": [13.25, 7.5, 3.75],
			"to": [13.25, 11.5, 13.25],
			"faces": {
				"north": {"uv": [5.75, 1, 8, 2], "texture": "#0"},
				"east": {"uv": [8, 1, 5.75, 2], "texture": "#0"},
				"south": {"uv": [5.75, 1, 8, 2], "texture": "#0"},
				"west": {"uv": [5.75, 1, 8, 2], "texture": "#0"},
				"up": {"uv": [5.75, 1, 8, 2], "texture": "#0"},
				"down": {"uv": [5.75, 1, 8, 2], "texture": "#0"}
			}
		},
		{
			"from": [13.5, 7, 3.5],
			"to": [13.5, 11, 13.5],
			"faces": {
				"north": {"uv": [16, 1, 13.75, 2], "texture": "#0"},
				"east": {"uv": [16, 1, 13.75, 2], "texture": "#0"},
				"south": {"uv": [16, 1, 13.75, 2], "texture": "#0"},
				"west": {"uv": [13.75, 1, 16, 2], "texture": "#0"},
				"up": {"uv": [16, 1, 13.75, 2], "texture": "#0"},
				"down": {"uv": [16, 1, 13.75, 2], "texture": "#0"}
			}
		},
		{
			"from": [4, 7, 4],
			"to": [4, 11, 13],
			"faces": {
				"north": {"uv": [5.75, 6, 8, 7], "texture": "#0"},
				"east": {"uv": [8, 6, 5.75, 7], "texture": "#0"},
				"south": {"uv": [5.75, 6, 8, 7], "texture": "#0"},
				"west": {"uv": [5.75, 6, 8, 7], "texture": "#0"},
				"up": {"uv": [5.75, 6, 8, 7], "texture": "#0"},
				"down": {"uv": [5.75, 6, 8, 7], "texture": "#0"}
			}
		},
		{
			"from": [3.75, 7.25, 3.75],
			"to": [3.75, 11.25, 13.25],
			"faces": {
				"north": {"uv": [3.5, 6, 5.75, 7], "texture": "#0"},
				"east": {"uv": [3.5, 6, 5.75, 7], "texture": "#0"},
				"south": {"uv": [3.5, 6, 5.75, 7], "texture": "#0"},
				"west": {"uv": [5.75, 6, 3.5, 7], "texture": "#0"},
				"up": {"uv": [3.5, 6, 5.75, 7], "texture": "#0"},
				"down": {"uv": [3.5, 6, 5.75, 7], "texture": "#0"}
			}
		},
		{
			"from": [4, 7, 13],
			"to": [13, 11, 13],
			"faces": {
				"north": {"uv": [8, 3, 5.75, 4], "texture": "#0"},
				"east": {"uv": [5.75, 3, 8, 4], "texture": "#0"},
				"south": {"uv": [5.75, 3, 8, 4], "texture": "#0"},
				"west": {"uv": [5.75, 3, 8, 4], "texture": "#0"},
				"up": {"uv": [5.75, 3, 8, 4], "texture": "#0"},
				"down": {"uv": [5.75, 3, 8, 4], "texture": "#0"}
			}
		},
		{
			"from": [3.75, 7.25, 13.25],
			"to": [13.25, 11.25, 13.25],
			"faces": {
				"north": {"uv": [4.5, 7, 2.25, 8], "texture": "#0"},
				"east": {"uv": [4.5, 7, 2.25, 8], "texture": "#0"},
				"south": {"uv": [4.5, 7, 2.25, 8], "texture": "#0"},
				"west": {"uv": [4.5, 7, 2.25, 8], "texture": "#0"},
				"up": {"uv": [2.25, 7, 4.5, 8], "texture": "#0"},
				"down": {"uv": [4.5, 7, 2.25, 8], "texture": "#0"}
			}
		},
		{
			"from": [4, 7, 4],
			"to": [13, 11, 4],
			"faces": {
				"north": {"uv": [0, 7, 2.25, 8], "texture": "#0"},
				"east": {"uv": [0, 7, 2.25, 8], "texture": "#0"},
				"south": {"uv": [2.25, 7, 0, 8], "texture": "#0"},
				"west": {"uv": [0, 7, 2.25, 8], "texture": "#0"},
				"up": {"uv": [0, 7, 2.25, 8], "texture": "#0"},
				"down": {"uv": [0, 7, 2.25, 8], "texture": "#0"}
			}
		},
		{
			"from": [3.75, 7.25, 3.75],
			"to": [13.25, 11.25, 3.75],
			"faces": {
				"north": {"uv": [8, 2, 5.75, 3], "texture": "#0"},
				"east": {"uv": [8, 2, 5.75, 3], "texture": "#0"},
				"south": {"uv": [5.75, 2, 8, 3], "texture": "#0"},
				"west": {"uv": [8, 2, 5.75, 3], "texture": "#0"},
				"up": {"uv": [8, 2, 5.75, 3], "texture": "#0"},
				"down": {"uv": [8, 2, 5.75, 3], "texture": "#0"}
			}
		},
		{
			"from": [4, 11, 4],
			"to": [13, 11, 13],
			"faces": {
				"north": {"uv": [5.75, 2.25, 3.5, 0], "texture": "#0"},
				"east": {"uv": [5.75, 2.25, 3.5, 0], "texture": "#0"},
				"south": {"uv": [5.75, 2.25, 3.5, 0], "texture": "#0"},
				"west": {"uv": [5.75, 2.25, 3.5, 0], "texture": "#0"},
				"up": {"uv": [5.75, 2.25, 3.5, 0], "texture": "#0"},
				"down": {"uv": [5.75, 0, 3.5, 2.25], "texture": "#0"}
			}
		},
		{
			"from": [13, 7, 4],
			"to": [16, 7, 13],
			"faces": {
				"north": {"uv": [0.75, 10.25, 0, 8], "texture": "#0"},
				"east": {"uv": [0.75, 10.25, 0, 8], "texture": "#0"},
				"south": {"uv": [0.75, 10.25, 0, 8], "texture": "#0"},
				"west": {"uv": [0.75, 10.25, 0, 8], "texture": "#0"},
				"up": {"uv": [0.75, 10.25, 0, 8], "texture": "#0"},
				"down": {"uv": [0.75, 8, 0, 10.25], "texture": "#0"}
			}
		},
		{
			"from": [1, 7, 4],
			"to": [4, 7, 13],
			"faces": {
				"north": {"uv": [3.75, 10.25, 3, 8], "texture": "#0"},
				"east": {"uv": [3.75, 10.25, 3, 8], "texture": "#0"},
				"south": {"uv": [3.75, 10.25, 3, 8], "texture": "#0"},
				"west": {"uv": [3.75, 10.25, 3, 8], "texture": "#0"},
				"up": {"uv": [3.75, 10.25, 3, 8], "texture": "#0"},
				"down": {"uv": [3.75, 8, 3, 10.25], "texture": "#0"}
			}
		},
		{
			"from": [1, 7.25, 4],
			"to": [4, 7.25, 13],
			"faces": {
				"north": {"uv": [4.5, 10.25, 3.75, 8], "texture": "#0"},
				"east": {"uv": [4.5, 10.25, 3.75, 8], "texture": "#0"},
				"south": {"uv": [4.5, 10.25, 3.75, 8], "texture": "#0"},
				"west": {"uv": [4.5, 10.25, 3.75, 8], "texture": "#0"},
				"up": {"uv": [4.5, 10.25, 3.75, 8], "texture": "#0"},
				"down": {"uv": [4.5, 10.25, 3.75, 8], "texture": "#0"}
			}
		},
		{
			"from": [-0.25, 4.25, 4],
			"to": [-0.25, 7.25, 13],
			"rotation": {"angle": 0, "axis": "y", "origin": [-0.25, 7, 6]},
			"faces": {
				"north": {"uv": [4.5, 12.5, 3.75, 10.25], "rotation": 270, "texture": "#0"},
				"east": {"uv": [4.5, 12.5, 3.75, 10.25], "rotation": 270, "texture": "#0"},
				"south": {"uv": [4.5, 12.5, 3.75, 10.25], "rotation": 270, "texture": "#0"},
				"west": {"uv": [4.5, 12.5, 3.75, 10.25], "rotation": 270, "texture": "#0"},
				"up": {"uv": [4.5, 12.5, 3.75, 10.25], "rotation": 270, "texture": "#0"},
				"down": {"uv": [4.5, 12.5, 3.75, 10.25], "rotation": 270, "texture": "#0"}
			}
		},
		{
			"from": [4, 7, 1],
			"to": [13, 7, 4],
			"faces": {
				"north": {"uv": [9.25, 6, 7, 5.25], "texture": "#0"},
				"east": {"uv": [9.25, 6, 7, 5.25], "texture": "#0"},
				"south": {"uv": [9.25, 6, 7, 5.25], "texture": "#0"},
				"west": {"uv": [9.25, 6, 7, 5.25], "texture": "#0"},
				"up": {"uv": [9.25, 6, 7, 5.25], "texture": "#0"},
				"down": {"uv": [9.25, 5.25, 7, 6], "texture": "#0"}
			}
		},
		{
			"from": [4, 7, 13],
			"to": [13, 7, 16],
			"faces": {
				"north": {"uv": [10.25, 3, 8, 2.25], "texture": "#0"},
				"east": {"uv": [10.25, 3, 8, 2.25], "texture": "#0"},
				"south": {"uv": [10.25, 3, 8, 2.25], "texture": "#0"},
				"west": {"uv": [10.25, 3, 8, 2.25], "texture": "#0"},
				"up": {"uv": [10.25, 3, 8, 2.25], "texture": "#0"},
				"down": {"uv": [10.25, 2.25, 8, 3], "texture": "#0"}
			}
		},
		{
			"from": [13, 7, 2],
			"to": [15, 7, 4],
			"faces": {
				"north": {"uv": [6.25, 4.5, 5.75, 4], "texture": "#0"},
				"east": {"uv": [6.25, 4.5, 5.75, 4], "texture": "#0"},
				"south": {"uv": [6.25, 4.5, 5.75, 4], "texture": "#0"},
				"west": {"uv": [6.25, 4.5, 5.75, 4], "texture": "#0"},
				"up": {"uv": [6.25, 4.5, 5.75, 4], "texture": "#0"},
				"down": {"uv": [6.25, 4, 5.75, 4.5], "texture": "#0"}
			}
		},
		{
			"from": [13, 7, 13],
			"to": [15, 7, 15],
			"faces": {
				"north": {"uv": [1.25, 9.25, 0.75, 8.75], "texture": "#0"},
				"east": {"uv": [1.25, 9.25, 0.75, 8.75], "texture": "#0"},
				"south": {"uv": [1.25, 9.25, 0.75, 8.75], "texture": "#0"},
				"west": {"uv": [1.25, 9.25, 0.75, 8.75], "texture": "#0"},
				"up": {"uv": [1.25, 9.25, 0.75, 8.75], "texture": "#0"},
				"down": {"uv": [1.25, 9.25, 0.75, 8.75], "texture": "#0"}
			}
		},
		{
			"from": [2, 7, 13],
			"to": [4, 7, 15],
			"faces": {
				"north": {"uv": [1.75, 9.25, 1.25, 8.75], "texture": "#0"},
				"east": {"uv": [1.75, 9.25, 1.25, 8.75], "texture": "#0"},
				"south": {"uv": [1.75, 9.25, 1.25, 8.75], "texture": "#0"},
				"west": {"uv": [1.75, 9.25, 1.25, 8.75], "texture": "#0"},
				"up": {"uv": [1.75, 9.25, 1.25, 8.75], "texture": "#0"},
				"down": {"uv": [1.75, 9.25, 1.25, 8.75], "texture": "#0"}
			}
		},
		{
			"from": [2, 7, 2],
			"to": [4, 7, 4],
			"faces": {
				"north": {"uv": [2.25, 9.25, 1.75, 8.75], "texture": "#0"},
				"east": {"uv": [2.25, 9.25, 1.75, 8.75], "texture": "#0"},
				"south": {"uv": [2.25, 9.25, 1.75, 8.75], "texture": "#0"},
				"west": {"uv": [2.25, 9.25, 1.75, 8.75], "texture": "#0"},
				"up": {"uv": [2.25, 9.25, 1.75, 8.75], "texture": "#0"},
				"down": {"uv": [2.25, 8.75, 1.75, 9.25], "texture": "#0"}
			}
		},
		{
			"from": [1, 7, 1],
			"to": [4, 7, 2],
			"faces": {
				"north": {"uv": [8.75, 7, 8, 6.75], "texture": "#0"},
				"east": {"uv": [8.75, 7, 8, 6.75], "texture": "#0"},
				"south": {"uv": [8.75, 7, 8, 6.75], "texture": "#0"},
				"west": {"uv": [8.75, 7, 8, 6.75], "texture": "#0"},
				"up": {"uv": [8.75, 7, 8, 6.75], "texture": "#0"},
				"down": {"uv": [8.75, 7, 8, 6.75], "texture": "#0"}
			}
		},
		{
			"from": [1, 7, 2],
			"to": [2, 7, 4],
			"faces": {
				"north": {"uv": [7, 4.5, 6.75, 4], "texture": "#0"},
				"east": {"uv": [7, 4.5, 6.75, 4], "texture": "#0"},
				"south": {"uv": [7, 4.5, 6.75, 4], "texture": "#0"},
				"west": {"uv": [7, 4.5, 6.75, 4], "texture": "#0"},
				"up": {"uv": [7, 4.5, 6.75, 4], "texture": "#0"},
				"down": {"uv": [7, 4, 6.75, 4.5], "texture": "#0"}
			}
		},
		{
			"from": [1, 7, 13],
			"to": [2, 7, 16],
			"faces": {
				"north": {"uv": [9, 4.75, 8.75, 4], "texture": "#0"},
				"east": {"uv": [9, 4.75, 8.75, 4], "texture": "#0"},
				"south": {"uv": [9, 4.75, 8.75, 4], "texture": "#0"},
				"west": {"uv": [9, 4.75, 8.75, 4], "texture": "#0"},
				"up": {"uv": [9, 4.75, 8.75, 4], "texture": "#0"},
				"down": {"uv": [9, 4, 8.75, 4.75], "texture": "#0"}
			}
		},
		{
			"from": [2, 7, 15],
			"to": [4, 7, 16],
			"faces": {
				"north": {"uv": [7.25, 9.25, 6.75, 9], "texture": "#0"},
				"east": {"uv": [7.25, 9.25, 6.75, 9], "texture": "#0"},
				"south": {"uv": [7.25, 9.25, 6.75, 9], "texture": "#0"},
				"west": {"uv": [7.25, 9.25, 6.75, 9], "texture": "#0"},
				"up": {"uv": [7.25, 9.25, 6.75, 9], "texture": "#0"},
				"down": {"uv": [7.25, 9.25, 6.75, 9], "texture": "#0"}
			}
		},
		{
			"from": [13, 7, 15],
			"to": [16, 7, 16],
			"faces": {
				"north": {"uv": [9.5, 5, 8.75, 4.75], "texture": "#0"},
				"east": {"uv": [9.5, 5, 8.75, 4.75], "texture": "#0"},
				"south": {"uv": [9.5, 5, 8.75, 4.75], "texture": "#0"},
				"west": {"uv": [9.5, 5, 8.75, 4.75], "texture": "#0"},
				"up": {"uv": [9.5, 5, 8.75, 4.75], "texture": "#0"},
				"down": {"uv": [9.5, 5, 8.75, 4.75], "texture": "#0"}
			}
		},
		{
			"from": [15, 7, 13],
			"to": [16, 7, 15],
			"faces": {
				"north": {"uv": [8, 9.5, 7.75, 9], "texture": "#0"},
				"east": {"uv": [8, 9.5, 7.75, 9], "texture": "#0"},
				"south": {"uv": [8, 9.5, 7.75, 9], "texture": "#0"},
				"west": {"uv": [8, 9.5, 7.75, 9], "texture": "#0"},
				"up": {"uv": [8, 9.5, 7.75, 9], "texture": "#0"},
				"down": {"uv": [8, 9.5, 7.75, 9], "texture": "#0"}
			}
		},
		{
			"from": [15, 7, 2],
			"to": [16, 7, 4],
			"faces": {
				"north": {"uv": [8.5, 9.5, 8.25, 9], "texture": "#0"},
				"east": {"uv": [8.5, 9.5, 8.25, 9], "texture": "#0"},
				"south": {"uv": [8.5, 9.5, 8.25, 9], "texture": "#0"},
				"west": {"uv": [8.5, 9.5, 8.25, 9], "texture": "#0"},
				"up": {"uv": [8.5, 9.5, 8.25, 9], "texture": "#0"},
				"down": {"uv": [8.5, 9, 8.25, 9.5], "texture": "#0"}
			}
		},
		{
			"from": [13, 7, 1],
			"to": [16, 7, 2],
			"faces": {
				"north": {"uv": [9.5, 7, 8.75, 6.75], "texture": "#0"},
				"east": {"uv": [9.5, 7, 8.75, 6.75], "texture": "#0"},
				"south": {"uv": [9.5, 7, 8.75, 6.75], "texture": "#0"},
				"west": {"uv": [9.5, 7, 8.75, 6.75], "texture": "#0"},
				"up": {"uv": [9.5, 7, 8.75, 6.75], "texture": "#0"},
				"down": {"uv": [9.5, 7, 8.75, 6.75], "texture": "#0"}
			}
		},
		{
			"from": [0, 7, 2],
			"to": [1, 7, 15],
			"faces": {
				"north": {"uv": [4.75, 11.5, 4.5, 8.25], "texture": "#0"},
				"east": {"uv": [4.75, 11.5, 4.5, 8.25], "texture": "#0"},
				"south": {"uv": [4.75, 11.5, 4.5, 8.25], "texture": "#0"},
				"west": {"uv": [4.75, 11.5, 4.5, 8.25], "texture": "#0"},
				"up": {"uv": [4.75, 11.5, 4.5, 8.25], "texture": "#0"},
				"down": {"uv": [4.75, 11.5, 4.5, 8.25], "texture": "#0"}
			}
		},
		{
			"from": [-0.25, 7.25, 2],
			"to": [1, 7.25, 15],
			"faces": {
				"north": {"uv": [5.5, 11.5, 5.25, 8.25], "texture": "#0"},
				"east": {"uv": [5.5, 11.5, 5.25, 8.25], "texture": "#0"},
				"south": {"uv": [5.5, 11.5, 5.25, 8.25], "texture": "#0"},
				"west": {"uv": [5.5, 11.5, 5.25, 8.25], "texture": "#0"},
				"up": {"uv": [5.5, 11.5, 5.25, 8.25], "texture": "#0"},
				"down": {"uv": [5.5, 11.5, 5.25, 8.25], "texture": "#0"}
			}
		},
		{
			"from": [16, 7, 2],
			"to": [17, 7, 15],
			"faces": {
				"north": {"uv": [5.25, 11.5, 5, 8.25], "texture": "#0"},
				"east": {"uv": [5.25, 11.5, 5, 8.25], "texture": "#0"},
				"south": {"uv": [5.25, 11.5, 5, 8.25], "texture": "#0"},
				"west": {"uv": [5.25, 11.5, 5, 8.25], "texture": "#0"},
				"up": {"uv": [5.25, 11.5, 5, 8.25], "texture": "#0"},
				"down": {"uv": [5.25, 11.5, 5, 8.25], "texture": "#0"}
			}
		},
		{
			"from": [2, 7, 16],
			"to": [15, 7, 17],
			"faces": {
				"north": {"uv": [11.25, 4, 8, 3.75], "texture": "#0"},
				"east": {"uv": [11.25, 4, 8, 3.75], "texture": "#0"},
				"south": {"uv": [11.25, 4, 8, 3.75], "texture": "#0"},
				"west": {"uv": [11.25, 4, 8, 3.75], "texture": "#0"},
				"up": {"uv": [11.25, 4, 8, 3.75], "texture": "#0"},
				"down": {"uv": [11.25, 4, 8, 3.75], "texture": "#0"}
			}
		},
		{
			"from": [2, 7, 0],
			"to": [15, 7, 1],
			"faces": {
				"north": {"uv": [11.25, 6.5, 8, 6.25], "texture": "#0"},
				"east": {"uv": [11.25, 6.5, 8, 6.25], "texture": "#0"},
				"south": {"uv": [11.25, 6.5, 8, 6.25], "texture": "#0"},
				"west": {"uv": [11.25, 6.5, 8, 6.25], "texture": "#0"},
				"up": {"uv": [11.25, 6.5, 8, 6.25], "texture": "#0"},
				"down": {"uv": [11.25, 6.5, 8, 6.25], "texture": "#0"}
			}
		},
		{
			"from": [6, 6, 0],
			"to": [7, 7, 0],
			"faces": {
				"north": {"uv": [8.75, 9, 9, 9.25], "texture": "#0"},
				"east": {"uv": [0, 0, 0, 0.25], "texture": "#0"},
				"south": {"uv": [9, 9, 9.25, 9.25], "texture": "#0"},
				"west": {"uv": [0, 0, 0, 0.25], "texture": "#0"},
				"up": {"uv": [0.25, 0, 0, 0], "texture": "#0"},
				"down": {"uv": [0.25, 0, 0, 0], "texture": "#0"}
			}
		},
		{
			"from": [0, 6, 2],
			"to": [1, 7, 2],
			"faces": {
				"north": {"uv": [1.5, 9.25, 1.75, 9.5], "texture": "#0"},
				"east": {"uv": [0, 0, 0, 0.25], "texture": "#0"},
				"south": {"uv": [9.25, 1.5, 9.5, 1.75], "texture": "#0"},
				"west": {"uv": [0, 0, 0, 0.25], "texture": "#0"},
				"up": {"uv": [0.25, 0, 0, 0], "texture": "#0"},
				"down": {"uv": [0.25, 0, 0, 0], "texture": "#0"}
			}
		},
		{
			"from": [0, 6, 4],
			"to": [0, 7, 5],
			"faces": {
				"north": {"uv": [0, 0, 0, 0.25], "texture": "#0"},
				"east": {"uv": [1.75, 9.25, 2, 9.5], "texture": "#0"},
				"south": {"uv": [0, 0, 0, 0.25], "texture": "#0"},
				"west": {"uv": [9.25, 1.75, 9.5, 2], "texture": "#0"},
				"up": {"uv": [0, 0.25, 0, 0], "texture": "#0"},
				"down": {"uv": [0, 0, 0, 0.25], "texture": "#0"}
			}
		},
		{
			"from": [0, 6, 6],
			"to": [0, 7, 7],
			"faces": {
				"north": {"uv": [0, 0, 0, 0.25], "texture": "#0"},
				"east": {"uv": [2, 9.25, 2.25, 9.5], "texture": "#0"},
				"south": {"uv": [0, 0, 0, 0.25], "texture": "#0"},
				"west": {"uv": [9.25, 2, 9.5, 2.25], "texture": "#0"},
				"up": {"uv": [0, 0.25, 0, 0], "texture": "#0"},
				"down": {"uv": [0, 0, 0, 0.25], "texture": "#0"}
			}
		},
		{
			"from": [0, 6, 11],
			"to": [0, 7, 12],
			"faces": {
				"north": {"uv": [0, 0, 0, 0.25], "texture": "#0"},
				"east": {"uv": [9.25, 5.25, 9.5, 5.5], "texture": "#0"},
				"south": {"uv": [0, 0, 0, 0.25], "texture": "#0"},
				"west": {"uv": [9.25, 5.5, 9.5, 5.75], "texture": "#0"},
				"up": {"uv": [0, 0.25, 0, 0], "texture": "#0"},
				"down": {"uv": [0, 0, 0, 0.25], "texture": "#0"}
			}
		},
		{
			"from": [0, 6, 12],
			"to": [0, 7, 13],
			"faces": {
				"north": {"uv": [0, 0, 0, 0.25], "texture": "#0"},
				"east": {"uv": [9.25, 5.75, 9.5, 6], "texture": "#0"},
				"south": {"uv": [0, 0, 0, 0.25], "texture": "#0"},
				"west": {"uv": [6.75, 9.25, 7, 9.5], "texture": "#0"},
				"up": {"uv": [0, 0.25, 0, 0], "texture": "#0"},
				"down": {"uv": [0, 0, 0, 0.25], "texture": "#0"}
			}
		},
		{
			"from": [0, 6, 15],
			"to": [1, 7, 15],
			"faces": {
				"north": {"uv": [7, 9.25, 7.25, 9.5], "texture": "#0"},
				"east": {"uv": [0, 0, 0, 0.25], "texture": "#0"},
				"south": {"uv": [9.25, 7, 9.5, 7.25], "texture": "#0"},
				"west": {"uv": [0, 0, 0, 0.25], "texture": "#0"},
				"up": {"uv": [0.25, 0, 0, 0], "texture": "#0"},
				"down": {"uv": [0.25, 0, 0, 0], "texture": "#0"}
			}
		},
		{
			"from": [3, 6, 17],
			"to": [4, 7, 17],
			"faces": {
				"north": {"uv": [7.25, 9.25, 7.5, 9.5], "texture": "#0"},
				"east": {"uv": [0, 0, 0, 0.25], "texture": "#0"},
				"south": {"uv": [9.25, 7.25, 9.5, 7.5], "texture": "#0"},
				"west": {"uv": [0, 0, 0, 0.25], "texture": "#0"},
				"up": {"uv": [0.25, 0, 0, 0], "texture": "#0"},
				"down": {"uv": [0.25, 0, 0, 0], "texture": "#0"}
			}
		},
		{
			"from": [4, 6, 17],
			"to": [5, 7, 17],
			"faces": {
				"north": {"uv": [7.5, 9.25, 7.75, 9.5], "texture": "#0"},
				"east": {"uv": [0, 0, 0, 0.25], "texture": "#0"},
				"south": {"uv": [9.25, 7.5, 9.5, 7.75], "texture": "#0"},
				"west": {"uv": [0, 0, 0, 0.25], "texture": "#0"},
				"up": {"uv": [0.25, 0, 0, 0], "texture": "#0"},
				"down": {"uv": [0.25, 0, 0, 0], "texture": "#0"}
			}
		},
		{
			"from": [7, 6, 17],
			"to": [8, 7, 17],
			"faces": {
				"north": {"uv": [9.25, 7.75, 9.5, 8], "texture": "#0"},
				"east": {"uv": [0, 0, 0, 0.25], "texture": "#0"},
				"south": {"uv": [9.25, 8, 9.5, 8.25], "texture": "#0"},
				"west": {"uv": [0, 0, 0, 0.25], "texture": "#0"},
				"up": {"uv": [0.25, 0, 0, 0], "texture": "#0"},
				"down": {"uv": [0.25, 0, 0, 0], "texture": "#0"}
			}
		},
		{
			"from": [9, 6, 17],
			"to": [10, 7, 17],
			"faces": {
				"north": {"uv": [9.25, 8.25, 9.5, 8.5], "texture": "#0"},
				"east": {"uv": [0, 0, 0, 0.25], "texture": "#0"},
				"south": {"uv": [9.25, 8.5, 9.5, 8.75], "texture": "#0"},
				"west": {"uv": [0, 0, 0, 0.25], "texture": "#0"},
				"up": {"uv": [0.25, 0, 0, 0], "texture": "#0"},
				"down": {"uv": [0.25, 0, 0, 0], "texture": "#0"}
			}
		},
		{
			"from": [11, 6, 17],
			"to": [12, 7, 17],
			"faces": {
				"north": {"uv": [8.75, 9.25, 9, 9.5], "texture": "#0"},
				"east": {"uv": [0, 0, 0, 0.25], "texture": "#0"},
				"south": {"uv": [9.25, 8.75, 9.5, 9], "texture": "#0"},
				"west": {"uv": [0, 0, 0, 0.25], "texture": "#0"},
				"up": {"uv": [0.25, 0, 0, 0], "texture": "#0"},
				"down": {"uv": [0.25, 0, 0, 0], "texture": "#0"}
			}
		},
		{
			"from": [17, 6, 13],
			"to": [17, 7, 14],
			"faces": {
				"north": {"uv": [0, 0, 0, 0.25], "texture": "#0"},
				"east": {"uv": [9.25, 9.25, 9.5, 9.5], "texture": "#0"},
				"south": {"uv": [0, 0, 0, 0.25], "texture": "#0"},
				"west": {"uv": [9.5, 0, 9.75, 0.25], "texture": "#0"},
				"up": {"uv": [0, 0.25, 0, 0], "texture": "#0"},
				"down": {"uv": [0, 0, 0, 0.25], "texture": "#0"}
			}
		},
		{
			"from": [17, 6, 11],
			"to": [17, 7, 12],
			"faces": {
				"north": {"uv": [0, 0, 0, 0.25], "texture": "#0"},
				"east": {"uv": [9.5, 0.25, 9.75, 0.5], "texture": "#0"},
				"south": {"uv": [0, 0, 0, 0.25], "texture": "#0"},
				"west": {"uv": [9.5, 0.5, 9.75, 0.75], "texture": "#0"},
				"up": {"uv": [0, 0.25, 0, 0], "texture": "#0"},
				"down": {"uv": [0, 0, 0, 0.25], "texture": "#0"}
			}
		},
		{
			"from": [17, 6, 7],
			"to": [17, 7, 8],
			"faces": {
				"north": {"uv": [0, 0, 0, 0.25], "texture": "#0"},
				"east": {"uv": [0.75, 9.5, 1, 9.75], "texture": "#0"},
				"south": {"uv": [0, 0, 0, 0.25], "texture": "#0"},
				"west": {"uv": [9.5, 0.75, 9.75, 1], "texture": "#0"},
				"up": {"uv": [0, 0.25, 0, 0], "texture": "#0"},
				"down": {"uv": [0, 0, 0, 0.25], "texture": "#0"}
			}
		},
		{
			"from": [17, 6, 6],
			"to": [17, 7, 7],
			"faces": {
				"north": {"uv": [0, 0, 0, 0.25], "texture": "#0"},
				"east": {"uv": [1, 9.5, 1.25, 9.75], "texture": "#0"},
				"south": {"uv": [0, 0, 0, 0.25], "texture": "#0"},
				"west": {"uv": [9.5, 1, 9.75, 1.25], "texture": "#0"},
				"up": {"uv": [0, 0.25, 0, 0], "texture": "#0"},
				"down": {"uv": [0, 0, 0, 0.25], "texture": "#0"}
			}
		},
		{
			"from": [17, 6, 3],
			"to": [17, 7, 4],
			"faces": {
				"north": {"uv": [0, 0, 0, 0.25], "texture": "#0"},
				"east": {"uv": [1.25, 9.5, 1.5, 9.75], "texture": "#0"},
				"south": {"uv": [0, 0, 0, 0.25], "texture": "#0"},
				"west": {"uv": [9.5, 1.25, 9.75, 1.5], "texture": "#0"},
				"up": {"uv": [0, 0.25, 0, 0], "texture": "#0"},
				"down": {"uv": [0, 0, 0, 0.25], "texture": "#0"}
			}
		},
		{
			"from": [12, 6, 0],
			"to": [13, 7, 0],
			"faces": {
				"north": {"uv": [0.75, 9.25, 1, 9.5], "texture": "#0"},
				"east": {"uv": [0, 0, 0, 0.25], "texture": "#0"},
				"south": {"uv": [9.25, 0.75, 9.5, 1], "texture": "#0"},
				"west": {"uv": [0, 0, 0, 0.25], "texture": "#0"},
				"up": {"uv": [0.25, 0, 0, 0], "texture": "#0"},
				"down": {"uv": [0.25, 0, 0, 0], "texture": "#0"}
			}
		},
		{
			"from": [16, 6, 1],
			"to": [16, 7, 2],
			"faces": {
				"north": {"uv": [0, 0, 0, 0.25], "texture": "#0"},
				"east": {"uv": [1.25, 9.25, 1.5, 9.5], "texture": "#0"},
				"south": {"uv": [0, 0, 0, 0.25], "texture": "#0"},
				"west": {"uv": [9.25, 1.25, 9.5, 1.5], "texture": "#0"},
				"up": {"uv": [0, 0.25, 0, 0], "texture": "#0"},
				"down": {"uv": [0, 0, 0, 0.25], "texture": "#0"}
			}
		},
		{
			"from": [11, 6, 0],
			"to": [12, 7, 0],
			"faces": {
				"north": {"uv": [1, 9.25, 1.25, 9.5], "texture": "#0"},
				"east": {"uv": [0, 0, 0, 0.25], "texture": "#0"},
				"south": {"uv": [9.25, 1, 9.5, 1.25], "texture": "#0"},
				"west": {"uv": [0, 0, 0, 0.25], "texture": "#0"},
				"up": {"uv": [0.25, 0, 0, 0], "texture": "#0"},
				"down": {"uv": [0.25, 0, 0, 0], "texture": "#0"}
			}
		},
		{
			"from": [15, 6, 1],
			"to": [16, 7, 1],
			"faces": {
				"north": {"uv": [1.5, 9.5, 1.75, 9.75], "texture": "#0"},
				"east": {"uv": [0, 0, 0, 0.25], "texture": "#0"},
				"south": {"uv": [9.5, 1.5, 9.75, 1.75], "texture": "#0"},
				"west": {"uv": [0, 0, 0, 0.25], "texture": "#0"},
				"up": {"uv": [0.25, 0, 0, 0], "texture": "#0"},
				"down": {"uv": [0.25, 0, 0, 0], "texture": "#0"}
			}
		},
		{
			"from": [5, 9, 5.75],
			"to": [12, 14, 11.75],
			"rotation": {"angle": 22.5, "axis": "x", "origin": [9, 11, 8.75]},
			"faces": {
				"north": {"uv": [7, 4, 8.75, 5.25], "texture": "#0"},
				"east": {"uv": [6.25, 7, 7.75, 8.25], "texture": "#0"},
				"south": {"uv": [4.5, 7, 6.25, 8.25], "texture": "#0"},
				"west": {"uv": [7.75, 7, 9.25, 8.25], "texture": "#0"},
				"up": {"uv": [5.25, 6, 3.5, 4.5], "texture": "#0"},
				"down": {"uv": [7, 4.5, 5.25, 6], "texture": "#0"}
			}
		},
		{
			"from": [7, 12.75, 7.5],
			"to": [10, 15.75, 10.5],
			"rotation": {"angle": 45, "axis": "x", "origin": [9, 12, 9.75]},
			"faces": {
				"north": {"uv": [5.5, 8.25, 6.25, 9], "texture": "#0"},
				"east": {"uv": [6.25, 8.25, 7, 9], "texture": "#0"},
				"south": {"uv": [7, 8.25, 7.75, 9], "texture": "#0"},
				"west": {"uv": [7.75, 8.25, 8.5, 9], "texture": "#0"},
				"up": {"uv": [9.25, 9, 8.5, 8.25], "texture": "#0"},
				"down": {"uv": [9.5, 0, 8.75, 0.75], "texture": "#0"}
			}
		},
		{
			"from": [-3.5, 1.5, 0.25],
			"to": [4.5, 9.5, 0.25],
			"faces": {
				"north": {"uv": [0, 0, 3.5, 3.625], "texture": "#0"},
				"east": {"uv": [0, 0, 3.5, 3.5], "texture": "#0"},
				"south": {"uv": [3.5, 0, 0, 3.5], "texture": "#0"},
				"west": {"uv": [0, 0, 3.5, 3.5], "texture": "#0"},
				"up": {"uv": [0, 0, 3.5, 3.5], "texture": "#0"},
				"down": {"uv": [0, 0, 3.5, 3.5], "texture": "#0"}
			}
		},
		{
			"from": [7.5, 1.5, 16.75],
			"to": [15.5, 9.5, 16.75],
			"faces": {
				"north": {"uv": [0, 0, 3.5, 3.625], "texture": "#0"},
				"east": {"uv": [0, 0, 3.5, 3.625], "texture": "#0"},
				"south": {"uv": [3.5, 0, 0, 3.625], "texture": "#0"},
				"west": {"uv": [0, 0, 3.5, 3.625], "texture": "#0"},
				"up": {"uv": [0, 0, 3.5, 3.625], "texture": "#0"},
				"down": {"uv": [0, 0, 3.5, 3.625], "texture": "#0"}
			}
		},
		{
			"from": [8, 19.56497, -4.21016],
			"to": [9, 20.56497, -2.71016],
			"rotation": {"angle": 45, "axis": "x", "origin": [1, -1.43503, -1.21016]},
			"faces": {
				"north": {"uv": [0, 15.75, 0.25, 16], "texture": "#0"},
				"east": {"uv": [0, 15.75, 0.25, 16], "texture": "#0"},
				"south": {"uv": [0, 15.75, 0.25, 16], "texture": "#0"},
				"west": {"uv": [0, 15.75, 0.25, 16], "texture": "#0"},
				"up": {"uv": [0, 15.75, 0.25, 16], "texture": "#0"},
				"down": {"uv": [0, 15.75, 0.25, 16], "texture": "#0"}
			}
		},
		{
			"from": [8.5, 20.56497, -3.71016],
			"to": [8.5, 23.56497, -0.71016],
			"rotation": {"angle": 45, "axis": "x", "origin": [1, -1.43503, -1.21016]},
			"faces": {
				"north": {"uv": [15.25, 15.25, 16, 16], "texture": "#0"},
				"east": {"uv": [15.25, 15.25, 16, 16], "texture": "#0"},
				"south": {"uv": [15.25, 15.25, 16, 16], "texture": "#0"},
				"west": {"uv": [16, 15.25, 15.25, 16], "texture": "#0"},
				"up": {"uv": [15.25, 15.25, 16, 16], "texture": "#0"},
				"down": {"uv": [15.25, 15.25, 16, 16], "texture": "#0"}
			}
		}
	],
	"display": {
		"thirdperson_righthand": {
			"translation": [-0.25, 0, -1],
			"scale": [0.57, 0.57, 0.57]
		},
		"thirdperson_lefthand": {
			"translation": [-0.25, 0, -1],
			"scale": [0.57, 0.57, 0.57]
		},
		"firstperson_righthand": {
			"translation": [1.5, 0, 0]
		},
		"firstperson_lefthand": {
			"translation": [1.5, 0, 0]
		},
		"ground": {
			"scale": [0.72, 0.72, 0.72]
		},
		"gui": {
			"rotation": [22, 151, 3],
			"translation": [0, -1.5, 0.75],
			"scale": [0.7, 0.94, 0.72]
		},
		"head": {
			"rotation": [-5, 3, 3],
			"translation": [-0.75, 3.5, -0.75],
			"scale": [1.75, 1.57, 1.77]
		},
		"fixed": {
			"rotation": [-89, 0, 0],
			"translation": [0, 0, -2.25]
		}
	},
	"groups": [
		{
			"name": "hat",
			"origin": [0, 0, 0],
			"color": 0,
			"children": [
				0,
				1,
				2,
				3,
				4,
				5,
				6,
				7,
				8,
				9,
				10,
				11,
				12,
				13,
				14,
				15,
				16,
				17,
				18,
				19,
				20,
				21,
				22,
				23,
				24,
				25,
				26,
				27,
				28,
				29,
				30,
				31,
				32,
				33,
				34,
				35,
				36,
				37,
				38,
				39,
				40,
				41,
				42,
				43,
				44,
				45,
				46,
				47,
				48,
				49,
				50,
				51,
				52,
				53,
				54,
				55,
				56,
				57,
				58,
				59
			]
		}
	]
}