{
	"credit": "Made with Blockbench",
	"texture_size": [256, 256],
	"textures": {
		"0": "block/meteorite",
		"particle": "block/meteorite"
	},
	"elements": [
		{
			"from": [24, -6, -6],
			"to": [26, 22, 22],
			"faces": {
				"north": {"uv": [11.5, 4.75, 11.625, 6.5], "texture": "#0"},
				"east": {"uv": [2, 4, 3.75, 5.75], "texture": "#0"},
				"south": {"uv": [5.75, 11.5, 5.875, 13.25], "texture": "#0"},
				"west": {"uv": [4, 2, 5.75, 3.75], "texture": "#0"},
				"up": {"uv": [6, 13.25, 5.875, 11.5], "texture": "#0"},
				"down": {"uv": [6.125, 11.5, 6, 13.25], "texture": "#0"}
			}
		},
		{
			"from": [26, -4, -4],
			"to": [28, 20, 20],
			"faces": {
				"north": {"uv": [1.75, 6, 1.875, 7.5], "texture": "#0"},
				"east": {"uv": [1.75, 7.5, 3.25, 9], "texture": "#0"},
				"south": {"uv": [1.875, 6, 2, 7.5], "texture": "#0"},
				"west": {"uv": [7.5, 1.75, 9, 3.25], "texture": "#0"},
				"up": {"uv": [4.875, 9, 4.75, 7.5], "texture": "#0"},
				"down": {"uv": [5, 7.5, 4.875, 9], "texture": "#0"}
			}
		},
		{
			"from": [28, -2, -2],
			"to": [30, 18, 18],
			"faces": {
				"north": {"uv": [1.5, 7.75, 1.625, 9], "texture": "#0"},
				"east": {"uv": [9, 7.5, 10.25, 8.75], "texture": "#0"},
				"south": {"uv": [1.625, 7.75, 1.75, 9], "texture": "#0"},
				"west": {"uv": [9, 8.75, 10.25, 10], "texture": "#0"},
				"up": {"uv": [1.375, 10.5, 1.25, 9.25], "texture": "#0"},
				"down": {"uv": [1.5, 9.25, 1.375, 10.5], "texture": "#0"}
			}
		},
		{
			"from": [30, 0, 0],
			"to": [32, 16, 16],
			"faces": {
				"north": {"uv": [3, 11.75, 3.125, 12.75], "texture": "#0"},
				"east": {"uv": [3.75, 10.5, 4.75, 11.5], "texture": "#0"},
				"south": {"uv": [3.125, 11.75, 3.25, 12.75], "texture": "#0"},
				"west": {"uv": [10.5, 3.75, 11.5, 4.75], "texture": "#0"},
				"up": {"uv": [3.375, 12.75, 3.25, 11.75], "texture": "#0"},
				"down": {"uv": [3.5, 11.75, 3.375, 12.75], "texture": "#0"}
			}
		},
		{
			"from": [-10, -6, -6],
			"to": [-8, 22, 22],
			"faces": {
				"north": {"uv": [6.125, 11.5, 6.25, 13.25], "texture": "#0"},
				"east": {"uv": [3.75, 4, 5.5, 5.75], "texture": "#0"},
				"south": {"uv": [6.25, 11.5, 6.375, 13.25], "texture": "#0"},
				"west": {"uv": [5.5, 3.75, 7.25, 5.5], "texture": "#0"},
				"up": {"uv": [6.5, 13.25, 6.375, 11.5], "texture": "#0"},
				"down": {"uv": [6.625, 11.5, 6.5, 13.25], "texture": "#0"}
			}
		},
		{
			"from": [-12, -4, -4],
			"to": [-10, 20, 20],
			"faces": {
				"north": {"uv": [5, 7.5, 5.125, 9], "texture": "#0"},
				"east": {"uv": [3.25, 7.5, 4.75, 9], "texture": "#0"},
				"south": {"uv": [5.125, 7.5, 5.25, 9], "texture": "#0"},
				"west": {"uv": [0, 7.75, 1.5, 9.25], "texture": "#0"},
				"up": {"uv": [5.375, 9, 5.25, 7.5], "texture": "#0"},
				"down": {"uv": [5.5, 7.5, 5.375, 9], "texture": "#0"}
			}
		},
		{
			"from": [-14, -2, -2],
			"to": [-12, 18, 18],
			"faces": {
				"north": {"uv": [1.875, 11.75, 2, 13], "texture": "#0"},
				"east": {"uv": [0, 9.25, 1.25, 10.5], "texture": "#0"},
				"south": {"uv": [11.75, 1.875, 11.875, 3.125], "texture": "#0"},
				"west": {"uv": [9.25, 0, 10.5, 1.25], "texture": "#0"},
				"up": {"uv": [2.125, 13, 2, 11.75], "texture": "#0"},
				"down": {"uv": [2.25, 11.75, 2.125, 13], "texture": "#0"}
			}
		},
		{
			"from": [-16, 0, 0],
			"to": [-14, 16, 16],
			"faces": {
				"north": {"uv": [3.5, 11.75, 3.625, 12.75], "texture": "#0"},
				"east": {"uv": [4.75, 10.5, 5.75, 11.5], "texture": "#0"},
				"south": {"uv": [3.625, 11.75, 3.75, 12.75], "texture": "#0"},
				"west": {"uv": [10.5, 4.75, 11.5, 5.75], "texture": "#0"},
				"up": {"uv": [11.875, 6.375, 11.75, 5.375], "texture": "#0"},
				"down": {"uv": [6.875, 11.75, 6.75, 12.75], "texture": "#0"}
			}
		},
		{
			"from": [-6, -6, 24],
			"to": [22, 22, 26],
			"faces": {
				"north": {"uv": [5.5, 5.5, 7.25, 7.25], "texture": "#0"},
				"east": {"uv": [11.5, 6.5, 11.625, 8.25], "texture": "#0"},
				"south": {"uv": [2, 5.75, 3.75, 7.5], "texture": "#0"},
				"west": {"uv": [6.625, 11.5, 6.75, 13.25], "texture": "#0"},
				"up": {"uv": [8.5, 11.625, 6.75, 11.5], "texture": "#0"},
				"down": {"uv": [13.25, 8.25, 11.5, 8.375], "texture": "#0"}
			}
		},
		{
			"from": [-4, -4, 26],
			"to": [20, 20, 28],
			"faces": {
				"north": {"uv": [7.75, 0, 9.25, 1.5], "texture": "#0"},
				"east": {"uv": [11.625, 6.75, 11.75, 8.25], "texture": "#0"},
				"south": {"uv": [1.5, 9, 3, 10.5], "texture": "#0"},
				"west": {"uv": [11.625, 8.375, 11.75, 9.875], "texture": "#0"},
				"up": {"uv": [5.5, 3.875, 4, 3.75], "texture": "#0"},
				"down": {"uv": [5.5, 3.875, 4, 4], "texture": "#0"}
			}
		},
		{
			"from": [-2, -2, 28],
			"to": [18, 18, 30],
			"faces": {
				"north": {"uv": [9, 10, 10.25, 11.25], "texture": "#0"},
				"east": {"uv": [2.25, 11.75, 2.375, 13], "texture": "#0"},
				"south": {"uv": [10.25, 7.5, 11.5, 8.75], "texture": "#0"},
				"west": {"uv": [2.375, 11.75, 2.5, 13], "texture": "#0"},
				"up": {"uv": [9, 1.625, 7.75, 1.5], "texture": "#0"},
				"down": {"uv": [9, 1.625, 7.75, 1.75], "texture": "#0"}
			}
		},
		{
			"from": [0, 0, 30],
			"to": [16, 16, 32],
			"faces": {
				"north": {"uv": [5.75, 10.5, 6.75, 11.5], "texture": "#0"},
				"east": {"uv": [11.75, 6.75, 11.875, 7.75], "texture": "#0"},
				"south": {"uv": [10.5, 5.75, 11.5, 6.75], "texture": "#0"},
				"west": {"uv": [6.875, 11.75, 7, 12.75], "texture": "#0"},
				"up": {"uv": [11.5, 6.875, 10.5, 6.75], "texture": "#0"},
				"down": {"uv": [11.5, 6.875, 10.5, 7], "texture": "#0"}
			}
		},
		{
			"from": [-6, -6, -10],
			"to": [22, 22, -8],
			"faces": {
				"north": {"uv": [5.75, 2, 7.5, 3.75], "texture": "#0"},
				"east": {"uv": [11.5, 8.375, 11.625, 10.125], "texture": "#0"},
				"south": {"uv": [3.75, 5.75, 5.5, 7.5], "texture": "#0"},
				"west": {"uv": [8.5, 11.5, 8.625, 13.25], "texture": "#0"},
				"up": {"uv": [13.25, 10.25, 11.5, 10.125], "texture": "#0"},
				"down": {"uv": [13.25, 10.25, 11.5, 10.375], "texture": "#0"}
			}
		},
		{
			"from": [-4, -4, -12],
			"to": [20, 20, -10],
			"faces": {
				"north": {"uv": [9, 1.5, 10.5, 3], "texture": "#0"},
				"east": {"uv": [0, 11.75, 0.125, 13.25], "texture": "#0"},
				"south": {"uv": [3, 9, 4.5, 10.5], "texture": "#0"},
				"west": {"uv": [11.75, 0, 11.875, 1.5], "texture": "#0"},
				"up": {"uv": [7.5, 1.875, 6, 1.75], "texture": "#0"},
				"down": {"uv": [7.5, 1.875, 6, 2], "texture": "#0"}
			}
		},
		{
			"from": [-2, -2, -14],
			"to": [18, 18, -12],
			"faces": {
				"north": {"uv": [10.25, 8.75, 11.5, 10], "texture": "#0"},
				"east": {"uv": [2.5, 11.75, 2.625, 13], "texture": "#0"},
				"south": {"uv": [10.25, 10, 11.5, 11.25], "texture": "#0"},
				"west": {"uv": [2.625, 11.75, 2.75, 13], "texture": "#0"},
				"up": {"uv": [10.5, 1.375, 9.25, 1.25], "texture": "#0"},
				"down": {"uv": [10.5, 1.375, 9.25, 1.5], "texture": "#0"}
			}
		},
		{
			"from": [0, 0, -16],
			"to": [16, 16, -14],
			"faces": {
				"north": {"uv": [6.75, 10.5, 7.75, 11.5], "texture": "#0"},
				"east": {"uv": [7, 11.75, 7.125, 12.75], "texture": "#0"},
				"south": {"uv": [7.75, 10.5, 8.75, 11.5], "texture": "#0"},
				"west": {"uv": [7.125, 11.75, 7.25, 12.75], "texture": "#0"},
				"up": {"uv": [11.5, 7.125, 10.5, 7], "texture": "#0"},
				"down": {"uv": [11.5, 7.125, 10.5, 7.25], "texture": "#0"}
			}
		},
		{
			"from": [-6, 24, -6],
			"to": [22, 26, 22],
			"faces": {
				"north": {"uv": [11.5, 10.625, 13.25, 10.75], "texture": "#0"},
				"east": {"uv": [11.5, 10.75, 13.25, 10.875], "texture": "#0"},
				"south": {"uv": [11.5, 10.875, 13.25, 11], "texture": "#0"},
				"west": {"uv": [11.5, 11, 13.25, 11.125], "texture": "#0"},
				"up": {"uv": [9, 5.5, 7.25, 3.75], "texture": "#0"},
				"down": {"uv": [7.25, 7.25, 5.5, 9], "texture": "#0"}
			}
		},
		{
			"from": [-4, 26, -4],
			"to": [20, 28, 20],
			"faces": {
				"north": {"uv": [7.5, 3.5, 9, 3.625], "texture": "#0"},
				"east": {"uv": [7.5, 3.625, 9, 3.75], "texture": "#0"},
				"south": {"uv": [11.625, 9.875, 13.125, 10], "texture": "#0"},
				"west": {"uv": [11.625, 10, 13.125, 10.125], "texture": "#0"},
				"up": {"uv": [10.5, 6, 9, 4.5], "texture": "#0"},
				"down": {"uv": [7.5, 9, 6, 10.5], "texture": "#0"}
			}
		},
		{
			"from": [-2, 28, -2],
			"to": [18, 30, 18],
			"faces": {
				"north": {"uv": [11.75, 3.375, 13, 3.5], "texture": "#0"},
				"east": {"uv": [11.75, 3.5, 13, 3.625], "texture": "#0"},
				"south": {"uv": [11.75, 3.625, 13, 3.75], "texture": "#0"},
				"west": {"uv": [11.75, 4.75, 13, 4.875], "texture": "#0"},
				"up": {"uv": [2.5, 11.75, 1.25, 10.5], "texture": "#0"},
				"down": {"uv": [11.75, 1.25, 10.5, 2.5], "texture": "#0"}
			}
		},
		{
			"from": [0, 30, 0],
			"to": [16, 32, 16],
			"faces": {
				"north": {"uv": [11.75, 6.375, 12.75, 6.5], "texture": "#0"},
				"east": {"uv": [7.5, 11.75, 8.5, 11.875], "texture": "#0"},
				"south": {"uv": [11.75, 7.75, 12.75, 7.875], "texture": "#0"},
				"west": {"uv": [11.75, 7.875, 12.75, 8], "texture": "#0"},
				"up": {"uv": [11.75, 12.25, 10.75, 11.25], "texture": "#0"},
				"down": {"uv": [4.75, 11.5, 3.75, 12.5], "texture": "#0"}
			}
		},
		{
			"from": [-6, -10, -6],
			"to": [22, -8, 22],
			"rotation": {"angle": 0, "axis": "z", "origin": [0, 16, 0]},
			"faces": {
				"north": {"uv": [11.5, 11.125, 13.25, 11.25], "texture": "#0"},
				"east": {"uv": [11.625, 6.5, 13.375, 6.625], "texture": "#0"},
				"south": {"uv": [11.625, 6.625, 13.375, 6.75], "texture": "#0"},
				"west": {"uv": [6.75, 11.625, 8.5, 11.75], "texture": "#0"},
				"up": {"uv": [9, 7.25, 7.25, 5.5], "texture": "#0"},
				"down": {"uv": [9, 7.25, 7.25, 9], "texture": "#0"}
			}
		},
		{
			"from": [-4, -12, -4],
			"to": [20, -10, 20],
			"rotation": {"angle": 0, "axis": "z", "origin": [0, 16, 0]},
			"faces": {
				"north": {"uv": [0.375, 11.75, 1.875, 11.875], "texture": "#0"},
				"east": {"uv": [11.75, 1.5, 13.25, 1.625], "texture": "#0"},
				"south": {"uv": [11.75, 1.625, 13.25, 1.75], "texture": "#0"},
				"west": {"uv": [11.75, 1.75, 13.25, 1.875], "texture": "#0"},
				"up": {"uv": [10.5, 7.5, 9, 6], "texture": "#0"},
				"down": {"uv": [9, 9, 7.5, 10.5], "texture": "#0"}
			}
		},
		{
			"from": [-2, -14, -2],
			"to": [18, -12, 18],
			"rotation": {"angle": 0, "axis": "z", "origin": [0, 16, 0]},
			"faces": {
				"north": {"uv": [11.75, 4.875, 13, 5], "texture": "#0"},
				"east": {"uv": [11.75, 5, 13, 5.125], "texture": "#0"},
				"south": {"uv": [11.75, 5.125, 13, 5.25], "texture": "#0"},
				"west": {"uv": [11.75, 5.25, 13, 5.375], "texture": "#0"},
				"up": {"uv": [3.75, 11.75, 2.5, 10.5], "texture": "#0"},
				"down": {"uv": [11.75, 2.5, 10.5, 3.75], "texture": "#0"}
			}
		},
		{
			"from": [0, -16, 0],
			"to": [16, -14, 16],
			"rotation": {"angle": 0, "axis": "z", "origin": [0, 16, 0]},
			"faces": {
				"north": {"uv": [11.75, 8, 12.75, 8.125], "texture": "#0"},
				"east": {"uv": [11.75, 8.125, 12.75, 8.25], "texture": "#0"},
				"south": {"uv": [11.75, 8.375, 12.75, 8.5], "texture": "#0"},
				"west": {"uv": [11.75, 8.5, 12.75, 8.625], "texture": "#0"},
				"up": {"uv": [12.5, 4.75, 11.5, 3.75], "texture": "#0"},
				"down": {"uv": [5.75, 11.5, 4.75, 12.5], "texture": "#0"}
			}
		},
		{
			"from": [-8, -8, -8],
			"to": [24, 24, 24],
			"faces": {
				"north": {"uv": [0, 0, 2, 2], "texture": "#0"},
				"east": {"uv": [0, 2, 2, 4], "texture": "#0"},
				"south": {"uv": [2, 0, 4, 2], "texture": "#0"},
				"west": {"uv": [2, 2, 4, 4], "texture": "#0"},
				"up": {"uv": [2, 6, 0, 4], "texture": "#0"},
				"down": {"uv": [6, 0, 4, 2], "texture": "#0"}
			}
		}
	],
	"display": {
		"head": {
			"scale": [4, 4, 4]
		}
	},
	"groups": [
		{
			"name": "group",
			"origin": [8, 8, 8],
			"color": 0,
			"children": [
				{
					"name": "group",
					"origin": [0, 0, 0],
					"color": 0,
					"children": [0, 1, 2, 3]
				},
				{
					"name": "group",
					"origin": [0, 0, 0],
					"color": 0,
					"children": [4, 5, 6, 7]
				},
				{
					"name": "group",
					"origin": [0, 0, 0],
					"color": 0,
					"children": [8, 9, 10, 11]
				},
				{
					"name": "group",
					"origin": [0, 0, 0],
					"color": 0,
					"children": [12, 13, 14, 15]
				},
				{
					"name": "group",
					"origin": [0, 0, 0],
					"color": 0,
					"children": [16, 17, 18, 19]
				},
				{
					"name": "group",
					"origin": [0, 0, 0],
					"color": 0,
					"children": [20, 21, 22, 23]
				},
				24
			]
		}
	]
}