{
	"credit": "Made with Blockbench",
	"texture_size": [64, 64],
	"textures": {
		"0": "block/plague_cleric",
		"particle": "block/plague_cleric"
	},
	"elements": [
		{
			"from": [9.62, 2.01, 1.76],
			"to": [10.74, 3.13, 2.88],
			"rotation": {"angle": 0, "axis": "y", "origin": [0, 1.76, 0.88]},
			"faces": {
				"north": {"uv": [4.25, 7.5, 4.5, 7.75], "texture": "#0"},
				"east": {"uv": [4.25, 7.75, 4.5, 8], "texture": "#0"},
				"south": {"uv": [2.5, 8.25, 2.75, 8.5], "texture": "#0"},
				"west": {"uv": [2.5, 8.5, 2.75, 8.75], "texture": "#0"},
				"up": {"uv": [9.25, 9.25, 9, 9], "texture": "#0"},
				"down": {"uv": [0.25, 9.25, 0, 9.5], "texture": "#0"}
			}
		},
		{
			"from": [7.38, 1.51, 0.64],
			"to": [8.5, 2.63, 1.76],
			"rotation": {"angle": 0, "axis": "y", "origin": [1.76, 1.76, 3.76]},
			"faces": {
				"north": {"uv": [0.25, 9.25, 0.5, 9.5], "texture": "#0"},
				"east": {"uv": [0.5, 9.25, 0.75, 9.5], "texture": "#0"},
				"south": {"uv": [0.75, 9.25, 1, 9.5], "texture": "#0"},
				"west": {"uv": [1, 9.25, 1.25, 9.5], "texture": "#0"},
				"up": {"uv": [1.5, 9.5, 1.25, 9.25], "texture": "#0"},
				"down": {"uv": [1.75, 9.25, 1.5, 9.5], "texture": "#0"}
			}
		},
		{
			"from": [8.5, 1.51, 0.64],
			"to": [9.62, 2.63, 1.76],
			"rotation": {"angle": 0, "axis": "y", "origin": [0.88, 1.76, 3.76]},
			"faces": {
				"north": {"uv": [1.75, 9.25, 2, 9.5], "texture": "#0"},
				"east": {"uv": [2, 9.25, 2.25, 9.5], "texture": "#0"},
				"south": {"uv": [2.25, 9.25, 2.5, 9.5], "texture": "#0"},
				"west": {"uv": [2.5, 9.25, 2.75, 9.5], "texture": "#0"},
				"up": {"uv": [3, 9.5, 2.75, 9.25], "texture": "#0"},
				"down": {"uv": [3.25, 9.25, 3, 9.5], "texture": "#0"}
			}
		},
		{
			"from": [8.5, 2.63, 0.64],
			"to": [9.62, 3.75, 1.76],
			"rotation": {"angle": 0, "axis": "y", "origin": [0.88, 0.88, 3.76]},
			"faces": {
				"north": {"uv": [3.25, 9.25, 3.5, 9.5], "texture": "#0"},
				"east": {"uv": [3.5, 9.25, 3.75, 9.5], "texture": "#0"},
				"south": {"uv": [3.75, 9.25, 4, 9.5], "texture": "#0"},
				"west": {"uv": [4, 9.25, 4.25, 9.5], "texture": "#0"},
				"up": {"uv": [4.5, 9.5, 4.25, 9.25], "texture": "#0"},
				"down": {"uv": [4.75, 9.25, 4.5, 9.5], "texture": "#0"}
			}
		},
		{
			"from": [7.38, 2.63, 0.64],
			"to": [8.5, 3.75, 1.76],
			"rotation": {"angle": 0, "axis": "y", "origin": [1.76, 0.88, 3.76]},
			"faces": {
				"north": {"uv": [4.75, 9.25, 5, 9.5], "texture": "#0"},
				"east": {"uv": [9, 9.25, 9.25, 9.5], "texture": "#0"},
				"south": {"uv": [9.25, 9, 9.5, 9.25], "texture": "#0"},
				"west": {"uv": [9.25, 9.25, 9.5, 9.5], "texture": "#0"},
				"up": {"uv": [0.25, 9.75, 0, 9.5], "texture": "#0"},
				"down": {"uv": [9.75, 0, 9.5, 0.25], "texture": "#0"}
			}
		},
		{
			"from": [7.38, 3.75, 0.64],
			"to": [8.5, 4.87, 1.76],
			"rotation": {"angle": 0, "axis": "y", "origin": [1.76, 0, 3.76]},
			"faces": {
				"north": {"uv": [0.25, 9.5, 0.5, 9.75], "texture": "#0"},
				"east": {"uv": [9.5, 0.25, 9.75, 0.5], "texture": "#0"},
				"south": {"uv": [0.5, 9.5, 0.75, 9.75], "texture": "#0"},
				"west": {"uv": [9.5, 0.5, 9.75, 0.75], "texture": "#0"},
				"up": {"uv": [1, 9.75, 0.75, 9.5], "texture": "#0"},
				"down": {"uv": [9.75, 0.75, 9.5, 1], "texture": "#0"}
			}
		},
		{
			"from": [8.5, 3.75, 0.64],
			"to": [9.62, 4.87, 1.76],
			"rotation": {"angle": 0, "axis": "y", "origin": [0.88, 0, 3.76]},
			"faces": {
				"north": {"uv": [1, 9.5, 1.25, 9.75], "texture": "#0"},
				"east": {"uv": [1.25, 9.5, 1.5, 9.75], "texture": "#0"},
				"south": {"uv": [1.5, 9.5, 1.75, 9.75], "texture": "#0"},
				"west": {"uv": [1.75, 9.5, 2, 9.75], "texture": "#0"},
				"up": {"uv": [2.25, 9.75, 2, 9.5], "texture": "#0"},
				"down": {"uv": [2.5, 9.5, 2.25, 9.75], "texture": "#0"}
			}
		},
		{
			"from": [8.5, 2.01, 1.76],
			"to": [9.62, 3.13, 2.88],
			"rotation": {"angle": 0, "axis": "y", "origin": [0.88, 1.76, 0.88]},
			"faces": {
				"north": {"uv": [2.5, 9.5, 2.75, 9.75], "texture": "#0"},
				"east": {"uv": [2.75, 9.5, 3, 9.75], "texture": "#0"},
				"south": {"uv": [3, 9.5, 3.25, 9.75], "texture": "#0"},
				"west": {"uv": [3.25, 9.5, 3.5, 9.75], "texture": "#0"},
				"up": {"uv": [3.75, 9.75, 3.5, 9.5], "texture": "#0"},
				"down": {"uv": [4, 9.5, 3.75, 9.75], "texture": "#0"}
			}
		},
		{
			"from": [7.38, 2.01, 1.76],
			"to": [8.5, 3.13, 2.88],
			"rotation": {"angle": 0, "axis": "y", "origin": [1.76, 1.76, 0.88]},
			"faces": {
				"north": {"uv": [4, 9.5, 4.25, 9.75], "texture": "#0"},
				"east": {"uv": [4.25, 9.5, 4.5, 9.75], "texture": "#0"},
				"south": {"uv": [4.5, 9.5, 4.75, 9.75], "texture": "#0"},
				"west": {"uv": [4.75, 9.5, 5, 9.75], "texture": "#0"},
				"up": {"uv": [9.75, 5.75, 9.5, 5.5], "texture": "#0"},
				"down": {"uv": [9.75, 5.75, 9.5, 6], "texture": "#0"}
			}
		},
		{
			"from": [6.26, 2.01, 1.76],
			"to": [7.38, 3.13, 2.88],
			"rotation": {"angle": 0, "axis": "y", "origin": [2.64, 1.76, 0.88]},
			"faces": {
				"north": {"uv": [9.5, 6, 9.75, 6.25], "texture": "#0"},
				"east": {"uv": [9.5, 6.25, 9.75, 6.5], "texture": "#0"},
				"south": {"uv": [9.5, 6.5, 9.75, 6.75], "texture": "#0"},
				"west": {"uv": [9.5, 6.75, 9.75, 7], "texture": "#0"},
				"up": {"uv": [9.75, 7.25, 9.5, 7], "texture": "#0"},
				"down": {"uv": [9.75, 7.25, 9.5, 7.5], "texture": "#0"}
			}
		},
		{
			"from": [6.26, 3.13, 1.76],
			"to": [7.38, 4.25, 2.88],
			"rotation": {"angle": 0, "axis": "y", "origin": [2.64, 0.88, 0.88]},
			"faces": {
				"north": {"uv": [9.5, 7.5, 9.75, 7.75], "texture": "#0"},
				"east": {"uv": [9.5, 7.75, 9.75, 8], "texture": "#0"},
				"south": {"uv": [8, 9.5, 8.25, 9.75], "texture": "#0"},
				"west": {"uv": [8.25, 9.5, 8.5, 9.75], "texture": "#0"},
				"up": {"uv": [8.75, 9.75, 8.5, 9.5], "texture": "#0"},
				"down": {"uv": [9, 9.5, 8.75, 9.75], "texture": "#0"}
			}
		},
		{
			"from": [6.26, 4.25, 1.76],
			"to": [7.38, 5.37, 2.88],
			"rotation": {"angle": 0, "axis": "y", "origin": [2.64, 0, 0.88]},
			"faces": {
				"north": {"uv": [9, 9.5, 9.25, 9.75], "texture": "#0"},
				"east": {"uv": [9.5, 9, 9.75, 9.25], "texture": "#0"},
				"south": {"uv": [9.25, 9.5, 9.5, 9.75], "texture": "#0"},
				"west": {"uv": [9.5, 9.25, 9.75, 9.5], "texture": "#0"},
				"up": {"uv": [9.75, 9.75, 9.5, 9.5], "texture": "#0"},
				"down": {"uv": [0.25, 9.75, 0, 10], "texture": "#0"}
			}
		},
		{
			"from": [7.38, 3.13, 1.76],
			"to": [8.5, 4.25, 2.88],
			"rotation": {"angle": 0, "axis": "y", "origin": [1.76, 0.88, 0.88]},
			"faces": {
				"north": {"uv": [9.75, 0, 10, 0.25], "texture": "#0"},
				"east": {"uv": [0.25, 9.75, 0.5, 10], "texture": "#0"},
				"south": {"uv": [9.75, 0.25, 10, 0.5], "texture": "#0"},
				"west": {"uv": [0.5, 9.75, 0.75, 10], "texture": "#0"},
				"up": {"uv": [10, 0.75, 9.75, 0.5], "texture": "#0"},
				"down": {"uv": [1, 9.75, 0.75, 10], "texture": "#0"}
			}
		},
		{
			"from": [7.38, 4.25, 1.76],
			"to": [8.5, 5.37, 2.88],
			"rotation": {"angle": 0, "axis": "y", "origin": [1.76, 0, 0.88]},
			"faces": {
				"north": {"uv": [9.75, 0.75, 10, 1], "texture": "#0"},
				"east": {"uv": [1, 9.75, 1.25, 10], "texture": "#0"},
				"south": {"uv": [1.25, 9.75, 1.5, 10], "texture": "#0"},
				"west": {"uv": [1.5, 9.75, 1.75, 10], "texture": "#0"},
				"up": {"uv": [2, 10, 1.75, 9.75], "texture": "#0"},
				"down": {"uv": [2.25, 9.75, 2, 10], "texture": "#0"}
			}
		},
		{
			"from": [8.5, 3.13, 1.76],
			"to": [9.62, 4.25, 2.88],
			"rotation": {"angle": 0, "axis": "y", "origin": [0.88, 0.88, 0.88]},
			"faces": {
				"north": {"uv": [2.25, 9.75, 2.5, 10], "texture": "#0"},
				"east": {"uv": [2.5, 9.75, 2.75, 10], "texture": "#0"},
				"south": {"uv": [2.75, 9.75, 3, 10], "texture": "#0"},
				"west": {"uv": [3, 9.75, 3.25, 10], "texture": "#0"},
				"up": {"uv": [3.5, 10, 3.25, 9.75], "texture": "#0"},
				"down": {"uv": [3.75, 9.75, 3.5, 10], "texture": "#0"}
			}
		},
		{
			"from": [8.5, 4.25, 1.76],
			"to": [9.62, 5.37, 2.88],
			"rotation": {"angle": 0, "axis": "y", "origin": [0.88, 0, 0.88]},
			"faces": {
				"north": {"uv": [3.75, 9.75, 4, 10], "texture": "#0"},
				"east": {"uv": [4, 9.75, 4.25, 10], "texture": "#0"},
				"south": {"uv": [4.25, 9.75, 4.5, 10], "texture": "#0"},
				"west": {"uv": [4.5, 9.75, 4.75, 10], "texture": "#0"},
				"up": {"uv": [5, 10, 4.75, 9.75], "texture": "#0"},
				"down": {"uv": [10, 5.5, 9.75, 5.75], "texture": "#0"}
			}
		},
		{
			"from": [9.62, 3.13, 1.76],
			"to": [10.74, 4.25, 2.88],
			"rotation": {"angle": 0, "axis": "y", "origin": [0, 0.88, 0.88]},
			"faces": {
				"north": {"uv": [9.75, 5.75, 10, 6], "texture": "#0"},
				"east": {"uv": [9.75, 6, 10, 6.25], "texture": "#0"},
				"south": {"uv": [9.75, 6.25, 10, 6.5], "texture": "#0"},
				"west": {"uv": [9.75, 6.5, 10, 6.75], "texture": "#0"},
				"up": {"uv": [10, 7, 9.75, 6.75], "texture": "#0"},
				"down": {"uv": [10, 7, 9.75, 7.25], "texture": "#0"}
			}
		},
		{
			"from": [9.62, 4.25, 1.76],
			"to": [10.74, 5.37, 2.88],
			"rotation": {"angle": 0, "axis": "y", "origin": [0, 0, 0.88]},
			"faces": {
				"north": {"uv": [9.75, 7.25, 10, 7.5], "texture": "#0"},
				"east": {"uv": [9.75, 7.5, 10, 7.75], "texture": "#0"},
				"south": {"uv": [9.75, 7.75, 10, 8], "texture": "#0"},
				"west": {"uv": [8, 9.75, 8.25, 10], "texture": "#0"},
				"up": {"uv": [8.5, 10, 8.25, 9.75], "texture": "#0"},
				"down": {"uv": [8.75, 9.75, 8.5, 10], "texture": "#0"}
			}
		},
		{
			"from": [6.26, 2.01, 2.88],
			"to": [7.38, 3.13, 4],
			"rotation": {"angle": 0, "axis": "y", "origin": [2.64, 1.76, 0]},
			"faces": {
				"north": {"uv": [8.75, 9.75, 9, 10], "texture": "#0"},
				"east": {"uv": [9, 9.75, 9.25, 10], "texture": "#0"},
				"south": {"uv": [9.75, 9, 10, 9.25], "texture": "#0"},
				"west": {"uv": [9.25, 9.75, 9.5, 10], "texture": "#0"},
				"up": {"uv": [10, 9.5, 9.75, 9.25], "texture": "#0"},
				"down": {"uv": [9.75, 9.75, 9.5, 10], "texture": "#0"}
			}
		},
		{
			"from": [7.38, 2.01, 2.88],
			"to": [8.5, 3.13, 4],
			"rotation": {"angle": 0, "axis": "y", "origin": [1.76, 1.76, 0]},
			"faces": {
				"north": {"uv": [9.75, 9.5, 10, 9.75], "texture": "#0"},
				"east": {"uv": [9.75, 9.75, 10, 10], "texture": "#0"},
				"south": {"uv": [0, 10, 0.25, 10.25], "texture": "#0"},
				"west": {"uv": [10, 0, 10.25, 0.25], "texture": "#0"},
				"up": {"uv": [0.5, 10.25, 0.25, 10], "texture": "#0"},
				"down": {"uv": [10.25, 0.25, 10, 0.5], "texture": "#0"}
			}
		},
		{
			"from": [8.5, 2.01, 2.88],
			"to": [9.62, 3.13, 4],
			"rotation": {"angle": 0, "axis": "y", "origin": [0.88, 1.76, 0]},
			"faces": {
				"north": {"uv": [0.5, 10, 0.75, 10.25], "texture": "#0"},
				"east": {"uv": [10, 0.5, 10.25, 0.75], "texture": "#0"},
				"south": {"uv": [0.75, 10, 1, 10.25], "texture": "#0"},
				"west": {"uv": [10, 0.75, 10.25, 1], "texture": "#0"},
				"up": {"uv": [1.25, 10.25, 1, 10], "texture": "#0"},
				"down": {"uv": [1.5, 10, 1.25, 10.25], "texture": "#0"}
			}
		},
		{
			"from": [9.62, 2.01, 2.88],
			"to": [10.74, 3.13, 4],
			"rotation": {"angle": 0, "axis": "y", "origin": [0, 1.76, 0]},
			"faces": {
				"north": {"uv": [1.5, 10, 1.75, 10.25], "texture": "#0"},
				"east": {"uv": [1.75, 10, 2, 10.25], "texture": "#0"},
				"south": {"uv": [2, 10, 2.25, 10.25], "texture": "#0"},
				"west": {"uv": [2.25, 10, 2.5, 10.25], "texture": "#0"},
				"up": {"uv": [2.75, 10.25, 2.5, 10], "texture": "#0"},
				"down": {"uv": [3, 10, 2.75, 10.25], "texture": "#0"}
			}
		},
		{
			"from": [6.26, 3.13, 2.88],
			"to": [7.38, 4.25, 4],
			"rotation": {"angle": 0, "axis": "y", "origin": [2.64, 0.88, 0]},
			"faces": {
				"north": {"uv": [3, 10, 3.25, 10.25], "texture": "#0"},
				"east": {"uv": [3.25, 10, 3.5, 10.25], "texture": "#0"},
				"south": {"uv": [3.5, 10, 3.75, 10.25], "texture": "#0"},
				"west": {"uv": [3.75, 10, 4, 10.25], "texture": "#0"},
				"up": {"uv": [4.25, 10.25, 4, 10], "texture": "#0"},
				"down": {"uv": [4.5, 10, 4.25, 10.25], "texture": "#0"}
			}
		},
		{
			"from": [7.38, 3.13, 2.88],
			"to": [8.5, 4.25, 4],
			"rotation": {"angle": 0, "axis": "y", "origin": [1.76, 0.88, 0]},
			"faces": {
				"north": {"uv": [4.5, 10, 4.75, 10.25], "texture": "#0"},
				"east": {"uv": [4.75, 10, 5, 10.25], "texture": "#0"},
				"south": {"uv": [10, 5.5, 10.25, 5.75], "texture": "#0"},
				"west": {"uv": [10, 5.75, 10.25, 6], "texture": "#0"},
				"up": {"uv": [10.25, 6.25, 10, 6], "texture": "#0"},
				"down": {"uv": [10.25, 6.25, 10, 6.5], "texture": "#0"}
			}
		},
		{
			"from": [8.5, 3.13, 2.88],
			"to": [9.62, 4.25, 4],
			"rotation": {"angle": 0, "axis": "y", "origin": [0.88, 0.88, 0]},
			"faces": {
				"north": {"uv": [10, 6.5, 10.25, 6.75], "texture": "#0"},
				"east": {"uv": [10, 6.75, 10.25, 7], "texture": "#0"},
				"south": {"uv": [10, 7, 10.25, 7.25], "texture": "#0"},
				"west": {"uv": [10, 7.25, 10.25, 7.5], "texture": "#0"},
				"up": {"uv": [10.25, 7.75, 10, 7.5], "texture": "#0"},
				"down": {"uv": [10.25, 7.75, 10, 8], "texture": "#0"}
			}
		},
		{
			"from": [9.62, 3.13, 2.88],
			"to": [10.74, 4.25, 4],
			"rotation": {"angle": 0, "axis": "y", "origin": [0, 0.88, 0]},
			"faces": {
				"north": {"uv": [8, 10, 8.25, 10.25], "texture": "#0"},
				"east": {"uv": [8.25, 10, 8.5, 10.25], "texture": "#0"},
				"south": {"uv": [8.5, 10, 8.75, 10.25], "texture": "#0"},
				"west": {"uv": [8.75, 10, 9, 10.25], "texture": "#0"},
				"up": {"uv": [9.25, 10.25, 9, 10], "texture": "#0"},
				"down": {"uv": [10.25, 9, 10, 9.25], "texture": "#0"}
			}
		},
		{
			"from": [6.26, 4.25, 2.88],
			"to": [7.38, 5.37, 4],
			"rotation": {"angle": 0, "axis": "y", "origin": [2.64, 0, 0]},
			"faces": {
				"north": {"uv": [9.25, 10, 9.5, 10.25], "texture": "#0"},
				"east": {"uv": [10, 9.25, 10.25, 9.5], "texture": "#0"},
				"south": {"uv": [9.5, 10, 9.75, 10.25], "texture": "#0"},
				"west": {"uv": [10, 9.5, 10.25, 9.75], "texture": "#0"},
				"up": {"uv": [10, 10.25, 9.75, 10], "texture": "#0"},
				"down": {"uv": [10.25, 9.75, 10, 10], "texture": "#0"}
			}
		},
		{
			"from": [7.38, 4.25, 2.88],
			"to": [8.5, 5.37, 4],
			"rotation": {"angle": 0, "axis": "y", "origin": [1.76, 0, 0]},
			"faces": {
				"north": {"uv": [10, 10, 10.25, 10.25], "texture": "#0"},
				"east": {"uv": [0, 10.25, 0.25, 10.5], "texture": "#0"},
				"south": {"uv": [10.25, 0, 10.5, 0.25], "texture": "#0"},
				"west": {"uv": [0.25, 10.25, 0.5, 10.5], "texture": "#0"},
				"up": {"uv": [10.5, 0.5, 10.25, 0.25], "texture": "#0"},
				"down": {"uv": [0.75, 10.25, 0.5, 10.5], "texture": "#0"}
			}
		},
		{
			"from": [8.5, 4.25, 2.88],
			"to": [9.62, 5.37, 4],
			"rotation": {"angle": 0, "axis": "y", "origin": [0.88, 0, 0]},
			"faces": {
				"north": {"uv": [10.25, 0.5, 10.5, 0.75], "texture": "#0"},
				"east": {"uv": [0.75, 10.25, 1, 10.5], "texture": "#0"},
				"south": {"uv": [10.25, 0.75, 10.5, 1], "texture": "#0"},
				"west": {"uv": [1, 10.25, 1.25, 10.5], "texture": "#0"},
				"up": {"uv": [1.5, 10.5, 1.25, 10.25], "texture": "#0"},
				"down": {"uv": [1.75, 10.25, 1.5, 10.5], "texture": "#0"}
			}
		},
		{
			"from": [9.62, 4.25, 2.88],
			"to": [10.74, 5.37, 4],
			"faces": {
				"north": {"uv": [1.75, 10.25, 2, 10.5], "texture": "#0"},
				"east": {"uv": [2, 10.25, 2.25, 10.5], "texture": "#0"},
				"south": {"uv": [2.25, 10.25, 2.5, 10.5], "texture": "#0"},
				"west": {"uv": [2.5, 10.25, 2.75, 10.5], "texture": "#0"},
				"up": {"uv": [3, 10.5, 2.75, 10.25], "texture": "#0"},
				"down": {"uv": [3.25, 10.25, 3, 10.5], "texture": "#0"}
			}
		},
		{
			"from": [4, 2, 4],
			"to": [13, 2, 13],
			"faces": {
				"north": {"uv": [0, 0, 2.25, 0], "texture": "#0"},
				"east": {"uv": [0, 0, 2.25, 0], "texture": "#0"},
				"south": {"uv": [0, 0, 2.25, 0], "texture": "#0"},
				"west": {"uv": [0, 0, 2.25, 0], "texture": "#0"},
				"up": {"uv": [4.5, 2.25, 2.25, 0], "texture": "#0"},
				"down": {"uv": [4.5, 2.25, 2.25, 4.5], "texture": "#0"}
			}
		},
		{
			"from": [4, 12, 4],
			"to": [13, 12, 13],
			"faces": {
				"north": {"uv": [0, 0, 2.25, 0], "texture": "#0"},
				"east": {"uv": [0, 0, 2.25, 0], "texture": "#0"},
				"south": {"uv": [0, 0, 2.25, 0], "texture": "#0"},
				"west": {"uv": [0, 0, 2.25, 0], "texture": "#0"},
				"up": {"uv": [2.25, 2.25, 0, 0], "texture": "#0"},
				"down": {"uv": [2.25, 2.25, 0, 4.5], "texture": "#0"}
			}
		},
		{
			"from": [4, 2, 4],
			"to": [13, 8, 4],
			"faces": {
				"north": {"uv": [0, 4.5, 2.25, 6], "texture": "#0"},
				"east": {"uv": [0, 4.5, 2.25, 6], "texture": "#0"},
				"south": {"uv": [0, 4.5, 2.25, 6], "texture": "#0"},
				"west": {"uv": [0, 4.5, 2.25, 6], "texture": "#0"},
				"up": {"uv": [0, 4.5, 2.25, 6], "texture": "#0"},
				"down": {"uv": [0, 4.5, 2.25, 6], "texture": "#0"}
			}
		},
		{
			"from": [4, 8, 4],
			"to": [13, 12, 4],
			"faces": {
				"north": {"uv": [6.75, 1, 9, 2], "texture": "#0"},
				"east": {"uv": [0, 0, 0, 1], "texture": "#0"},
				"south": {"uv": [6.75, 2, 9, 3], "texture": "#0"},
				"west": {"uv": [0, 0, 0, 1], "texture": "#0"},
				"up": {"uv": [2.25, 0, 0, 0], "texture": "#0"},
				"down": {"uv": [2.25, 0, 0, 0], "texture": "#0"}
			}
		},
		{
			"from": [3.75, 8, 3.75],
			"to": [13.25, 10, 3.75],
			"faces": {
				"north": {"uv": [5.5, 8, 8, 8.5], "texture": "#0"},
				"east": {"uv": [5.5, 8, 8, 8.5], "texture": "#0"},
				"south": {"uv": [5.5, 8, 8, 8.5], "texture": "#0"},
				"west": {"uv": [5.5, 8, 8, 8.5], "texture": "#0"},
				"up": {"uv": [5.5, 8, 8, 8.5], "texture": "#0"},
				"down": {"uv": [5.5, 8, 8, 8.5], "texture": "#0"}
			}
		},
		{
			"from": [3.75, 8, 13.25],
			"to": [13.25, 10, 13.25],
			"faces": {
				"north": {"uv": [5.5, 8.5, 8, 9], "texture": "#0"},
				"east": {"uv": [5.5, 8.5, 8, 9], "texture": "#0"},
				"south": {"uv": [5.5, 8.5, 8, 9], "texture": "#0"},
				"west": {"uv": [5.5, 8.5, 8, 9], "texture": "#0"},
				"up": {"uv": [5.5, 8.5, 8, 9], "texture": "#0"},
				"down": {"uv": [5.5, 8.5, 8, 9], "texture": "#0"}
			}
		},
		{
			"from": [4, 8, 13],
			"to": [13, 12, 13],
			"faces": {
				"north": {"uv": [6.75, 3, 9, 4], "texture": "#0"},
				"east": {"uv": [0, 0, 0, 1], "texture": "#0"},
				"south": {"uv": [6.75, 4, 9, 5], "texture": "#0"},
				"west": {"uv": [0, 0, 0, 1], "texture": "#0"},
				"up": {"uv": [2.25, 0, 0, 0], "texture": "#0"},
				"down": {"uv": [2.25, 0, 0, 0], "texture": "#0"}
			}
		},
		{
			"from": [4, 2, 13],
			"to": [13, 8, 13],
			"faces": {
				"north": {"uv": [4.5, 1.5, 6.75, 3], "texture": "#0"},
				"east": {"uv": [0, 0, 0, 1.5], "texture": "#0"},
				"south": {"uv": [2.25, 4.5, 4.5, 6], "texture": "#0"},
				"west": {"uv": [0, 0, 0, 1.5], "texture": "#0"},
				"up": {"uv": [2.25, 0, 0, 0], "texture": "#0"},
				"down": {"uv": [2.25, 0, 0, 0], "texture": "#0"}
			}
		},
		{
			"from": [4, 8, 4],
			"to": [4, 12, 13],
			"faces": {
				"north": {"uv": [0, 0, 0, 1], "texture": "#0"},
				"east": {"uv": [6.75, 5, 9, 6], "texture": "#0"},
				"south": {"uv": [0, 0, 0, 1], "texture": "#0"},
				"west": {"uv": [4.5, 7, 6.75, 8], "texture": "#0"},
				"up": {"uv": [0, 2.25, 0, 0], "texture": "#0"},
				"down": {"uv": [0, 0, 0, 2.25], "texture": "#0"}
			}
		},
		{
			"from": [13, 8, 4],
			"to": [13, 12, 13],
			"faces": {
				"north": {"uv": [0, 0, 0, 1], "texture": "#0"},
				"east": {"uv": [6.75, 7, 9, 8], "texture": "#0"},
				"south": {"uv": [0, 0, 0, 1], "texture": "#0"},
				"west": {"uv": [7.25, 6, 9.5, 7], "texture": "#0"},
				"up": {"uv": [0, 2.25, 0, 0], "texture": "#0"},
				"down": {"uv": [0, 0, 0, 2.25], "texture": "#0"}
			}
		},
		{
			"from": [4, 2, 4],
			"to": [4, 8, 13],
			"faces": {
				"north": {"uv": [0, 0, 0, 1.5], "texture": "#0"},
				"east": {"uv": [4.5, 3, 6.75, 4.5], "texture": "#0"},
				"south": {"uv": [0, 0, 0, 1.5], "texture": "#0"},
				"west": {"uv": [4.5, 4.5, 6.75, 6], "texture": "#0"},
				"up": {"uv": [0, 2.25, 0, 0], "texture": "#0"},
				"down": {"uv": [0, 0, 0, 2.25], "texture": "#0"}
			}
		},
		{
			"from": [3.75, 8, 3.75],
			"to": [3.75, 10, 13.25],
			"faces": {
				"north": {"uv": [0, 0, 0, 0.5], "texture": "#0"},
				"east": {"uv": [8, 8.5, 10.5, 9], "texture": "#0"},
				"south": {"uv": [0, 0, 0, 0.5], "texture": "#0"},
				"west": {"uv": [0, 8.75, 2.5, 9.25], "texture": "#0"},
				"up": {"uv": [0, 2.5, 0, 0], "texture": "#0"},
				"down": {"uv": [0, 0, 0, 2.5], "texture": "#0"}
			}
		},
		{
			"from": [3.75, 10, 3.75],
			"to": [3.75, 12, 13.25],
			"faces": {
				"north": {"uv": [0, 0, 0, 0.5], "texture": "#0"},
				"east": {"uv": [2.5, 8.75, 5, 9.25], "texture": "#0"},
				"south": {"uv": [0, 0, 0, 0.5], "texture": "#0"},
				"west": {"uv": [9, 1, 11.5, 1.5], "texture": "#0"},
				"up": {"uv": [0, 2.5, 0, 0], "texture": "#0"},
				"down": {"uv": [0, 0, 0, 2.5], "texture": "#0"}
			}
		},
		{
			"from": [13.25, 8, 3.75],
			"to": [13.25, 10, 13.25],
			"faces": {
				"north": {"uv": [9, 1.5, 11.5, 2], "texture": "#0"},
				"east": {"uv": [9, 1.5, 11.5, 2], "texture": "#0"},
				"south": {"uv": [9, 1.5, 11.5, 2], "texture": "#0"},
				"west": {"uv": [9, 1.5, 11.5, 2], "texture": "#0"},
				"up": {"uv": [9, 1.5, 11.5, 2], "texture": "#0"},
				"down": {"uv": [9, 1.5, 11.5, 2], "texture": "#0"}
			}
		},
		{
			"from": [13, 2, 4],
			"to": [13, 8, 13],
			"faces": {
				"north": {"uv": [0, 0, 0, 1.5], "texture": "#0"},
				"east": {"uv": [0, 6, 2.25, 7.5], "texture": "#0"},
				"south": {"uv": [0, 0, 0, 1.5], "texture": "#0"},
				"west": {"uv": [2.25, 6, 4.5, 7.5], "texture": "#0"},
				"up": {"uv": [0, 2.25, 0, 0], "texture": "#0"},
				"down": {"uv": [0, 0, 0, 2.25], "texture": "#0"}
			}
		},
		{
			"from": [4, 8, 3],
			"to": [13, 8, 4],
			"faces": {
				"north": {"uv": [0, 0, 2.25, 0], "texture": "#0"},
				"east": {"uv": [0, 0, 0.25, 0], "texture": "#0"},
				"south": {"uv": [0, 0, 2.25, 0], "texture": "#0"},
				"west": {"uv": [0, 0, 0.25, 0], "texture": "#0"},
				"up": {"uv": [11.25, 3.75, 9, 3.5], "texture": "#0"},
				"down": {"uv": [11.25, 3.75, 9, 4], "texture": "#0"}
			}
		},
		{
			"from": [4, 8, 2],
			"to": [13, 8, 3],
			"faces": {
				"north": {"uv": [0, 0, 2.25, 0], "texture": "#0"},
				"east": {"uv": [0, 0, 0.25, 0], "texture": "#0"},
				"south": {"uv": [0, 0, 2.25, 0], "texture": "#0"},
				"west": {"uv": [0, 0, 0.25, 0], "texture": "#0"},
				"up": {"uv": [11.25, 4.25, 9, 4], "texture": "#0"},
				"down": {"uv": [11.25, 4.25, 9, 4.5], "texture": "#0"}
			}
		},
		{
			"from": [3, 8, 1],
			"to": [14, 8, 2],
			"faces": {
				"north": {"uv": [0, 0, 2.75, 0], "texture": "#0"},
				"east": {"uv": [0, 0, 0.25, 0], "texture": "#0"},
				"south": {"uv": [0, 0, 2.75, 0], "texture": "#0"},
				"west": {"uv": [0, 0, 0.25, 0], "texture": "#0"},
				"up": {"uv": [11.75, 2.75, 9, 2.5], "texture": "#0"},
				"down": {"uv": [11.75, 2.75, 9, 3], "texture": "#0"}
			}
		},
		{
			"from": [4, 8, 14],
			"to": [13, 8, 15],
			"faces": {
				"north": {"uv": [0, 0, 2.25, 0], "texture": "#0"},
				"east": {"uv": [0, 0, 0.25, 0], "texture": "#0"},
				"south": {"uv": [0, 0, 2.25, 0], "texture": "#0"},
				"west": {"uv": [0, 0, 0.25, 0], "texture": "#0"},
				"up": {"uv": [11.25, 4.75, 9, 4.5], "texture": "#0"},
				"down": {"uv": [11.25, 4.75, 9, 5], "texture": "#0"}
			}
		},
		{
			"from": [3, 8, 15],
			"to": [14, 8, 16],
			"faces": {
				"north": {"uv": [0, 0, 2.75, 0], "texture": "#0"},
				"east": {"uv": [0, 0, 0.25, 0], "texture": "#0"},
				"south": {"uv": [0, 0, 2.75, 0], "texture": "#0"},
				"west": {"uv": [0, 0, 0.25, 0], "texture": "#0"},
				"up": {"uv": [11.75, 3.25, 9, 3], "texture": "#0"},
				"down": {"uv": [11.75, 3.25, 9, 3.5], "texture": "#0"}
			}
		},
		{
			"from": [3, 4, 16],
			"to": [14, 8, 16],
			"faces": {
				"north": {"uv": [4.5, 6, 7.25, 7], "texture": "#0"},
				"east": {"uv": [0, 0, 0, 1], "texture": "#0"},
				"south": {"uv": [6.75, 0, 9.5, 1], "texture": "#0"},
				"west": {"uv": [0, 0, 0, 1], "texture": "#0"},
				"up": {"uv": [2.75, 0, 0, 0], "texture": "#0"},
				"down": {"uv": [2.75, 0, 0, 0], "texture": "#0"}
			}
		},
		{
			"from": [3, 8, 4],
			"to": [4, 8, 13],
			"faces": {
				"north": {"uv": [0, 0, 0.25, 0], "texture": "#0"},
				"east": {"uv": [0, 0, 2.25, 0], "texture": "#0"},
				"south": {"uv": [0, 0, 0.25, 0], "texture": "#0"},
				"west": {"uv": [0, 0, 2.25, 0], "texture": "#0"},
				"up": {"uv": [6.25, 11.25, 6, 9], "texture": "#0"},
				"down": {"uv": [6.5, 9, 6.25, 11.25], "texture": "#0"}
			}
		},
		{
			"from": [2, 8, 4],
			"to": [3, 8, 13],
			"faces": {
				"north": {"uv": [0, 0, 0.25, 0], "texture": "#0"},
				"east": {"uv": [0, 0, 2.25, 0], "texture": "#0"},
				"south": {"uv": [0, 0, 0.25, 0], "texture": "#0"},
				"west": {"uv": [0, 0, 2.25, 0], "texture": "#0"},
				"up": {"uv": [6.75, 11.25, 6.5, 9], "texture": "#0"},
				"down": {"uv": [7, 9, 6.75, 11.25], "texture": "#0"}
			}
		},
		{
			"from": [1, 5, 3],
			"to": [1, 8, 14],
			"faces": {
				"north": {"uv": [0, 0, 0, 0.75], "texture": "#0"},
				"east": {"uv": [0, 7.5, 2.75, 8.25], "texture": "#0"},
				"south": {"uv": [0, 0, 0, 0.75], "texture": "#0"},
				"west": {"uv": [2.75, 8, 5.5, 8.75], "texture": "#0"},
				"up": {"uv": [0, 2.75, 0, 0], "texture": "#0"},
				"down": {"uv": [0, 0, 0, 2.75], "texture": "#0"}
			}
		},
		{
			"from": [1, 8, 3],
			"to": [2, 8, 14],
			"faces": {
				"north": {"uv": [0, 0, 0.25, 0], "texture": "#0"},
				"east": {"uv": [0, 0, 2.75, 0], "texture": "#0"},
				"south": {"uv": [0, 0, 0.25, 0], "texture": "#0"},
				"west": {"uv": [0, 0, 2.75, 0], "texture": "#0"},
				"up": {"uv": [5.25, 11.5, 5, 8.75], "texture": "#0"},
				"down": {"uv": [5.5, 8.75, 5.25, 11.5], "texture": "#0"}
			}
		},
		{
			"from": [13, 8, 4],
			"to": [14, 8, 13],
			"faces": {
				"north": {"uv": [0, 0, 0.25, 0], "texture": "#0"},
				"east": {"uv": [0, 0, 2.25, 0], "texture": "#0"},
				"south": {"uv": [0, 0, 0.25, 0], "texture": "#0"},
				"west": {"uv": [0, 0, 2.25, 0], "texture": "#0"},
				"up": {"uv": [7.25, 11.25, 7, 9], "texture": "#0"},
				"down": {"uv": [7.5, 9, 7.25, 11.25], "texture": "#0"}
			}
		},
		{
			"from": [14, 8, 4],
			"to": [15, 8, 13],
			"faces": {
				"north": {"uv": [0, 0, 0.25, 0], "texture": "#0"},
				"east": {"uv": [0, 0, 2.25, 0], "texture": "#0"},
				"south": {"uv": [0, 0, 0.25, 0], "texture": "#0"},
				"west": {"uv": [0, 0, 2.25, 0], "texture": "#0"},
				"up": {"uv": [7.75, 11.25, 7.5, 9], "texture": "#0"},
				"down": {"uv": [8, 9, 7.75, 11.25], "texture": "#0"}
			}
		},
		{
			"from": [15, 8, 3],
			"to": [16, 8, 14],
			"faces": {
				"north": {"uv": [0, 0, 0.25, 0], "texture": "#0"},
				"east": {"uv": [0, 0, 2.75, 0], "texture": "#0"},
				"south": {"uv": [0, 0, 0.25, 0], "texture": "#0"},
				"west": {"uv": [0, 0, 2.75, 0], "texture": "#0"},
				"up": {"uv": [5.75, 11.75, 5.5, 9], "texture": "#0"},
				"down": {"uv": [6, 9, 5.75, 11.75], "texture": "#0"}
			}
		},
		{
			"from": [13, 8, 2],
			"to": [15, 8, 4],
			"faces": {
				"north": {"uv": [0, 0, 0.5, 0], "texture": "#0"},
				"east": {"uv": [0, 0, 0.5, 0], "texture": "#0"},
				"south": {"uv": [0, 0, 0.5, 0], "texture": "#0"},
				"west": {"uv": [0, 0, 0.5, 0], "texture": "#0"},
				"up": {"uv": [3.25, 8, 2.75, 7.5], "texture": "#0"},
				"down": {"uv": [3.75, 7.5, 3.25, 8], "texture": "#0"}
			}
		},
		{
			"from": [2, 8, 2],
			"to": [4, 8, 4],
			"faces": {
				"north": {"uv": [0, 0, 0.5, 0], "texture": "#0"},
				"east": {"uv": [0, 0, 0.5, 0], "texture": "#0"},
				"south": {"uv": [0, 0, 0.5, 0], "texture": "#0"},
				"west": {"uv": [0, 0, 0.5, 0], "texture": "#0"},
				"up": {"uv": [4.25, 8, 3.75, 7.5], "texture": "#0"},
				"down": {"uv": [9.5, 5.5, 9, 6], "texture": "#0"}
			}
		},
		{
			"from": [2, 8, 13],
			"to": [4, 8, 15],
			"faces": {
				"north": {"uv": [0, 0, 0.5, 0], "texture": "#0"},
				"east": {"uv": [0, 0, 0.5, 0], "texture": "#0"},
				"south": {"uv": [0, 0, 0.5, 0], "texture": "#0"},
				"west": {"uv": [0, 0, 0.5, 0], "texture": "#0"},
				"up": {"uv": [9.5, 7.5, 9, 7], "texture": "#0"},
				"down": {"uv": [9.5, 7.5, 9, 8], "texture": "#0"}
			}
		},
		{
			"from": [13, 8, 13],
			"to": [15, 8, 15],
			"faces": {
				"north": {"uv": [0, 0, 0.5, 0], "texture": "#0"},
				"east": {"uv": [0, 0, 0.5, 0], "texture": "#0"},
				"south": {"uv": [0, 0, 0.5, 0], "texture": "#0"},
				"west": {"uv": [0, 0, 0.5, 0], "texture": "#0"},
				"up": {"uv": [8.5, 9.5, 8, 9], "texture": "#0"},
				"down": {"uv": [9, 9, 8.5, 9.5], "texture": "#0"}
			}
		},
		{
			"from": [4, 8, 13],
			"to": [13, 8, 14],
			"faces": {
				"north": {"uv": [0, 0, 2.25, 0], "texture": "#0"},
				"east": {"uv": [0, 0, 0.25, 0], "texture": "#0"},
				"south": {"uv": [0, 0, 2.25, 0], "texture": "#0"},
				"west": {"uv": [0, 0, 0.25, 0], "texture": "#0"},
				"up": {"uv": [11.25, 5.25, 9, 5], "texture": "#0"},
				"down": {"uv": [11.25, 5.25, 9, 5.5], "texture": "#0"}
			}
		}
	],
	"display": {
		"thirdperson_righthand": {
			"translation": [-0.25, 0.25, -1],
			"scale": [0.57, 0.57, 0.57]
		},
		"thirdperson_lefthand": {
			"translation": [-0.25, 0.25, -1],
			"scale": [0.57, 0.57, 0.57]
		},
		"firstperson_righthand": {
			"translation": [1.5, 3.25, 0.75]
		},
		"firstperson_lefthand": {
			"translation": [1.5, 3.25, 0.75]
		},
		"ground": {
			"translation": [0, 1.5, 0],
			"scale": [0.72, 0.72, 0.72]
		},
		"gui": {
			"rotation": [25, 141, 0],
			"translation": [0, 1.5, 0],
			"scale": [0.75, 0.75, 0.75]
		},
		"head": {
			"translation": [-0.75, 2.5, -0.75],
			"scale": [1.62, 1.59, 1.62]
		},
		"fixed": {
			"rotation": [-90, 0, 0],
			"translation": [-0.5, 1.75, -6.75]
		}
	},
	"groups": [
		{
			"name": "group",
			"origin": [0, 0, 0],
			"color": 0,
			"children": [0, 1, 2, 3, 4, 5, 6, 7, 8, 9, 10, 11, 12, 13, 14, 15, 16, 17, 18, 19, 20, 21, 22, 23, 24, 25, 26, 27, 28, 29, 30, 31, 32, 33, 34, 35, 36, 37, 38, 39, 40, 41, 42, 43, 44, 45, 46, 47, 48, 49, 50, 51, 52, 53, 54, 55, 56, 57, 58, 59, 60, 61, 62]
		}
	]
}