{
	"credit": "Made with Blockbench",
	"texture_size": [32, 32],
	"textures": {
		"0": "block/roi_zombie_main",
		"particle": "block/roi_zombie_main"
	},
	"elements": [
		{
			"from": [2, 0, 4],
			"to": [7, 13, 9],
			"faces": {
				"north": {"uv": [0, 0, 2.5, 6.5], "texture": "#0"},
				"east": {"uv": [2.5, 0, 5, 6.5], "texture": "#0"},
				"south": {"uv": [5, 0, 7.5, 6.5], "texture": "#0"},
				"west": {"uv": [0, 6.5, 2.5, 13], "texture": "#0"},
				"up": {"uv": [5, 9, 2.5, 6.5], "texture": "#0"},
				"down": {"uv": [7.5, 6.5, 5, 9], "texture": "#0"}
			}
		},
		{
			"from": [3, 13, 9],
			"to": [4, 14, 11],
			"faces": {
				"north": {"uv": [9.5, 7, 10, 7.5], "texture": "#0"},
				"east": {"uv": [8.5, 2, 9.5, 2.5], "texture": "#0"},
				"south": {"uv": [7.5, 9.5, 8, 10], "texture": "#0"},
				"west": {"uv": [8.5, 2.5, 9.5, 3], "texture": "#0"},
				"up": {"uv": [9, 6, 8.5, 5], "texture": "#0"},
				"down": {"uv": [9, 7, 8.5, 8], "texture": "#0"}
			}
		},
		{
			"from": [5, 13, 2],
			"to": [6, 14, 4],
			"faces": {
				"north": {"uv": [9.5, 7.5, 10, 8], "texture": "#0"},
				"east": {"uv": [8.5, 3, 9.5, 3.5], "texture": "#0"},
				"south": {"uv": [8, 9.5, 8.5, 10], "texture": "#0"},
				"west": {"uv": [8.5, 6, 9.5, 6.5], "texture": "#0"},
				"up": {"uv": [8.5, 9.5, 8, 8.5], "texture": "#0"},
				"down": {"uv": [9, 8, 8.5, 9], "texture": "#0"}
			}
		},
		{
			"from": [5, 13, 9],
			"to": [6, 14, 12],
			"faces": {
				"north": {"uv": [9.5, 8, 10, 8.5], "texture": "#0"},
				"east": {"uv": [7.5, 0, 9, 0.5], "texture": "#0"},
				"south": {"uv": [9.5, 8.5, 10, 9], "texture": "#0"},
				"west": {"uv": [7.5, 0.5, 9, 1], "texture": "#0"},
				"up": {"uv": [8, 2.5, 7.5, 1], "texture": "#0"},
				"down": {"uv": [8, 2.5, 7.5, 4], "texture": "#0"}
			}
		},
		{
			"from": [3, 13, 1],
			"to": [4, 14, 4],
			"faces": {
				"north": {"uv": [9.5, 9, 10, 9.5], "texture": "#0"},
				"east": {"uv": [7.5, 4, 9, 4.5], "texture": "#0"},
				"south": {"uv": [9.5, 9.5, 10, 10], "texture": "#0"},
				"west": {"uv": [7.5, 4.5, 9, 5], "texture": "#0"},
				"up": {"uv": [8, 6.5, 7.5, 5], "texture": "#0"},
				"down": {"uv": [8, 6.5, 7.5, 8], "texture": "#0"}
			}
		},
		{
			"from": [7, 13, 7],
			"to": [8, 14, 10],
			"faces": {
				"north": {"uv": [10, 0, 10.5, 0.5], "texture": "#0"},
				"east": {"uv": [8, 1, 9.5, 1.5], "texture": "#0"},
				"south": {"uv": [10, 0.5, 10.5, 1], "texture": "#0"},
				"west": {"uv": [8, 1.5, 9.5, 2], "texture": "#0"},
				"up": {"uv": [8.5, 3.5, 8, 2], "texture": "#0"},
				"down": {"uv": [8.5, 5, 8, 6.5], "texture": "#0"}
			}
		},
		{
			"from": [1, 13, 7],
			"to": [2, 14, 10],
			"faces": {
				"north": {"uv": [10, 1, 10.5, 1.5], "texture": "#0"},
				"east": {"uv": [8, 3.5, 9.5, 4], "texture": "#0"},
				"south": {"uv": [10, 1.5, 10.5, 2], "texture": "#0"},
				"west": {"uv": [8, 6.5, 9.5, 7], "texture": "#0"},
				"up": {"uv": [8.5, 8.5, 8, 7], "texture": "#0"},
				"down": {"uv": [8, 8, 7.5, 9.5], "texture": "#0"}
			}
		},
		{
			"from": [3, 14, 11],
			"to": [4, 16, 12],
			"faces": {
				"north": {"uv": [9, 0, 9.5, 1], "texture": "#0"},
				"east": {"uv": [2.5, 9, 3, 10], "texture": "#0"},
				"south": {"uv": [3, 9, 3.5, 10], "texture": "#0"},
				"west": {"uv": [3.5, 9, 4, 10], "texture": "#0"},
				"up": {"uv": [10.5, 2.5, 10, 2], "texture": "#0"},
				"down": {"uv": [3, 10, 2.5, 10.5], "texture": "#0"}
			}
		},
		{
			"from": [3, 14, 0],
			"to": [4, 16, 1],
			"faces": {
				"north": {"uv": [4, 9, 4.5, 10], "texture": "#0"},
				"east": {"uv": [9, 4, 9.5, 5], "texture": "#0"},
				"south": {"uv": [4.5, 9, 5, 10], "texture": "#0"},
				"west": {"uv": [5, 9, 5.5, 10], "texture": "#0"},
				"up": {"uv": [10.5, 3, 10, 2.5], "texture": "#0"},
				"down": {"uv": [3.5, 10, 3, 10.5], "texture": "#0"}
			}
		},
		{
			"from": [1, 14, 10],
			"to": [2, 16, 11],
			"faces": {
				"north": {"uv": [9, 5, 9.5, 6], "texture": "#0"},
				"east": {"uv": [5.5, 9, 6, 10], "texture": "#0"},
				"south": {"uv": [6, 9, 6.5, 10], "texture": "#0"},
				"west": {"uv": [6.5, 9, 7, 10], "texture": "#0"},
				"up": {"uv": [10.5, 3.5, 10, 3], "texture": "#0"},
				"down": {"uv": [4, 10, 3.5, 10.5], "texture": "#0"}
			}
		},
		{
			"from": [5, 14, 12],
			"to": [6, 16, 13],
			"faces": {
				"north": {"uv": [7, 9, 7.5, 10], "texture": "#0"},
				"east": {"uv": [9, 7, 9.5, 8], "texture": "#0"},
				"south": {"uv": [9, 8, 9.5, 9], "texture": "#0"},
				"west": {"uv": [8.5, 9, 9, 10], "texture": "#0"},
				"up": {"uv": [10.5, 4, 10, 3.5], "texture": "#0"},
				"down": {"uv": [4.5, 10, 4, 10.5], "texture": "#0"}
			}
		},
		{
			"from": [5, 14, 1],
			"to": [6, 16, 2],
			"faces": {
				"north": {"uv": [9, 9, 9.5, 10], "texture": "#0"},
				"east": {"uv": [9.5, 0, 10, 1], "texture": "#0"},
				"south": {"uv": [9.5, 1, 10, 2], "texture": "#0"},
				"west": {"uv": [9.5, 2, 10, 3], "texture": "#0"},
				"up": {"uv": [10.5, 4.5, 10, 4], "texture": "#0"},
				"down": {"uv": [5, 10, 4.5, 10.5], "texture": "#0"}
			}
		},
		{
			"from": [7, 14, 10],
			"to": [8, 16, 11],
			"faces": {
				"north": {"uv": [9.5, 3, 10, 4], "texture": "#0"},
				"east": {"uv": [9.5, 4, 10, 5], "texture": "#0"},
				"south": {"uv": [9.5, 5, 10, 6], "texture": "#0"},
				"west": {"uv": [9.5, 6, 10, 7], "texture": "#0"},
				"up": {"uv": [10.5, 5, 10, 4.5], "texture": "#0"},
				"down": {"uv": [5.5, 10, 5, 10.5], "texture": "#0"}
			}
		}
	],
	"display": {
		"thirdperson_righthand": {
			"rotation": [-90, 0, 0],
			"translation": [3.5, -0.5, 4.5]
		},
		"thirdperson_lefthand": {
			"rotation": [-90, 0, 0],
			"translation": [-3.5, -0.5, 4.5]
		}
	},
	"groups": [
		{
			"name": "group",
			"origin": [8, 8, 8],
			"color": 0,
			"children": [0, 1, 2, 3, 4, 5, 6, 7, 8, 9, 10, 11, 12]
		}
	]
}