{
	"credit": "Made with Blockbench",
	"texture_size": [32, 32],
	"textures": {
		"0": "block/roi_zombie_head",
		"1": "block/roi_zombie_head_xp",
		"particle": "block/roi_zombie_head"
	},
	"elements": [
		{
			"from": [1, 1, 1],
			"to": [15, 15, 15],
			"faces": {
				"north": {"uv": [0, 0, 3.5, 3.5], "texture": "#0"},
				"east": {"uv": [0, 3.5, 3.5, 7], "texture": "#0"},
				"south": {"uv": [3.5, 0, 7, 3.5], "texture": "#0"},
				"west": {"uv": [3.5, 3.5, 7, 7], "texture": "#0"},
				"up": {"uv": [3.5, 10.5, 0, 7], "texture": "#0"},
				"down": {"uv": [10.5, 0, 7, 3.5], "texture": "#0"}
			}
		},
		{
			"from": [4, -8, 0],
			"to": [12, -7, 1],
			"faces": {
				"north": {"uv": [9, 5.75, 11, 6], "texture": "#0"},
				"east": {"uv": [11.25, 2.25, 11.5, 2.5], "texture": "#0"},
				"south": {"uv": [9, 6, 11, 6.25], "texture": "#0"},
				"west": {"uv": [2, 11.5, 2.25, 11.75], "texture": "#0"},
				"up": {"uv": [11, 6.5, 9, 6.25], "texture": "#0"},
				"down": {"uv": [11, 6.5, 9, 6.75], "texture": "#0"}
			}
		},
		{
			"from": [4, 4, 0],
			"to": [12, 5, 1],
			"faces": {
				"north": {"uv": [8.5, 9, 10.5, 9.25], "texture": "#0"},
				"east": {"uv": [11.5, 2.25, 11.75, 2.5], "texture": "#0"},
				"south": {"uv": [5.5, 9.25, 7.5, 9.5], "texture": "#0"},
				"west": {"uv": [11.5, 2.5, 11.75, 2.75], "texture": "#0"},
				"up": {"uv": [10.5, 9.5, 8.5, 9.25], "texture": "#0"},
				"down": {"uv": [7.5, 9.5, 5.5, 9.75], "texture": "#0"}
			}
		},
		{
			"from": [1, 15, 0],
			"to": [15, 17, 1],
			"faces": {
				"north": {"uv": [7.5, 6.75, 11, 7.25], "texture": "#0"},
				"east": {"uv": [11, 1.5, 11.25, 2], "texture": "#0"},
				"south": {"uv": [7.5, 7.25, 11, 7.75], "texture": "#0"},
				"west": {"uv": [1.75, 11, 2, 11.5], "texture": "#0"},
				"up": {"uv": [11, 9, 7.5, 8.75], "texture": "#0"},
				"down": {"uv": [12.5, 3.5, 9, 3.75], "texture": "#0"}
			}
		},
		{
			"from": [13, 17, 0],
			"to": [15, 19, 1],
			"faces": {
				"north": {"uv": [7, 9.75, 7.5, 10.25], "texture": "#0"},
				"east": {"uv": [2, 11, 2.25, 11.5], "texture": "#0"},
				"south": {"uv": [10, 9.5, 10.5, 10], "texture": "#0"},
				"west": {"uv": [11, 2, 11.25, 2.5], "texture": "#0"},
				"up": {"uv": [7.5, 7, 7, 6.75], "texture": "#0"},
				"down": {"uv": [2.75, 11, 2.25, 11.25], "texture": "#0"}
			}
		},
		{
			"from": [9, 17, 0],
			"to": [11, 20, 1],
			"faces": {
				"north": {"uv": [9, 9.5, 9.5, 10.25], "texture": "#0"},
				"east": {"uv": [11, 0.75, 11.25, 1.5], "texture": "#0"},
				"south": {"uv": [9.5, 9.5, 10, 10.25], "texture": "#0"},
				"west": {"uv": [1, 11, 1.25, 11.75], "texture": "#0"},
				"up": {"uv": [11.5, 2.75, 11, 2.5], "texture": "#0"},
				"down": {"uv": [3.25, 11, 2.75, 11.25], "texture": "#0"}
			}
		},
		{
			"from": [5, 17, 0],
			"to": [7, 20, 1],
			"faces": {
				"north": {"uv": [5.5, 9.75, 6, 10.5], "texture": "#0"},
				"east": {"uv": [1.25, 11, 1.5, 11.75], "texture": "#0"},
				"south": {"uv": [6, 9.75, 6.5, 10.5], "texture": "#0"},
				"west": {"uv": [1.5, 11, 1.75, 11.75], "texture": "#0"},
				"up": {"uv": [11.5, 3, 11, 2.75], "texture": "#0"},
				"down": {"uv": [11.5, 3, 11, 3.25], "texture": "#0"}
			}
		},
		{
			"from": [1, 17, 0],
			"to": [3, 19, 1],
			"faces": {
				"north": {"uv": [10, 10, 10.5, 10.5], "texture": "#0"},
				"east": {"uv": [3.25, 11, 3.5, 11.5], "texture": "#0"},
				"south": {"uv": [7, 10.25, 7.5, 10.75], "texture": "#0"},
				"west": {"uv": [5.5, 11, 5.75, 11.5], "texture": "#0"},
				"up": {"uv": [11.5, 3.5, 11, 3.25], "texture": "#0"},
				"down": {"uv": [6.25, 11, 5.75, 11.25], "texture": "#0"}
			}
		},
		{
			"from": [1, 16, 15],
			"to": [3, 18, 16],
			"faces": {
				"north": {"uv": [9, 10.25, 9.5, 10.75], "texture": "#0"},
				"east": {"uv": [11, 5.75, 11.25, 6.25], "texture": "#0"},
				"south": {"uv": [9.5, 10.25, 10, 10.75], "texture": "#0"},
				"west": {"uv": [6.25, 11, 6.5, 11.5], "texture": "#0"},
				"up": {"uv": [11.5, 6.5, 11, 6.25], "texture": "#0"},
				"down": {"uv": [7, 11, 6.5, 11.25], "texture": "#0"}
			}
		},
		{
			"from": [13, 16, 15],
			"to": [15, 18, 16],
			"faces": {
				"north": {"uv": [0, 10.5, 0.5, 11], "texture": "#0"},
				"east": {"uv": [11, 6.5, 11.25, 7], "texture": "#0"},
				"south": {"uv": [10.5, 0, 11, 0.5], "texture": "#0"},
				"west": {"uv": [11, 7, 11.25, 7.5], "texture": "#0"},
				"up": {"uv": [11.5, 7.75, 11, 7.5], "texture": "#0"},
				"down": {"uv": [11.5, 8.75, 11, 9], "texture": "#0"}
			}
		},
		{
			"from": [9, 16, 15],
			"to": [11, 18, 16],
			"faces": {
				"north": {"uv": [0.5, 10.5, 1, 11], "texture": "#0"},
				"east": {"uv": [11, 9, 11.25, 9.5], "texture": "#0"},
				"south": {"uv": [10.5, 0.5, 11, 1], "texture": "#0"},
				"west": {"uv": [11, 9.5, 11.25, 10], "texture": "#0"},
				"up": {"uv": [10.5, 11.25, 10, 11], "texture": "#0"},
				"down": {"uv": [11.5, 10, 11, 10.25], "texture": "#0"}
			}
		},
		{
			"from": [5, 16, 15],
			"to": [7, 18, 16],
			"faces": {
				"north": {"uv": [1, 10.5, 1.5, 11], "texture": "#0"},
				"east": {"uv": [11, 10.25, 11.25, 10.75], "texture": "#0"},
				"south": {"uv": [10.5, 1, 11, 1.5], "texture": "#0"},
				"west": {"uv": [10.5, 11, 10.75, 11.5], "texture": "#0"},
				"up": {"uv": [11.25, 11.25, 10.75, 11], "texture": "#0"},
				"down": {"uv": [11.5, 10.75, 11, 11], "texture": "#0"}
			}
		},
		{
			"from": [0, 16, 1],
			"to": [1, 18, 3],
			"faces": {
				"north": {"uv": [0, 11.25, 0.25, 11.75], "texture": "#0"},
				"east": {"uv": [1.5, 10.5, 2, 11], "texture": "#0"},
				"south": {"uv": [0.25, 11.25, 0.5, 11.75], "texture": "#0"},
				"west": {"uv": [10.5, 1.5, 11, 2], "texture": "#0"},
				"up": {"uv": [0.75, 11.75, 0.5, 11.25], "texture": "#0"},
				"down": {"uv": [1, 11.25, 0.75, 11.75], "texture": "#0"}
			}
		},
		{
			"from": [15, 16, 1],
			"to": [16, 18, 3],
			"faces": {
				"north": {"uv": [11.25, 0.75, 11.5, 1.25], "texture": "#0"},
				"east": {"uv": [2, 10.5, 2.5, 11], "texture": "#0"},
				"south": {"uv": [11.25, 1.25, 11.5, 1.75], "texture": "#0"},
				"west": {"uv": [10.5, 2, 11, 2.5], "texture": "#0"},
				"up": {"uv": [11.5, 2.25, 11.25, 1.75], "texture": "#0"},
				"down": {"uv": [2.5, 11.25, 2.25, 11.75], "texture": "#0"}
			}
		},
		{
			"from": [15, 16, 5],
			"to": [16, 18, 7],
			"faces": {
				"north": {"uv": [2.5, 11.25, 2.75, 11.75], "texture": "#0"},
				"east": {"uv": [2.5, 10.5, 3, 11], "texture": "#0"},
				"south": {"uv": [2.75, 11.25, 3, 11.75], "texture": "#0"},
				"west": {"uv": [10.5, 2.5, 11, 3], "texture": "#0"},
				"up": {"uv": [3.25, 11.75, 3, 11.25], "texture": "#0"},
				"down": {"uv": [6, 11.25, 5.75, 11.75], "texture": "#0"}
			}
		},
		{
			"from": [15, 16, 9],
			"to": [16, 18, 11],
			"faces": {
				"north": {"uv": [11.25, 5.75, 11.5, 6.25], "texture": "#0"},
				"east": {"uv": [3, 10.5, 3.5, 11], "texture": "#0"},
				"south": {"uv": [6, 11.25, 6.25, 11.75], "texture": "#0"},
				"west": {"uv": [10.5, 3, 11, 3.5], "texture": "#0"},
				"up": {"uv": [6.75, 11.75, 6.5, 11.25], "texture": "#0"},
				"down": {"uv": [11.5, 6.5, 11.25, 7], "texture": "#0"}
			}
		},
		{
			"from": [15, 16, 13],
			"to": [16, 18, 15],
			"faces": {
				"north": {"uv": [6.75, 11.25, 7, 11.75], "texture": "#0"},
				"east": {"uv": [5.5, 10.5, 6, 11], "texture": "#0"},
				"south": {"uv": [7, 11.25, 7.25, 11.75], "texture": "#0"},
				"west": {"uv": [6, 10.5, 6.5, 11], "texture": "#0"},
				"up": {"uv": [11.5, 7.5, 11.25, 7], "texture": "#0"},
				"down": {"uv": [7.5, 11.25, 7.25, 11.75], "texture": "#0"}
			}
		},
		{
			"from": [0, 16, 5],
			"to": [1, 18, 7],
			"faces": {
				"north": {"uv": [11.25, 9, 11.5, 9.5], "texture": "#0"},
				"east": {"uv": [10.5, 9, 11, 9.5], "texture": "#0"},
				"south": {"uv": [11.25, 9.5, 11.5, 10], "texture": "#0"},
				"west": {"uv": [10.5, 9.5, 11, 10], "texture": "#0"},
				"up": {"uv": [10.25, 11.75, 10, 11.25], "texture": "#0"},
				"down": {"uv": [10.5, 11.25, 10.25, 11.75], "texture": "#0"}
			}
		},
		{
			"from": [0, 16, 13],
			"to": [1, 18, 15],
			"faces": {
				"north": {"uv": [11.25, 10.25, 11.5, 10.75], "texture": "#0"},
				"east": {"uv": [10, 10.5, 10.5, 11], "texture": "#0"},
				"south": {"uv": [10.75, 11.25, 11, 11.75], "texture": "#0"},
				"west": {"uv": [10.5, 10, 11, 10.5], "texture": "#0"},
				"up": {"uv": [11.25, 11.75, 11, 11.25], "texture": "#0"},
				"down": {"uv": [11.5, 11, 11.25, 11.5], "texture": "#0"}
			}
		},
		{
			"from": [0, 16, 9],
			"to": [1, 18, 11],
			"faces": {
				"north": {"uv": [11.5, 0.75, 11.75, 1.25], "texture": "#0"},
				"east": {"uv": [10.5, 10.5, 11, 11], "texture": "#0"},
				"south": {"uv": [11.5, 1.25, 11.75, 1.75], "texture": "#0"},
				"west": {"uv": [7, 10.75, 7.5, 11.25], "texture": "#0"},
				"up": {"uv": [2, 12, 1.75, 11.5], "texture": "#0"},
				"down": {"uv": [11.75, 1.75, 11.5, 2.25], "texture": "#0"}
			}
		},
		{
			"from": [1, 15, 15],
			"to": [15, 16, 16],
			"faces": {
				"north": {"uv": [9, 3.75, 12.5, 4], "texture": "#0"},
				"east": {"uv": [11.5, 2.75, 11.75, 3], "texture": "#0"},
				"south": {"uv": [9, 4, 12.5, 4.25], "texture": "#0"},
				"west": {"uv": [11.5, 3, 11.75, 3.25], "texture": "#0"},
				"up": {"uv": [12.5, 4.5, 9, 4.25], "texture": "#0"},
				"down": {"uv": [12.5, 4.5, 9, 4.75], "texture": "#0"}
			}
		},
		{
			"from": [0, 15, 1],
			"to": [1, 16, 15],
			"faces": {
				"north": {"uv": [3.25, 11.5, 3.5, 11.75], "texture": "#0"},
				"east": {"uv": [9, 4.75, 12.5, 5], "texture": "#0"},
				"south": {"uv": [11.5, 3.25, 11.75, 3.5], "texture": "#0"},
				"west": {"uv": [9, 5, 12.5, 5.25], "texture": "#0"},
				"up": {"uv": [3.75, 12.5, 3.5, 9], "texture": "#0"},
				"down": {"uv": [4, 9, 3.75, 12.5], "texture": "#0"}
			}
		},
		{
			"from": [15, 15, 1],
			"to": [16, 16, 15],
			"faces": {
				"north": {"uv": [5.5, 11.5, 5.75, 11.75], "texture": "#0"},
				"east": {"uv": [9, 5.25, 12.5, 5.5], "texture": "#0"},
				"south": {"uv": [11.5, 5.75, 11.75, 6], "texture": "#0"},
				"west": {"uv": [9, 5.5, 12.5, 5.75], "texture": "#0"},
				"up": {"uv": [4.25, 12.5, 4, 9], "texture": "#0"},
				"down": {"uv": [4.5, 9, 4.25, 12.5], "texture": "#0"}
			}
		},
		{
			"from": [4, -7, 1],
			"to": [12, 1, 2],
			"faces": {
				"north": {"uv": [3.5, 7, 5.5, 9], "texture": "#0"},
				"east": {"uv": [8.5, 9.5, 8.75, 11.5], "texture": "#0"},
				"south": {"uv": [7, 3.5, 9, 5.5], "texture": "#0"},
				"west": {"uv": [8.75, 9.5, 9, 11.5], "texture": "#0"},
				"up": {"uv": [11.5, 8, 9.5, 7.75], "texture": "#0"},
				"down": {"uv": [11.5, 8, 9.5, 8.25], "texture": "#0"}
			}
		},
		{
			"from": [4, -4, 2],
			"to": [12, 1, 3],
			"faces": {
				"north": {"uv": [5.5, 7, 7.5, 8.25], "texture": "#0"},
				"east": {"uv": [6.5, 9.75, 6.75, 11], "texture": "#0"},
				"south": {"uv": [7, 5.5, 9, 6.75], "texture": "#0"},
				"west": {"uv": [6.75, 9.75, 7, 11], "texture": "#0"},
				"up": {"uv": [11.5, 8.5, 9.5, 8.25], "texture": "#0"},
				"down": {"uv": [11.5, 8.5, 9.5, 8.75], "texture": "#0"}
			}
		},
		{
			"from": [2, 8, 0],
			"to": [6, 12, 1],
			"faces": {
				"north": {"uv": [7.5, 7.75, 8.5, 8.75], "texture": "#0"},
				"east": {"uv": [9, 10.75, 9.25, 11.75], "texture": "#0"},
				"south": {"uv": [5.5, 8.25, 6.5, 9.25], "texture": "#0"},
				"west": {"uv": [9.25, 10.75, 9.5, 11.75], "texture": "#0"},
				"up": {"uv": [1, 11.25, 0, 11], "texture": "#0"},
				"down": {"uv": [12, 0, 11, 0.25], "texture": "#0"}
			}
		},
		{
			"from": [10, 8, 0],
			"to": [14, 12, 1],
			"faces": {
				"north": {"uv": [6.5, 8.25, 7.5, 9.25], "texture": "#0"},
				"east": {"uv": [9.5, 10.75, 9.75, 11.75], "texture": "#0"},
				"south": {"uv": [8.5, 7.75, 9.5, 8.75], "texture": "#0"},
				"west": {"uv": [9.75, 10.75, 10, 11.75], "texture": "#0"},
				"up": {"uv": [12, 0.5, 11, 0.25], "texture": "#0"},
				"down": {"uv": [12, 0.5, 11, 0.75], "texture": "#0"}
			}
		},
		{
			"from": [3, -7, 0],
			"to": [4, 4, 1],
			"faces": {
				"north": {"uv": [4.5, 9, 4.75, 11.75], "texture": "#0"},
				"east": {"uv": [4.75, 9, 5, 11.75], "texture": "#0"},
				"south": {"uv": [5, 9, 5.25, 11.75], "texture": "#0"},
				"west": {"uv": [5.25, 9, 5.5, 11.75], "texture": "#0"},
				"up": {"uv": [11.75, 6.25, 11.5, 6], "texture": "#0"},
				"down": {"uv": [6.5, 11.5, 6.25, 11.75], "texture": "#0"}
			}
		},
		{
			"from": [12, -7, 0],
			"to": [13, 4, 1],
			"faces": {
				"north": {"uv": [7.5, 9, 7.75, 11.75], "texture": "#0"},
				"east": {"uv": [7.75, 9, 8, 11.75], "texture": "#0"},
				"south": {"uv": [8, 9, 8.25, 11.75], "texture": "#0"},
				"west": {"uv": [8.25, 9, 8.5, 11.75], "texture": "#0"},
				"up": {"uv": [11.75, 6.5, 11.5, 6.25], "texture": "#0"},
				"down": {"uv": [11.75, 6.5, 11.5, 6.75], "texture": "#0"}
			}
		},
		{
			"from": [15, 1, 9],
			"to": [25, 15, 9],
			"faces": {
				"north": {"uv": [0, 7, 5, 14], "texture": "#1"},
				"east": {"uv": [0, 7, 0, 14], "texture": "#1"},
				"south": {"uv": [5, 7, 10, 14], "texture": "#1"},
				"west": {"uv": [5, 7, 5, 14], "texture": "#1"},
				"up": {"uv": [5, 7, 0, 7], "texture": "#1"},
				"down": {"uv": [10, 7, 5, 7], "texture": "#1"}
			}
		},
		{
			"from": [-9, 1, 11],
			"to": [1, 15, 11],
			"faces": {
				"north": {"uv": [0, 0, 5, 7], "texture": "#1"},
				"east": {"uv": [0, 0, 0, 7], "texture": "#1"},
				"south": {"uv": [5, 0, 10, 7], "texture": "#1"},
				"west": {"uv": [5, 0, 5, 7], "texture": "#1"},
				"up": {"uv": [5, 0, 0, 0], "texture": "#1"},
				"down": {"uv": [10, 0, 5, 0], "texture": "#1"}
			}
		}
	],
	"display": {
		"thirdperson_righthand": {
			"rotation": [84, 0, -180],
			"scale": [0.5, 0.5, 0.5]
		},
		"firstperson_righthand": {
			"rotation": [-8, 180, 5],
			"translation": [3, 5.75, -10]
		},
		"ground": {
			"translation": [0, 11, 0],
			"scale":[0.5,0.5,0.5]
		},
		"gui": {
			"rotation": [0, 180, 0]
		},
		"fixed": {
			"translation": [0, 0, -3.25]
		}
	},
	"groups": [
		{
			"name": "group",
			"origin": [8, 8, 8],
			"color": 0,
			"children": [0, 1, 2, 3, 4, 5, 6, 7, 8, 9, 10, 11, 12, 13, 14, 15, 16, 17, 18, 19, 20, 21, 22, 23, 24, 25, 26, 27, 28]
		},
		{
			"name": "group",
			"origin": [8, 8, 8],
			"color": 0,
			"children": [29, 30]
		}
	]
}