{
	"credit": "Made with Blockbench",
	"texture_size": [128, 128],
	"textures": {
		"0": "block/zombie_mutant",
		"particle": "block/zombie_mutant"
	},
	"elements": [
		{
			"from": [15, -8, -1],
			"to": [20, 3, 3],
			"faces": {
				"north": {"uv": [1.125, 9.75, 1.75, 11.125], "texture": "#0"},
				"east": {"uv": [9.25, 10.625, 9.75, 12], "texture": "#0"},
				"south": {"uv": [9.75, 8, 10.375, 9.375], "texture": "#0"},
				"west": {"uv": [10.375, 10.625, 10.875, 12], "texture": "#0"},
				"up": {"uv": [8.75, 12.25, 8.125, 11.75], "texture": "#0"},
				"down": {"uv": [12.375, 9.5, 11.75, 10], "texture": "#0"}
			}
		},
		{
			"from": [16, -9, 0],
			"to": [19, -8, 2],
			"faces": {
				"north": {"uv": [13.625, 1, 14, 1.125], "texture": "#0"},
				"east": {"uv": [12, 3.375, 12.25, 3.5], "texture": "#0"},
				"south": {"uv": [13.625, 1.125, 14, 1.25], "texture": "#0"},
				"west": {"uv": [12.75, 2.75, 13, 2.875], "texture": "#0"},
				"up": {"uv": [13.375, 7.5, 13, 7.25], "texture": "#0"},
				"down": {"uv": [13.375, 9, 13, 9.25], "texture": "#0"}
			}
		},
		{
			"from": [17, 4, -1],
			"to": [18, 25, 3],
			"faces": {
				"north": {"uv": [6.875, 11.75, 7, 14.375], "texture": "#0"},
				"east": {"uv": [6.75, 9.125, 7.25, 11.75], "texture": "#0"},
				"south": {"uv": [7, 11.75, 7.125, 14.375], "texture": "#0"},
				"west": {"uv": [7.25, 9.125, 7.75, 11.75], "texture": "#0"},
				"up": {"uv": [13.5, 0.5, 13.375, 0], "texture": "#0"},
				"down": {"uv": [0.25, 13.375, 0.125, 13.875], "texture": "#0"}
			}
		},
		{
			"from": [16, 4, 0],
			"to": [17, 24, 2],
			"faces": {
				"north": {"uv": [0.5, 11.875, 0.625, 14.375], "texture": "#0"},
				"east": {"uv": [2.375, 11.375, 2.625, 13.875], "texture": "#0"},
				"south": {"uv": [0.625, 11.875, 0.75, 14.375], "texture": "#0"},
				"west": {"uv": [2.625, 11.375, 2.875, 13.875], "texture": "#0"},
				"up": {"uv": [13.5, 13.875, 13.375, 13.625], "texture": "#0"},
				"down": {"uv": [13.625, 13.625, 13.5, 13.875], "texture": "#0"}
			}
		},
		{
			"from": [18, 4, 0],
			"to": [19, 24, 2],
			"faces": {
				"north": {"uv": [0.75, 11.875, 0.875, 14.375], "texture": "#0"},
				"east": {"uv": [2.875, 11.375, 3.125, 13.875], "texture": "#0"},
				"south": {"uv": [0.875, 11.875, 1, 14.375], "texture": "#0"},
				"west": {"uv": [3.125, 11.375, 3.375, 13.875], "texture": "#0"},
				"up": {"uv": [13.75, 13.875, 13.625, 13.625], "texture": "#0"},
				"down": {"uv": [13.875, 1.25, 13.75, 1.5], "texture": "#0"}
			}
		},
		{
			"from": [16, 24, 1],
			"to": [17, 29, 2],
			"faces": {
				"north": {"uv": [4.25, 13.25, 4.375, 13.875], "texture": "#0"},
				"east": {"uv": [4.375, 13.25, 4.5, 13.875], "texture": "#0"},
				"south": {"uv": [4.5, 13.25, 4.625, 13.875], "texture": "#0"},
				"west": {"uv": [4.625, 13.25, 4.75, 13.875], "texture": "#0"},
				"up": {"uv": [14, 9.75, 13.875, 9.625], "texture": "#0"},
				"down": {"uv": [14, 9.875, 13.875, 10], "texture": "#0"}
			}
		},
		{
			"from": [18, 24, 1],
			"to": [19, 29, 2],
			"faces": {
				"north": {"uv": [4.75, 13.25, 4.875, 13.875], "texture": "#0"},
				"east": {"uv": [4.875, 13.25, 5, 13.875], "texture": "#0"},
				"south": {"uv": [5, 13.25, 5.125, 13.875], "texture": "#0"},
				"west": {"uv": [6.125, 13.25, 6.25, 13.875], "texture": "#0"},
				"up": {"uv": [10.375, 14, 10.25, 13.875], "texture": "#0"},
				"down": {"uv": [14, 10.375, 13.875, 10.5], "texture": "#0"}
			}
		},
		{
			"from": [17, 25, 0],
			"to": [18, 29, 3],
			"faces": {
				"north": {"uv": [0.25, 13.375, 0.375, 13.875], "texture": "#0"},
				"east": {"uv": [12.125, 9, 12.5, 9.5], "texture": "#0"},
				"south": {"uv": [0.375, 13.375, 0.5, 13.875], "texture": "#0"},
				"west": {"uv": [12.25, 7.5, 12.625, 8], "texture": "#0"},
				"up": {"uv": [13.375, 2, 13.25, 1.625], "texture": "#0"},
				"down": {"uv": [13.75, 1.25, 13.625, 1.625], "texture": "#0"}
			}
		},
		{
			"from": [17, 29, 1],
			"to": [18, 32, 3],
			"faces": {
				"north": {"uv": [1.375, 13.625, 1.5, 14], "texture": "#0"},
				"east": {"uv": [4.125, 10.375, 4.375, 10.75], "texture": "#0"},
				"south": {"uv": [1.5, 13.625, 1.625, 14], "texture": "#0"},
				"west": {"uv": [12, 3, 12.25, 3.375], "texture": "#0"},
				"up": {"uv": [13.875, 2.75, 13.75, 2.5], "texture": "#0"},
				"down": {"uv": [13.875, 2.75, 13.75, 3], "texture": "#0"}
			}
		},
		{
			"from": [14, 3, -2],
			"to": [21, 4, 4],
			"faces": {
				"north": {"uv": [13, 2.125, 13.875, 2.25], "texture": "#0"},
				"east": {"uv": [13, 9.25, 13.75, 9.375], "texture": "#0"},
				"south": {"uv": [13, 2.25, 13.875, 2.375], "texture": "#0"},
				"west": {"uv": [13, 9.375, 13.75, 9.5], "texture": "#0"},
				"up": {"uv": [12, 0.75, 11.125, 0], "texture": "#0"},
				"down": {"uv": [1.375, 11.125, 0.5, 11.875], "texture": "#0"}
			}
		},
		{
			"from": [21.65367, -13, -7.47759],
			"to": [26.65367, -2, -3.47759],
			"rotation": {"angle": -22.5, "axis": "y", "origin": [0, 0, 20]},
			"faces": {
				"north": {"uv": [2.375, 10, 3, 11.375], "texture": "#0"},
				"east": {"uv": [4.625, 10.875, 5.125, 12.25], "texture": "#0"},
				"south": {"uv": [3, 10, 3.625, 11.375], "texture": "#0"},
				"west": {"uv": [6.125, 10.875, 6.625, 12.25], "texture": "#0"},
				"up": {"uv": [12.5, 4.875, 11.875, 4.375], "texture": "#0"},
				"down": {"uv": [12.5, 4.875, 11.875, 5.375], "texture": "#0"}
			}
		},
		{
			"from": [22.65367, -14, -6.47759],
			"to": [25.65367, -13, -4.47759],
			"rotation": {"angle": -22.5, "axis": "y", "origin": [0, 0, 20]},
			"faces": {
				"north": {"uv": [13.625, 1.875, 14, 2], "texture": "#0"},
				"east": {"uv": [13.625, 9.875, 13.875, 10], "texture": "#0"},
				"south": {"uv": [13.625, 3.125, 14, 3.25], "texture": "#0"},
				"west": {"uv": [13.625, 11.75, 13.875, 11.875], "texture": "#0"},
				"up": {"uv": [13.5, 3, 13.125, 2.75], "texture": "#0"},
				"down": {"uv": [13.5, 3, 13.125, 3.25], "texture": "#0"}
			}
		},
		{
			"from": [23.65367, -1, -7.47759],
			"to": [24.65367, 20, -3.47759],
			"rotation": {"angle": -22.5, "axis": "y", "origin": [0, 0, 20]},
			"faces": {
				"north": {"uv": [7.375, 11.75, 7.5, 14.375], "texture": "#0"},
				"east": {"uv": [9.25, 8, 9.75, 10.625], "texture": "#0"},
				"south": {"uv": [7.5, 11.75, 7.625, 14.375], "texture": "#0"},
				"west": {"uv": [0, 9.75, 0.5, 12.375], "texture": "#0"},
				"up": {"uv": [13.5, 6.75, 13.375, 6.25], "texture": "#0"},
				"down": {"uv": [13.5, 7, 13.375, 7.5], "texture": "#0"}
			}
		},
		{
			"from": [22.65367, -1, -6.47759],
			"to": [23.65367, 19, -4.47759],
			"rotation": {"angle": -22.5, "axis": "y", "origin": [0, 0, 20]},
			"faces": {
				"north": {"uv": [12, 0, 12.125, 2.5], "texture": "#0"},
				"east": {"uv": [11.125, 11.375, 11.375, 13.875], "texture": "#0"},
				"south": {"uv": [5.125, 12, 5.25, 14.5], "texture": "#0"},
				"west": {"uv": [11.375, 11.375, 11.625, 13.875], "texture": "#0"},
				"up": {"uv": [13.875, 7.5, 13.75, 7.25], "texture": "#0"},
				"down": {"uv": [13.875, 7.5, 13.75, 7.75], "texture": "#0"}
			}
		},
		{
			"from": [24.65367, -1, -6.47759],
			"to": [25.65367, 19, -4.47759],
			"rotation": {"angle": -22.5, "axis": "y", "origin": [0, 0, 20]},
			"faces": {
				"north": {"uv": [5.25, 12, 5.375, 14.5], "texture": "#0"},
				"east": {"uv": [11.625, 11.375, 11.875, 13.875], "texture": "#0"},
				"south": {"uv": [5.375, 12, 5.5, 14.5], "texture": "#0"},
				"west": {"uv": [6.625, 11.75, 6.875, 14.25], "texture": "#0"},
				"up": {"uv": [13.875, 8, 13.75, 7.75], "texture": "#0"},
				"down": {"uv": [13.875, 8, 13.75, 8.25], "texture": "#0"}
			}
		},
		{
			"from": [22.65367, 19, -5.47759],
			"to": [23.65367, 24, -4.47759],
			"rotation": {"angle": -22.5, "axis": "y", "origin": [0, 0, 20]},
			"faces": {
				"north": {"uv": [8.625, 13.25, 8.75, 13.875], "texture": "#0"},
				"east": {"uv": [13.25, 11.125, 13.375, 11.75], "texture": "#0"},
				"south": {"uv": [13.25, 11.75, 13.375, 12.375], "texture": "#0"},
				"west": {"uv": [12.375, 13.25, 12.5, 13.875], "texture": "#0"},
				"up": {"uv": [14, 11, 13.875, 10.875], "texture": "#0"},
				"down": {"uv": [11.125, 13.875, 11, 14], "texture": "#0"}
			}
		},
		{
			"from": [24.65367, 19, -5.47759],
			"to": [25.65367, 24, -4.47759],
			"rotation": {"angle": -22.5, "axis": "y", "origin": [0, 0, 20]},
			"faces": {
				"north": {"uv": [13.25, 12.375, 13.375, 13], "texture": "#0"},
				"east": {"uv": [12.5, 13.25, 12.625, 13.875], "texture": "#0"},
				"south": {"uv": [12.625, 13.25, 12.75, 13.875], "texture": "#0"},
				"west": {"uv": [12.75, 13.25, 12.875, 13.875], "texture": "#0"},
				"up": {"uv": [14, 11.125, 13.875, 11], "texture": "#0"},
				"down": {"uv": [11.25, 13.875, 11.125, 14], "texture": "#0"}
			}
		},
		{
			"from": [23.65367, 20, -6.47759],
			"to": [24.65367, 24, -3.47759],
			"rotation": {"angle": -22.5, "axis": "y", "origin": [0, 0, 20]},
			"faces": {
				"north": {"uv": [13.375, 7.5, 13.5, 8], "texture": "#0"},
				"east": {"uv": [12.375, 6.25, 12.75, 6.75], "texture": "#0"},
				"south": {"uv": [13.375, 8, 13.5, 8.5], "texture": "#0"},
				"west": {"uv": [12.375, 8, 12.75, 8.5], "texture": "#0"},
				"up": {"uv": [13.75, 7.375, 13.625, 7], "texture": "#0"},
				"down": {"uv": [13.75, 7.375, 13.625, 7.75], "texture": "#0"}
			}
		},
		{
			"from": [23.65367, 24, -5.47759],
			"to": [24.65367, 27, -3.47759],
			"rotation": {"angle": -22.5, "axis": "y", "origin": [0, 0, 20]},
			"faces": {
				"north": {"uv": [13.625, 7.75, 13.75, 8.125], "texture": "#0"},
				"east": {"uv": [13.125, 3.25, 13.375, 3.625], "texture": "#0"},
				"south": {"uv": [13.625, 8.125, 13.75, 8.5], "texture": "#0"},
				"west": {"uv": [13.125, 4.375, 13.375, 4.75], "texture": "#0"},
				"up": {"uv": [13.875, 8.5, 13.75, 8.25], "texture": "#0"},
				"down": {"uv": [13.875, 8.5, 13.75, 8.75], "texture": "#0"}
			}
		},
		{
			"from": [20.65367, -2, -8.47759],
			"to": [27.65367, -1, -2.47759],
			"rotation": {"angle": -22.5, "axis": "y", "origin": [0, 0, 20]},
			"faces": {
				"north": {"uv": [13, 6.75, 13.875, 6.875], "texture": "#0"},
				"east": {"uv": [13.125, 3.625, 13.875, 3.75], "texture": "#0"},
				"south": {"uv": [13, 6.875, 13.875, 7], "texture": "#0"},
				"west": {"uv": [13.125, 4.75, 13.875, 4.875], "texture": "#0"},
				"up": {"uv": [12.125, 8.75, 11.25, 8], "texture": "#0"},
				"down": {"uv": [12.125, 8.75, 11.25, 9.5], "texture": "#0"}
			}
		},
		{
			"from": [21, 0, -1],
			"to": [22, 2, 3],
			"rotation": {"angle": 0, "axis": "y", "origin": [0, 0, 11]},
			"faces": {
				"north": {"uv": [2.25, 13.875, 2.375, 14.125], "texture": "#0"},
				"east": {"uv": [12.5, 11.25, 13, 11.5], "texture": "#0"},
				"south": {"uv": [13.875, 2.25, 14, 2.5], "texture": "#0"},
				"west": {"uv": [12.5, 11.5, 13, 11.75], "texture": "#0"},
				"up": {"uv": [13.625, 6.75, 13.5, 6.25], "texture": "#0"},
				"down": {"uv": [13.625, 7, 13.5, 7.5], "texture": "#0"}
			}
		},
		{
			"from": [13, 0, -1],
			"to": [14, 2, 3],
			"rotation": {"angle": 0, "axis": "y", "origin": [0, 0, 11]},
			"faces": {
				"north": {"uv": [2.375, 13.875, 2.5, 14.125], "texture": "#0"},
				"east": {"uv": [12.5, 11.75, 13, 12], "texture": "#0"},
				"south": {"uv": [2.5, 13.875, 2.625, 14.125], "texture": "#0"},
				"west": {"uv": [12.5, 12, 13, 12.25], "texture": "#0"},
				"up": {"uv": [13.625, 8, 13.5, 7.5], "texture": "#0"},
				"down": {"uv": [13.625, 8, 13.5, 8.5], "texture": "#0"}
			}
		},
		{
			"from": [17, 0, -2],
			"to": [21, 2, -1],
			"rotation": {"angle": 0, "axis": "y", "origin": [0, 0, 11]},
			"faces": {
				"north": {"uv": [12.5, 12.25, 13, 12.5], "texture": "#0"},
				"east": {"uv": [13.875, 2.5, 14, 2.75], "texture": "#0"},
				"south": {"uv": [12.5, 12.5, 13, 12.75], "texture": "#0"},
				"west": {"uv": [2.625, 13.875, 2.75, 14.125], "texture": "#0"},
				"up": {"uv": [13.875, 4.5, 13.375, 4.375], "texture": "#0"},
				"down": {"uv": [13.875, 4.5, 13.375, 4.625], "texture": "#0"}
			}
		},
		{
			"from": [14, -2, -2],
			"to": [16, 1, -1],
			"rotation": {"angle": 0, "axis": "y", "origin": [0, 0, 11]},
			"faces": {
				"north": {"uv": [10, 13.125, 10.25, 13.5], "texture": "#0"},
				"east": {"uv": [13.625, 11.375, 13.75, 11.75], "texture": "#0"},
				"south": {"uv": [13.125, 10, 13.375, 10.375], "texture": "#0"},
				"west": {"uv": [13.625, 12.125, 13.75, 12.5], "texture": "#0"},
				"up": {"uv": [14, 8.875, 13.75, 8.75], "texture": "#0"},
				"down": {"uv": [14, 9.75, 13.75, 9.875], "texture": "#0"}
			}
		},
		{
			"from": [21, -3, -1],
			"to": [22, -1, 3],
			"rotation": {"angle": 0, "axis": "y", "origin": [0, 0, 11]},
			"faces": {
				"north": {"uv": [2.75, 13.875, 2.875, 14.125], "texture": "#0"},
				"east": {"uv": [12.625, 0, 13.125, 0.25], "texture": "#0"},
				"south": {"uv": [13.875, 2.75, 14, 3], "texture": "#0"},
				"west": {"uv": [12.625, 0.25, 13.125, 0.5], "texture": "#0"},
				"up": {"uv": [13.625, 9, 13.5, 8.5], "texture": "#0"},
				"down": {"uv": [13.625, 9.5, 13.5, 10], "texture": "#0"}
			}
		},
		{
			"from": [17, -3, -2],
			"to": [21, -1, -1],
			"rotation": {"angle": 0, "axis": "y", "origin": [0, 0, 11]},
			"faces": {
				"north": {"uv": [12.625, 0.5, 13.125, 0.75], "texture": "#0"},
				"east": {"uv": [2.875, 13.875, 3, 14.125], "texture": "#0"},
				"south": {"uv": [12.625, 0.75, 13.125, 1], "texture": "#0"},
				"west": {"uv": [3, 13.875, 3.125, 14.125], "texture": "#0"},
				"up": {"uv": [13.875, 4.75, 13.375, 4.625], "texture": "#0"},
				"down": {"uv": [13.875, 9, 13.375, 9.125], "texture": "#0"}
			}
		},
		{
			"from": [21, -6, -1],
			"to": [22, -4, 3],
			"rotation": {"angle": 0, "axis": "y", "origin": [0, 0, 11]},
			"faces": {
				"north": {"uv": [3.125, 13.875, 3.25, 14.125], "texture": "#0"},
				"east": {"uv": [12.625, 7.5, 13.125, 7.75], "texture": "#0"},
				"south": {"uv": [3.25, 13.875, 3.375, 14.125], "texture": "#0"},
				"west": {"uv": [12.625, 7.75, 13.125, 8], "texture": "#0"},
				"up": {"uv": [9.875, 14, 9.75, 13.5], "texture": "#0"},
				"down": {"uv": [10, 13.5, 9.875, 14], "texture": "#0"}
			}
		},
		{
			"from": [17, -6, -2],
			"to": [21, -4, -1],
			"rotation": {"angle": 0, "axis": "y", "origin": [0, 0, 11]},
			"faces": {
				"north": {"uv": [12.75, 1, 13.25, 1.25], "texture": "#0"},
				"east": {"uv": [13.875, 3.25, 14, 3.5], "texture": "#0"},
				"south": {"uv": [12.75, 1.25, 13.25, 1.5], "texture": "#0"},
				"west": {"uv": [3.375, 13.875, 3.5, 14.125], "texture": "#0"},
				"up": {"uv": [13.875, 9.25, 13.375, 9.125], "texture": "#0"},
				"down": {"uv": [14, 10, 13.5, 10.125], "texture": "#0"}
			}
		},
		{
			"from": [31, -5, -8],
			"to": [32, -3, -4],
			"rotation": {"angle": -22.5, "axis": "y", "origin": [0, 0, 11]},
			"faces": {
				"north": {"uv": [3.5, 13.875, 3.625, 14.125], "texture": "#0"},
				"east": {"uv": [12.75, 1.5, 13.25, 1.75], "texture": "#0"},
				"south": {"uv": [13.875, 3.5, 14, 3.75], "texture": "#0"},
				"west": {"uv": [12.75, 1.75, 13.25, 2], "texture": "#0"},
				"up": {"uv": [10.125, 14, 10, 13.5], "texture": "#0"},
				"down": {"uv": [10.25, 13.5, 10.125, 14], "texture": "#0"}
			}
		},
		{
			"from": [23, -5, -8],
			"to": [24, -3, -4],
			"rotation": {"angle": -22.5, "axis": "y", "origin": [0, 0, 11]},
			"faces": {
				"north": {"uv": [3.625, 13.875, 3.75, 14.125], "texture": "#0"},
				"east": {"uv": [12.75, 2.5, 13.25, 2.75], "texture": "#0"},
				"south": {"uv": [3.75, 13.875, 3.875, 14.125], "texture": "#0"},
				"west": {"uv": [12.75, 6.25, 13.25, 6.5], "texture": "#0"},
				"up": {"uv": [13.625, 10.625, 13.5, 10.125], "texture": "#0"},
				"down": {"uv": [13.625, 10.625, 13.5, 11.125], "texture": "#0"}
			}
		},
		{
			"from": [27, -5, -9],
			"to": [31, -3, -8],
			"rotation": {"angle": -22.5, "axis": "y", "origin": [0, 0, 11]},
			"faces": {
				"north": {"uv": [12.75, 6.5, 13.25, 6.75], "texture": "#0"},
				"east": {"uv": [13.875, 3.75, 14, 4], "texture": "#0"},
				"south": {"uv": [12.75, 8, 13.25, 8.25], "texture": "#0"},
				"west": {"uv": [3.875, 13.875, 4, 14.125], "texture": "#0"},
				"up": {"uv": [14, 11.25, 13.5, 11.125], "texture": "#0"},
				"down": {"uv": [14, 11.25, 13.5, 11.375], "texture": "#0"}
			}
		},
		{
			"from": [24, -7, -9],
			"to": [26, -4, -8],
			"rotation": {"angle": -22.5, "axis": "y", "origin": [0, 0, 11]},
			"faces": {
				"north": {"uv": [13.125, 10.375, 13.375, 10.75], "texture": "#0"},
				"east": {"uv": [13.625, 12.5, 13.75, 12.875], "texture": "#0"},
				"south": {"uv": [13.125, 10.75, 13.375, 11.125], "texture": "#0"},
				"west": {"uv": [13.125, 13.625, 13.25, 14], "texture": "#0"},
				"up": {"uv": [14, 11.75, 13.75, 11.625], "texture": "#0"},
				"down": {"uv": [4.25, 13.875, 4, 14], "texture": "#0"}
			}
		},
		{
			"from": [31, -8, -8],
			"to": [32, -6, -4],
			"rotation": {"angle": -22.5, "axis": "y", "origin": [0, 0, 11]},
			"faces": {
				"north": {"uv": [4.25, 13.875, 4.375, 14.125], "texture": "#0"},
				"east": {"uv": [12.75, 8.25, 13.25, 8.5], "texture": "#0"},
				"south": {"uv": [4.375, 13.875, 4.5, 14.125], "texture": "#0"},
				"west": {"uv": [12.5, 12.75, 13, 13], "texture": "#0"},
				"up": {"uv": [13.625, 11.875, 13.5, 11.375], "texture": "#0"},
				"down": {"uv": [12, 13.5, 11.875, 14], "texture": "#0"}
			}
		},
		{
			"from": [27, -8, -9],
			"to": [31, -6, -8],
			"rotation": {"angle": -22.5, "axis": "y", "origin": [0, 0, 11]},
			"faces": {
				"north": {"uv": [12.875, 3.875, 13.375, 4.125], "texture": "#0"},
				"east": {"uv": [13.875, 4.375, 14, 4.625], "texture": "#0"},
				"south": {"uv": [12.875, 5.625, 13.375, 5.875], "texture": "#0"},
				"west": {"uv": [4.5, 13.875, 4.625, 14.125], "texture": "#0"},
				"up": {"uv": [14, 12, 13.5, 11.875], "texture": "#0"},
				"down": {"uv": [14, 12, 13.5, 12.125], "texture": "#0"}
			}
		},
		{
			"from": [31, -11, -8],
			"to": [32, -9, -4],
			"rotation": {"angle": -22.5, "axis": "y", "origin": [0, 0, 11]},
			"faces": {
				"north": {"uv": [4.625, 13.875, 4.75, 14.125], "texture": "#0"},
				"east": {"uv": [12.875, 8.5, 13.375, 8.75], "texture": "#0"},
				"south": {"uv": [13.875, 4.625, 14, 4.875], "texture": "#0"},
				"west": {"uv": [12.875, 8.75, 13.375, 9], "texture": "#0"},
				"up": {"uv": [13.625, 12.625, 13.5, 12.125], "texture": "#0"},
				"down": {"uv": [13.625, 12.625, 13.5, 13.125], "texture": "#0"}
			}
		},
		{
			"from": [27, -11, -9],
			"to": [31, -9, -8],
			"rotation": {"angle": -22.5, "axis": "y", "origin": [0, 0, 11]},
			"faces": {
				"north": {"uv": [12.875, 9.5, 13.375, 9.75], "texture": "#0"},
				"east": {"uv": [4.75, 13.875, 4.875, 14.125], "texture": "#0"},
				"south": {"uv": [12.875, 9.75, 13.375, 10], "texture": "#0"},
				"west": {"uv": [4.875, 13.875, 5, 14.125], "texture": "#0"},
				"up": {"uv": [14, 13.25, 13.5, 13.125], "texture": "#0"},
				"down": {"uv": [13.75, 13.5, 13.25, 13.625], "texture": "#0"}
			}
		},
		{
			"from": [14, -5, 2],
			"to": [21, 2, 23],
			"rotation": {"angle": 0, "axis": "y", "origin": [0, -17, 11]},
			"faces": {
				"north": {"uv": [10.375, 8, 11.25, 8.875], "texture": "#0"},
				"east": {"uv": [7, 0, 9.625, 0.875], "texture": "#0"},
				"south": {"uv": [10.375, 8.875, 11.25, 9.75], "texture": "#0"},
				"west": {"uv": [7, 0.875, 9.625, 1.75], "texture": "#0"},
				"up": {"uv": [3.5, 10, 2.625, 7.375], "texture": "#0"},
				"down": {"uv": [4.375, 7.375, 3.5, 10], "texture": "#0"}
			}
		},
		{
			"from": [24, -10, -5],
			"to": [31, -3, 16],
			"rotation": {"angle": -22.5, "axis": "y", "origin": [0, -17, 11]},
			"faces": {
				"north": {"uv": [10.375, 9.75, 11.25, 10.625], "texture": "#0"},
				"east": {"uv": [7.25, 3.5, 9.875, 4.375], "texture": "#0"},
				"south": {"uv": [10.5, 5.875, 11.375, 6.75], "texture": "#0"},
				"west": {"uv": [4.375, 7.375, 7, 8.25], "texture": "#0"},
				"up": {"uv": [8.75, 9.125, 7.875, 6.5], "texture": "#0"},
				"down": {"uv": [5.25, 8.25, 4.375, 10.875], "texture": "#0"}
			}
		}
	],
	"display": {
		"thirdperson_righthand": {
			"translation": [-6, 4.25, 3.25],
			"scale": [0.65, 0.65, 0.65]
		},
		"thirdperson_lefthand": {
			"rotation": [-90, 0, 0],
			"translation": [-3.5, -0.5, 4.5]
		},
		"head": {
			"translation": [0, 0, -10.5]
		}
	},
	"groups": [
		{
			"name": "group",
			"origin": [8, 8, 8],
			"color": 0,
			"children": [
				{
					"name": "group",
					"origin": [8, 8, 8],
					"color": 0,
					"children": [
						{
							"name": "group",
							"origin": [8, 8, 8],
							"color": 0,
							"children": [0, 1, 2, 3, 4, 5, 6, 7, 8, 9]
						},
						{
							"name": "group",
							"origin": [8, 8, 8],
							"color": 0,
							"children": [
								{
									"name": "group",
									"origin": [8, 8, 8],
									"color": 0,
									"children": [10, 11, 12, 13, 14, 15, 16, 17, 18, 19]
								}
							]
						}
					]
				},
				{
					"name": "group",
					"origin": [8, 8, 8],
					"color": 0,
					"children": [
						{
							"name": "group",
							"origin": [8, 8, 8],
							"color": 0,
							"children": [20, 21, 22, 23, 24, 25, 26, 27]
						},
						{
							"name": "group",
							"origin": [8, 8, 8],
							"color": 0,
							"children": [28, 29, 30, 31, 32, 33, 34, 35]
						}
					]
				},
				{
					"name": "group",
					"origin": [8, 8, 8],
					"color": 0,
					"children": [36, 37]
				}
			]
		}
	]
}