{
	"credit": "Made with Blockbench",
	"texture_size": [128, 128],
	"textures": {
		"1": "block/zombie_mutant_2"
	},
	"elements": [
		{
			"from": [-5, -5, 2],
			"to": [2, 2, 23],
			"rotation": {"angle": 0, "axis": "y", "origin": [0, -17, 11]},
			"faces": {
				"north": {"uv": [2.625, 0.875, 3.5, 1.75], "texture": "#1"},
				"east": {"uv": [0, 0, 2.625, 0.875], "texture": "#1"},
				"south": {"uv": [3.5, 0.875, 4.375, 1.75], "texture": "#1"},
				"west": {"uv": [0, 0.875, 2.625, 1.75], "texture": "#1"},
				"up": {"uv": [0.875, 4.375, 0, 1.75], "texture": "#1"},
				"down": {"uv": [1.75, 1.75, 0.875, 4.375], "texture": "#1"}
			}
		},
		{
			"from": [-16, -5, -2],
			"to": [-15, -3, 2],
			"rotation": {"angle": 22.5, "axis": "y", "origin": [0, 0, 11]},
			"faces": {
				"north": {"uv": [1.625, 5, 1.75, 5.25], "texture": "#1"},
				"east": {"uv": [5.625, 4.25, 6.125, 4.5], "texture": "#1"},
				"south": {"uv": [7.125, 0.75, 7.25, 1], "texture": "#1"},
				"west": {"uv": [6.125, 3, 6.625, 3.25], "texture": "#1"},
				"up": {"uv": [5.125, 2.25, 5, 1.75], "texture": "#1"},
				"down": {"uv": [6.875, 2, 6.75, 2.5], "texture": "#1"}
			}
		},
		{
			"from": [-8, -5, -2],
			"to": [-7, -3, 2],
			"rotation": {"angle": 22.5, "axis": "y", "origin": [0, 0, 11]},
			"faces": {
				"north": {"uv": [7.125, 2.625, 7.25, 2.875], "texture": "#1"},
				"east": {"uv": [6.125, 4.25, 6.625, 4.5], "texture": "#1"},
				"south": {"uv": [7.125, 2.875, 7.25, 3.125], "texture": "#1"},
				"west": {"uv": [6.25, 0.5, 6.75, 0.75], "texture": "#1"},
				"up": {"uv": [7, 2.5, 6.875, 2], "texture": "#1"},
				"down": {"uv": [2.25, 6.875, 2.125, 7.375], "texture": "#1"}
			}
		},
		{
			"from": [-15, -5, -3],
			"to": [-11, -3, -2],
			"rotation": {"angle": 22.5, "axis": "y", "origin": [0, 0, 11]},
			"faces": {
				"north": {"uv": [6.25, 0.75, 6.75, 1], "texture": "#1"},
				"east": {"uv": [7.125, 3.125, 7.25, 3.375], "texture": "#1"},
				"south": {"uv": [6.25, 1, 6.75, 1.25], "texture": "#1"},
				"west": {"uv": [7.125, 3.375, 7.25, 3.625], "texture": "#1"},
				"up": {"uv": [5.75, 0.875, 5.25, 0.75], "texture": "#1"},
				"down": {"uv": [7.25, 5.125, 6.75, 5.25], "texture": "#1"}
			}
		},
		{
			"from": [-10, -7, -3],
			"to": [-8, -4, -2],
			"rotation": {"angle": 22.5, "axis": "y", "origin": [0, 0, 11]},
			"faces": {
				"north": {"uv": [5.125, 4.5, 5.375, 4.875], "texture": "#1"},
				"east": {"uv": [4.375, 2.25, 4.5, 2.625], "texture": "#1"},
				"south": {"uv": [3.875, 6.5, 4.125, 6.875], "texture": "#1"},
				"west": {"uv": [7, 5.75, 7.125, 6.125], "texture": "#1"},
				"up": {"uv": [5.375, 5, 5.125, 4.875], "texture": "#1"},
				"down": {"uv": [7.375, 1.625, 7.125, 1.75], "texture": "#1"}
			}
		},
		{
			"from": [-16, -8, -2],
			"to": [-15, -6, 2],
			"rotation": {"angle": 22.5, "axis": "y", "origin": [0, 0, 11]},
			"faces": {
				"north": {"uv": [7.125, 3.625, 7.25, 3.875], "texture": "#1"},
				"east": {"uv": [6.25, 1.25, 6.75, 1.5], "texture": "#1"},
				"south": {"uv": [7.125, 3.875, 7.25, 4.125], "texture": "#1"},
				"west": {"uv": [6.25, 1.5, 6.75, 1.75], "texture": "#1"},
				"up": {"uv": [2.375, 7.375, 2.25, 6.875], "texture": "#1"},
				"down": {"uv": [2.5, 6.875, 2.375, 7.375], "texture": "#1"}
			}
		},
		{
			"from": [-15, -8, -3],
			"to": [-11, -6, -2],
			"rotation": {"angle": 22.5, "axis": "y", "origin": [0, 0, 11]},
			"faces": {
				"north": {"uv": [6.25, 1.75, 6.75, 2], "texture": "#1"},
				"east": {"uv": [7.125, 5.25, 7.25, 5.5], "texture": "#1"},
				"south": {"uv": [6.25, 2, 6.75, 2.25], "texture": "#1"},
				"west": {"uv": [7.125, 5.5, 7.25, 5.75], "texture": "#1"},
				"up": {"uv": [7.375, 4.625, 6.875, 4.5], "texture": "#1"},
				"down": {"uv": [7.375, 4.625, 6.875, 4.75], "texture": "#1"}
			}
		},
		{
			"from": [-16, -11, -2],
			"to": [-15, -9, 2],
			"rotation": {"angle": 22.5, "axis": "y", "origin": [0, 0, 11]},
			"faces": {
				"north": {"uv": [7.125, 5.75, 7.25, 6], "texture": "#1"},
				"east": {"uv": [6.25, 2.25, 6.75, 2.5], "texture": "#1"},
				"south": {"uv": [7.125, 6, 7.25, 6.25], "texture": "#1"},
				"west": {"uv": [6.25, 4.5, 6.75, 4.75], "texture": "#1"},
				"up": {"uv": [4, 7.375, 3.875, 6.875], "texture": "#1"},
				"down": {"uv": [4.125, 6.875, 4, 7.375], "texture": "#1"}
			}
		},
		{
			"from": [-15, -11, -3],
			"to": [-11, -9, -2],
			"rotation": {"angle": 22.5, "axis": "y", "origin": [0, 0, 11]},
			"faces": {
				"north": {"uv": [6.25, 4.75, 6.75, 5], "texture": "#1"},
				"east": {"uv": [7.125, 6.25, 7.25, 6.5], "texture": "#1"},
				"south": {"uv": [6.25, 5, 6.75, 5.25], "texture": "#1"},
				"west": {"uv": [7.125, 6.5, 7.25, 6.75], "texture": "#1"},
				"up": {"uv": [7.375, 4.875, 6.875, 4.75], "texture": "#1"},
				"down": {"uv": [7.375, 4.875, 6.875, 5], "texture": "#1"}
			}
		},
		{
			"from": [-6, 0, -1],
			"to": [-5, 2, 3],
			"rotation": {"angle": 0, "axis": "y", "origin": [0, 0, 11]},
			"faces": {
				"north": {"uv": [7, 7.125, 7.125, 7.375], "texture": "#1"},
				"east": {"uv": [6.125, 6.25, 6.625, 6.5], "texture": "#1"},
				"south": {"uv": [7.125, 7.125, 7.25, 7.375], "texture": "#1"},
				"west": {"uv": [6.5, 2.5, 7, 2.75], "texture": "#1"},
				"up": {"uv": [7, 6.75, 6.875, 6.25], "texture": "#1"},
				"down": {"uv": [7, 6.75, 6.875, 7.25], "texture": "#1"}
			}
		},
		{
			"from": [2, 0, -1],
			"to": [3, 2, 3],
			"rotation": {"angle": 0, "axis": "y", "origin": [0, 0, 11]},
			"faces": {
				"north": {"uv": [7.25, 0.75, 7.375, 1], "texture": "#1"},
				"east": {"uv": [6.5, 2.75, 7, 3], "texture": "#1"},
				"south": {"uv": [7.25, 1.25, 7.375, 1.5], "texture": "#1"},
				"west": {"uv": [2.875, 6.5, 3.375, 6.75], "texture": "#1"},
				"up": {"uv": [0.125, 7.5, 0, 7], "texture": "#1"},
				"down": {"uv": [0.25, 7, 0.125, 7.5], "texture": "#1"}
			}
		},
		{
			"from": [-5, 0, -2],
			"to": [-1, 2, -1],
			"rotation": {"angle": 0, "axis": "y", "origin": [0, 0, 11]},
			"faces": {
				"north": {"uv": [6.5, 3.25, 7, 3.5], "texture": "#1"},
				"east": {"uv": [7.25, 2.25, 7.375, 2.5], "texture": "#1"},
				"south": {"uv": [3.375, 6.5, 3.875, 6.75], "texture": "#1"},
				"west": {"uv": [2.5, 7.25, 2.625, 7.5], "texture": "#1"},
				"up": {"uv": [7.375, 5.125, 6.875, 5], "texture": "#1"},
				"down": {"uv": [0.75, 7, 0.25, 7.125], "texture": "#1"}
			}
		},
		{
			"from": [0, -2, -2],
			"to": [2, 1, -1],
			"rotation": {"angle": 0, "axis": "y", "origin": [0, 0, 11]},
			"faces": {
				"north": {"uv": [1.625, 6.625, 1.875, 7], "texture": "#1"},
				"east": {"uv": [7, 6.125, 7.125, 6.5], "texture": "#1"},
				"south": {"uv": [1.875, 6.625, 2.125, 7], "texture": "#1"},
				"west": {"uv": [7, 6.5, 7.125, 6.875], "texture": "#1"},
				"up": {"uv": [7.375, 4.25, 7.125, 4.125], "texture": "#1"},
				"down": {"uv": [7.375, 6.75, 7.125, 6.875], "texture": "#1"}
			}
		},
		{
			"from": [-6, -3, -1],
			"to": [-5, -1, 3],
			"rotation": {"angle": 0, "axis": "y", "origin": [0, 0, 11]},
			"faces": {
				"north": {"uv": [7.25, 2.5, 7.375, 2.75], "texture": "#1"},
				"east": {"uv": [6.5, 3.5, 7, 3.75], "texture": "#1"},
				"south": {"uv": [7.25, 2.75, 7.375, 3], "texture": "#1"},
				"west": {"uv": [6.5, 3.75, 7, 4], "texture": "#1"},
				"up": {"uv": [0.875, 7.5, 0.75, 7], "texture": "#1"},
				"down": {"uv": [1, 7, 0.875, 7.5], "texture": "#1"}
			}
		},
		{
			"from": [-5, -3, -2],
			"to": [-1, -1, -1],
			"rotation": {"angle": 0, "axis": "y", "origin": [0, 0, 11]},
			"faces": {
				"north": {"uv": [6.5, 4, 7, 4.25], "texture": "#1"},
				"east": {"uv": [7.25, 3, 7.375, 3.25], "texture": "#1"},
				"south": {"uv": [6.5, 5.25, 7, 5.5], "texture": "#1"},
				"west": {"uv": [7.25, 3.25, 7.375, 3.5], "texture": "#1"},
				"up": {"uv": [7.5, 1.125, 7, 1], "texture": "#1"},
				"down": {"uv": [7.5, 1.125, 7, 1.25], "texture": "#1"}
			}
		},
		{
			"from": [-6, -6, -1],
			"to": [-5, -4, 3],
			"rotation": {"angle": 0, "axis": "y", "origin": [0, 0, 11]},
			"faces": {
				"north": {"uv": [7.25, 3.5, 7.375, 3.75], "texture": "#1"},
				"east": {"uv": [6.5, 5.5, 7, 5.75], "texture": "#1"},
				"south": {"uv": [7.25, 3.75, 7.375, 4], "texture": "#1"},
				"west": {"uv": [6.5, 5.75, 7, 6], "texture": "#1"},
				"up": {"uv": [7.125, 1.75, 7, 1.25], "texture": "#1"},
				"down": {"uv": [1.75, 7, 1.625, 7.5], "texture": "#1"}
			}
		},
		{
			"from": [-5, -6, -2],
			"to": [-1, -4, -1],
			"rotation": {"angle": 0, "axis": "y", "origin": [0, 0, 11]},
			"faces": {
				"north": {"uv": [6.5, 6, 7, 6.25], "texture": "#1"},
				"east": {"uv": [7.25, 5.125, 7.375, 5.375], "texture": "#1"},
				"south": {"uv": [6.125, 6.5, 6.625, 6.75], "texture": "#1"},
				"west": {"uv": [7.25, 5.375, 7.375, 5.625], "texture": "#1"},
				"up": {"uv": [7.5, 2.125, 7, 2], "texture": "#1"},
				"down": {"uv": [7.5, 2.125, 7, 2.25], "texture": "#1"}
			}
		},
		{
			"from": [-4, -8, -1],
			"to": [1, 3, 3],
			"faces": {
				"north": {"uv": [4.375, 0.875, 5, 2.25], "texture": "#1"},
				"east": {"uv": [5.125, 1.75, 5.625, 3.125], "texture": "#1"},
				"south": {"uv": [1, 4.375, 1.625, 5.75], "texture": "#1"},
				"west": {"uv": [5.125, 3.125, 5.625, 4.5], "texture": "#1"},
				"up": {"uv": [6.5, 3.75, 5.875, 3.25], "texture": "#1"},
				"down": {"uv": [6.5, 3.75, 5.875, 4.25], "texture": "#1"}
			}
		},
		{
			"from": [-3, -9, 0],
			"to": [0, -8, 2],
			"faces": {
				"north": {"uv": [7, 6.875, 7.375, 7], "texture": "#1"},
				"east": {"uv": [7.25, 1.5, 7.5, 1.625], "texture": "#1"},
				"south": {"uv": [7, 7, 7.375, 7.125], "texture": "#1"},
				"west": {"uv": [7.25, 4, 7.5, 4.125], "texture": "#1"},
				"up": {"uv": [2.5, 6.875, 2.125, 6.625], "texture": "#1"},
				"down": {"uv": [7, 3, 6.625, 3.25], "texture": "#1"}
			}
		},
		{
			"from": [-2, 4, -1],
			"to": [-1, 25, 3],
			"faces": {
				"north": {"uv": [1.5, 5.75, 1.625, 8.375], "texture": "#1"},
				"east": {"uv": [3.5, 2.625, 4, 5.25], "texture": "#1"},
				"south": {"uv": [4.875, 5.875, 5, 8.5], "texture": "#1"},
				"west": {"uv": [4, 2.625, 4.5, 5.25], "texture": "#1"},
				"up": {"uv": [1.875, 7.5, 1.75, 7], "texture": "#1"},
				"down": {"uv": [2, 7, 1.875, 7.5], "texture": "#1"}
			}
		},
		{
			"from": [-1, 4, 0],
			"to": [0, 24, 2],
			"faces": {
				"north": {"uv": [5.25, 5.875, 5.375, 8.375], "texture": "#1"},
				"east": {"uv": [5.375, 5.25, 5.625, 7.75], "texture": "#1"},
				"south": {"uv": [5.875, 5.25, 6, 7.75], "texture": "#1"},
				"west": {"uv": [5.625, 1.75, 5.875, 4.25], "texture": "#1"},
				"up": {"uv": [7.375, 5.875, 7.25, 5.625], "texture": "#1"},
				"down": {"uv": [7.375, 5.875, 7.25, 6.125], "texture": "#1"}
			}
		},
		{
			"from": [-3, 4, 0],
			"to": [-2, 24, 2],
			"faces": {
				"north": {"uv": [2.625, 6, 2.75, 8.5], "texture": "#1"},
				"east": {"uv": [5.625, 5.25, 5.875, 7.75], "texture": "#1"},
				"south": {"uv": [2.75, 6, 2.875, 8.5], "texture": "#1"},
				"west": {"uv": [1, 5.75, 1.25, 8.25], "texture": "#1"},
				"up": {"uv": [7.375, 6.375, 7.25, 6.125], "texture": "#1"},
				"down": {"uv": [7.375, 6.375, 7.25, 6.625], "texture": "#1"}
			}
		},
		{
			"from": [-3, 24, 1],
			"to": [-2, 29, 2],
			"faces": {
				"north": {"uv": [1.625, 4.375, 1.75, 5], "texture": "#1"},
				"east": {"uv": [4.375, 5.25, 4.5, 5.875], "texture": "#1"},
				"south": {"uv": [2.5, 6.625, 2.625, 7.25], "texture": "#1"},
				"west": {"uv": [2.875, 6.75, 3, 7.375], "texture": "#1"},
				"up": {"uv": [5.875, 0.875, 5.75, 0.75], "texture": "#1"},
				"down": {"uv": [7.5, 0.875, 7.375, 1], "texture": "#1"}
			}
		},
		{
			"from": [-1, 24, 1],
			"to": [0, 29, 2],
			"faces": {
				"north": {"uv": [3, 6.75, 3.125, 7.375], "texture": "#1"},
				"east": {"uv": [3.125, 6.75, 3.25, 7.375], "texture": "#1"},
				"south": {"uv": [3.25, 6.75, 3.375, 7.375], "texture": "#1"},
				"west": {"uv": [3.375, 6.75, 3.5, 7.375], "texture": "#1"},
				"up": {"uv": [7.5, 1.75, 7.375, 1.625], "texture": "#1"},
				"down": {"uv": [7.5, 2.75, 7.375, 2.875], "texture": "#1"}
			}
		},
		{
			"from": [-2, 29, 1],
			"to": [-1, 32, 3],
			"faces": {
				"north": {"uv": [6.625, 7, 6.75, 7.375], "texture": "#1"},
				"east": {"uv": [6.625, 6.25, 6.875, 6.625], "texture": "#1"},
				"south": {"uv": [6.75, 7, 6.875, 7.375], "texture": "#1"},
				"west": {"uv": [6.625, 6.625, 6.875, 7], "texture": "#1"},
				"up": {"uv": [7, 7.5, 6.875, 7.25], "texture": "#1"},
				"down": {"uv": [7.375, 7.125, 7.25, 7.375], "texture": "#1"}
			}
		},
		{
			"from": [-2, 25, 0],
			"to": [-1, 29, 3],
			"faces": {
				"north": {"uv": [2, 7, 2.125, 7.5], "texture": "#1"},
				"east": {"uv": [6.125, 2.5, 6.5, 3], "texture": "#1"},
				"south": {"uv": [7, 2.25, 7.125, 2.75], "texture": "#1"},
				"west": {"uv": [6.125, 5.25, 6.5, 5.75], "texture": "#1"},
				"up": {"uv": [0.375, 7.5, 0.25, 7.125], "texture": "#1"},
				"down": {"uv": [0.5, 7.125, 0.375, 7.5], "texture": "#1"}
			}
		},
		{
			"from": [-5, 3, -2],
			"to": [2, 4, 4],
			"faces": {
				"north": {"uv": [6.625, 0, 7.5, 0.125], "texture": "#1"},
				"east": {"uv": [6.625, 4.25, 7.375, 4.375], "texture": "#1"},
				"south": {"uv": [6.625, 0.125, 7.5, 0.25], "texture": "#1"},
				"west": {"uv": [6.625, 4.375, 7.375, 4.5], "texture": "#1"},
				"up": {"uv": [6.125, 0.75, 5.25, 0], "texture": "#1"},
				"down": {"uv": [3.5, 5.25, 2.625, 6], "texture": "#1"}
			}
		},
		{
			"from": [-10.34633, -13, -1.47759],
			"to": [-5.34633, -2, 2.52241],
			"rotation": {"angle": 22.5, "axis": "y", "origin": [0, 0, 20]},
			"faces": {
				"north": {"uv": [4.5, 2.25, 5.125, 3.625], "texture": "#1"},
				"east": {"uv": [1.625, 5.25, 2.125, 6.625], "texture": "#1"},
				"south": {"uv": [4.5, 3.625, 5.125, 5], "texture": "#1"},
				"west": {"uv": [2.125, 5.25, 2.625, 6.625], "texture": "#1"},
				"up": {"uv": [3.5, 6.5, 2.875, 6], "texture": "#1"},
				"down": {"uv": [4.125, 6, 3.5, 6.5], "texture": "#1"}
			}
		},
		{
			"from": [-9.34633, -14, -0.47759],
			"to": [-6.34633, -13, 1.52241],
			"rotation": {"angle": 22.5, "axis": "y", "origin": [0, 0, 20]},
			"faces": {
				"north": {"uv": [7.125, 0.5, 7.5, 0.625], "texture": "#1"},
				"east": {"uv": [7.25, 6.625, 7.5, 6.75], "texture": "#1"},
				"south": {"uv": [7.125, 0.625, 7.5, 0.75], "texture": "#1"},
				"west": {"uv": [7.375, 0.75, 7.625, 0.875], "texture": "#1"},
				"up": {"uv": [7.125, 0.75, 6.75, 0.5], "texture": "#1"},
				"down": {"uv": [7.125, 0.75, 6.75, 1], "texture": "#1"}
			}
		},
		{
			"from": [-8.34633, -1, -1.47759],
			"to": [-7.34633, 20, 2.52241],
			"rotation": {"angle": 22.5, "axis": "y", "origin": [0, 0, 20]},
			"faces": {
				"north": {"uv": [5, 5.875, 5.125, 8.5], "texture": "#1"},
				"east": {"uv": [0, 4.375, 0.5, 7], "texture": "#1"},
				"south": {"uv": [5.125, 5.875, 5.25, 8.5], "texture": "#1"},
				"west": {"uv": [0.5, 4.375, 1, 7], "texture": "#1"},
				"up": {"uv": [7.125, 3.25, 7, 2.75], "texture": "#1"},
				"down": {"uv": [7.125, 3.25, 7, 3.75], "texture": "#1"}
			}
		},
		{
			"from": [-9.34633, -1, -0.47759],
			"to": [-8.34633, 19, 1.52241],
			"rotation": {"angle": 22.5, "axis": "y", "origin": [0, 0, 20]},
			"faces": {
				"north": {"uv": [4.125, 6, 4.25, 8.5], "texture": "#1"},
				"east": {"uv": [1.25, 5.75, 1.5, 8.25], "texture": "#1"},
				"south": {"uv": [4.25, 6, 4.375, 8.5], "texture": "#1"},
				"west": {"uv": [5.875, 0.75, 6.125, 3.25], "texture": "#1"},
				"up": {"uv": [7.5, 1.5, 7.375, 1.25], "texture": "#1"},
				"down": {"uv": [2.25, 7.375, 2.125, 7.625], "texture": "#1"}
			}
		},
		{
			"from": [-7.34633, -1, -0.47759],
			"to": [-6.34633, 19, 1.52241],
			"rotation": {"angle": 22.5, "axis": "y", "origin": [0, 0, 20]},
			"faces": {
				"north": {"uv": [6, 5.25, 6.125, 7.75], "texture": "#1"},
				"east": {"uv": [4.375, 5.875, 4.625, 8.375], "texture": "#1"},
				"south": {"uv": [6.125, 0, 6.25, 2.5], "texture": "#1"},
				"west": {"uv": [4.625, 5.875, 4.875, 8.375], "texture": "#1"},
				"up": {"uv": [2.375, 7.625, 2.25, 7.375], "texture": "#1"},
				"down": {"uv": [7.5, 2.25, 7.375, 2.5], "texture": "#1"}
			}
		},
		{
			"from": [-9.34633, 19, 0.52241],
			"to": [-8.34633, 24, 1.52241],
			"rotation": {"angle": 22.5, "axis": "y", "origin": [0, 0, 20]},
			"faces": {
				"north": {"uv": [3.5, 6.75, 3.625, 7.375], "texture": "#1"},
				"east": {"uv": [3.625, 6.75, 3.75, 7.375], "texture": "#1"},
				"south": {"uv": [3.75, 6.75, 3.875, 7.375], "texture": "#1"},
				"west": {"uv": [6.75, 4.5, 6.875, 5.125], "texture": "#1"},
				"up": {"uv": [3, 7.5, 2.875, 7.375], "texture": "#1"},
				"down": {"uv": [7.5, 2.875, 7.375, 3], "texture": "#1"}
			}
		},
		{
			"from": [-7.34633, 19, 0.52241],
			"to": [-6.34633, 24, 1.52241],
			"rotation": {"angle": 22.5, "axis": "y", "origin": [0, 0, 20]},
			"faces": {
				"north": {"uv": [6.125, 6.75, 6.25, 7.375], "texture": "#1"},
				"east": {"uv": [6.25, 6.75, 6.375, 7.375], "texture": "#1"},
				"south": {"uv": [6.375, 6.75, 6.5, 7.375], "texture": "#1"},
				"west": {"uv": [6.5, 6.75, 6.625, 7.375], "texture": "#1"},
				"up": {"uv": [3.125, 7.5, 3, 7.375], "texture": "#1"},
				"down": {"uv": [7.5, 3, 7.375, 3.125], "texture": "#1"}
			}
		},
		{
			"from": [-8.34633, 20, -0.47759],
			"to": [-7.34633, 24, 2.52241],
			"rotation": {"angle": 22.5, "axis": "y", "origin": [0, 0, 20]},
			"faces": {
				"north": {"uv": [7, 3.75, 7.125, 4.25], "texture": "#1"},
				"east": {"uv": [6.125, 5.75, 6.5, 6.25], "texture": "#1"},
				"south": {"uv": [7, 5.25, 7.125, 5.75], "texture": "#1"},
				"west": {"uv": [6.25, 0, 6.625, 0.5], "texture": "#1"},
				"up": {"uv": [0.625, 7.5, 0.5, 7.125], "texture": "#1"},
				"down": {"uv": [0.75, 7.125, 0.625, 7.5], "texture": "#1"}
			}
		},
		{
			"from": [-8.34633, 24, 0.52241],
			"to": [-7.34633, 27, 2.52241],
			"rotation": {"angle": 22.5, "axis": "y", "origin": [0, 0, 20]},
			"faces": {
				"north": {"uv": [7.125, 1.25, 7.25, 1.625], "texture": "#1"},
				"east": {"uv": [6.75, 1, 7, 1.375], "texture": "#1"},
				"south": {"uv": [7.125, 2.25, 7.25, 2.625], "texture": "#1"},
				"west": {"uv": [6.75, 1.375, 7, 1.75], "texture": "#1"},
				"up": {"uv": [2.5, 7.625, 2.375, 7.375], "texture": "#1"},
				"down": {"uv": [7.5, 2.5, 7.375, 2.75], "texture": "#1"}
			}
		},
		{
			"from": [-11.34633, -2, -2.47759],
			"to": [-4.34633, -1, 3.52241],
			"rotation": {"angle": 22.5, "axis": "y", "origin": [0, 0, 20]},
			"faces": {
				"north": {"uv": [6.625, 0.25, 7.5, 0.375], "texture": "#1"},
				"east": {"uv": [6.75, 1.75, 7.5, 1.875], "texture": "#1"},
				"south": {"uv": [6.625, 0.375, 7.5, 0.5], "texture": "#1"},
				"west": {"uv": [6.75, 1.875, 7.5, 2], "texture": "#1"},
				"up": {"uv": [4.375, 6, 3.5, 5.25], "texture": "#1"},
				"down": {"uv": [6.25, 4.5, 5.375, 5.25], "texture": "#1"}
			}
		},
		{
			"from": [-15, -10, 1],
			"to": [-8, -3, 22],
			"rotation": {"angle": 22.5, "axis": "y", "origin": [0, -17, 11]},
			"faces": {
				"north": {"uv": [5, 0.875, 5.875, 1.75], "texture": "#1"},
				"east": {"uv": [1.75, 1.75, 4.375, 2.625], "texture": "#1"},
				"south": {"uv": [4.5, 5, 5.375, 5.875], "texture": "#1"},
				"west": {"uv": [2.625, 0, 5.25, 0.875], "texture": "#1"},
				"up": {"uv": [2.625, 5.25, 1.75, 2.625], "texture": "#1"},
				"down": {"uv": [3.5, 2.625, 2.625, 5.25], "texture": "#1"}
			}
		}
	],
	"display": {
		"thirdperson_righthand": {
			"translation": [-6, 4.25, 3.25],
			"scale": [0.65, 0.65, 0.65]
		}
	},
	"groups": [
		{
			"name": "group",
			"origin": [8, 8, 8],
			"color": 0,
			"children": [
				0,
				{
					"name": "group",
					"origin": [8, 8, 8],
					"color": 0,
					"children": [1, 2, 3, 4, 5, 6, 7, 8, 9, 10, 11, 12, 13, 14, 15, 16, 17, 18, 19, 20, 21, 22, 23, 24, 25, 26, 27, 28, 29, 30, 31, 32, 33, 34, 35, 36]
				},
				37
			]
		}
	]
}