{
    "feature": "cultepack:sapin",
    "placement": [
      {
        "type": "minecraft:count",
        "count": {
          "type": "minecraft:uniform",
            "min_inclusive": 1,
            "max_inclusive": 2
        }
      },
      {
        "type": "minecraft:biome"
      },
      {
        "type": "minecraft:in_square"
      },
      {
        "type": "minecraft:heightmap",
        "heightmap": "WORLD_SURFACE_WG"
      },
      {
        "type": "minecraft:block_predicate_filter",
        "predicate": {
          "type": "minecraft:matching_blocks",
          "offset": [
            0,
            -1,
            0
          ],
          "blocks": "minecraft:stone"
        }
      }
    ]
  }
  