{
	"type": "minecraft:jigsaw",
	"biomes": [
		"cultepack:zone_morte",
        "cultepack:desert_de_glace",
        "cultepack:foret_mutante",
        "cultepack:marecage",
		"cultepack:terre_magique",
		"cultepack:montagne",
		"cultepack:bois_calme"
	],
	"step": "surface_structures",
	"spawn_overrides": {},
	"terrain_adaptation": "beard_thin",
	"start_pool": "cultepack:portail",
	"size": 6,
	"start_height": {
		"absolute": 1
	},
	"project_start_to_heightmap": "WORLD_SURFACE_WG",
	"max_distance_from_center": 80,
	"use_expansion_hack": false
}
