{
	"type": "minecraft:entity",
	"pools": [
		{
			"rolls": 1,
			"entries": [
				{
					"type": "minecraft:item",
					"weight": 1,
					"name": "minecraft:netherite_sword",
					"functions": [
						{
							"function": "minecraft:set_components",
							"components":{
								"minecraft:custom_name": "[{\"text\":\"Épée Démoniaque\",\"italic\":false,\"color\":\"dark_red\"}]",
								"minecraft:lore": [
								  "[{\"text\":\"Épée surpuissante,\",\"italic\":false}]",
								  "[{\"text\":\"forgé depuis l'End\",\"italic\":false}]"
								],
								"minecraft:attribute_modifiers": [
								  {
									"type": "generic.attack_damage",
									"slot": "mainhand",
									"uuid": [
									  -123215,
									  14937,
									  143012,
									  -29874
									],
									"operation": "add_value",
									"name": "generic.attack_damage",
									"amount": 16
								  },
								  {
									"type": "generic.attack_speed",
									"slot": "mainhand",
									"uuid": [
									  -123215,
									  15037,
									  143012,
									  -30074
									],
									"operation": "add_value",
									"name": "generic.attack_speed",
									"amount": 3.6
								  }
								],
								"minecraft:custom_model_data": 6660102
							  }
						}
					]
				}
			]
		},
		{
			"rolls": 1,
			"entries": [
				{
					"type": "minecraft:item",
					"weight": 1,
					"name": "minecraft:netherite_sword",
					"functions": [
						{
							"function": "minecraft:set_components",
							"components":{
								"minecraft:custom_name": "[{\"text\":\"Marteau Démoniaque\",\"italic\":false,\"color\":\"dark_red\"}]",
								"minecraft:lore": [
								  "[{\"text\":\"Marteau Légendaire,\",\"italic\":false}]",
								  "[{\"text\":\"forgé depuis l'End\",\"italic\":false}]"
								],
								"minecraft:attribute_modifiers": [
								  {
									"type": "generic.attack_speed",
									"slot": "mainhand",
									"uuid": [
									  -123415,
									  36714,
									  174451,
									  -73428
									],
									"operation": "add_value",
									"name": "generic.attack_speed",
									"amount": -3.6
								  },
								  {
									"type": "generic.attack_damage",
									"slot": "mainhand",
									"uuid": [
									  -123415,
									  36814,
									  174451,
									  -73628
									],
									"operation": "add_value",
									"name": "generic.attack_damage",
									"amount": 32
								  }
								],
								"minecraft:custom_model_data": 6660103,
								"minecraft:custom_data": {
								  "Tags": "marteau_demonic"
								}
							  }
						}
					]
				}
			]
		},
		{
			"rolls": 1,
			"entries": [
				{
					"type": "minecraft:item",
					"weight": 1,
					"name": "minecraft:bow",
					"functions": [
						{
							"function": "minecraft:set_components",
							"components":{
								"minecraft:enchantments": {
								  "flame": 1,
								  "infinity": 1,
								  "mending": 1,
								  "power": 10,
								  "unbreaking": 10
								},
								"minecraft:custom_name": "[{\"text\":\"Arc Démoniaque\",\"italic\":false,\"color\":\"dark_red\",\"underlined\":false,\"bold\":false}]",
								"minecraft:lore": [
								  "[{\"text\":\"Arc du culte\",\"italic\":true,\"color\":\"yellow\"}]",
								  "[{\"text\":\"Contient l'âme d'un démon.\",\"italic\":true,\"color\":\"yellow\"}]"
								],
								"minecraft:custom_model_data": 6661,
								"minecraft:custom_data": {
								  "tag": "[cultestuff]"
								}
							  }
						}
					]
				}
			]
		},
		{
			"rolls": 1,
			"entries": [
				{
					"type": "minecraft:item",
					"weight": 1,
					"name": "minecraft:netherite_sword",
					"functions": [
						{
							"function": "minecraft:set_components",
							"components":{
								"minecraft:custom_name": "[{\"text\":\"Épée empoisonnée\",\"italic\":false,\"color\":\"green\"}]",
								"minecraft:lore": [
								  "[{\"text\":\"Elle donne à vos\",\"italic\":false}]",
								  "[{\"text\":\"ennemis un effet poison \",\"italic\":false}]"
								],
								"minecraft:custom_model_data": 6660104,
								"minecraft:custom_data": {
								  "Tags": [
									"poison_sword"
								  ]
								}
							  }

						}
					]
				}
			]
		},
		{
			"rolls": 1,
			"entries": [
				{
					"type": "minecraft:item",
					"weight": 1,
					"name": "minecraft:netherite_sword",
					"functions": [
						{
							"function": "minecraft:set_components",
							"components":{
								"minecraft:custom_name": "[{\"text\":\"Faux De Glace\",\"italic\":false,\"color\":\"aqua\"}]",
								"minecraft:lore": [
								  "[{\"text\":\"Elle immobilise vos\",\"italic\":false}]",
								  "[{\"text\":\"ennemis dans la neige\",\"italic\":false}]"
								],
								"minecraft:custom_model_data": 6660105,
								"minecraft:custom_data": {
								  "Tags": [
									"ice_sword"
								  ]
								}
							  }
						}
					]
				} 	
			]
		}
    ]
}