{
	"type": "minecraft:entity",
	"pools": [
		{
			"rolls": {
				"min": 2,
				"max": 3
			},
			"entries": [
				{
					"type": "minecraft:item",
					"weight": 3,
					"name": "minecraft:phantom_membrane",
					"functions": [
						{
							"function": "set_count",
							"count": 6
						}
					]
				},
				{
					"type": "minecraft:item",
					"weight": 1,
					"name": "minecraft:nether_star"
				},
				{
					"type": "minecraft:item",
					"weight": 3,
					"name": "minecraft:diamond",
					"functions": [
						{
							"function": "set_count",
							"count": 3
						}
					]
				}
			]
		},
		{
			"rolls": {
				"min": 1,
				"max": 1
			},
			"entries": [
				{
					"type": "minecraft:item",
					"weight": 1,
					"name": "minecraft:shield",
					"functions": [
						{
							"function": "minecraft:set_components",
							"components":{
								"minecraft:custom_name": "[{\"text\":\"Bouclier \",\"italic\":false,\"color\":\"gold\"},{\"text\":\"[RÉSISTANCE]\",\"italic\":true,\"color\":\"dark_red\"}]",
								"minecraft:lore": [
								  "[{\"text\":\"Donne un effet de résistance\"}]",
								  "[{\"text\":\"niveau 1\",\"italic\":true},{\"text\":\"\",\"italic\":false}]",
								  "[{\"text\":\"\",\"italic\":false}]"
								],
								"minecraft:base_color": "white",
								"minecraft:banner_patterns": [
								  {
									"color": "red",
									"pattern": "rhombus"
								  },
								  {
									"color": "red",
									"pattern": "triangles_top"
								  },
								  {
									"color": "red",
									"pattern": "half_horizontal_bottom"
								  },
								  {
									"color": "red",
									"pattern": "border"
								  },
								  {
									"color": "white",
									"pattern": "circle"
								  },
								  {
									"color": "white",
									"pattern": "rhombus"
								  },
								  {
									"color": "red",
									"pattern": "straight_cross"
								  },
								  {
									"color": "white",
									"pattern": "triangles_top"
								  },
								  {
									"color": "red",
									"pattern": "gradient_up"
								  }
								],
								"minecraft:custom_data": {
								  "Tags": [
									"shield_resist_1"
								  ]
								}
							  }
						}
					]
				}
			]
		},
		{
			"rolls": 1,
			"entries": [
				{
					"type": "minecraft:item",
					"weight": 1,
					"name": "minecraft:popped_chorus_fruit",
					"functions": [
						{
							"function": "minecraft:set_components",
							"components":{
								"minecraft:custom_name": "[{\"text\":\"Cristal \",\"italic\":false,\"color\":\"green\"},{\"text\":\"d'Invocation\",\"color\":\"green\"},{\"text\":\" : \"},{\"text\":\"Iron Golem\",\"underlined\":true,\"color\":\"white\"}]",
								"minecraft:lore": [
								  "[{\"text\":\"S'utilise à la forge\",\"italic\":false,\"color\":\"dark_purple\"}]",
								  "[{\"text\":\"de l'End pour améliorer\",\"italic\":false,\"color\":\"dark_purple\"}]",
								  "[{\"text\":\"le \",\"italic\":false,\"color\":\"dark_purple\"},{\"text\":\"Sceptre de\",\"color\":\"gold\"},{\"text\":\" \"},{\"text\":\"Base\",\"color\":\"light_purple\"},{\"text\":\".\"}]"
								],
								"minecraft:custom_model_data": 77704,
								"minecraft:custom_data": {
								  "Tags": [
									"cristal_golem"
								  ]
								}
							  }
						}
					]
				},
				{
					"type": "minecraft:item",
					"weight": 1,
					"name": "minecraft:popped_chorus_fruit",
					"functions": [
						{
							"function": "minecraft:set_components",
							"components":{
								"minecraft:custom_name": "[{\"text\":\"Cristal Triple Explosion\",\"italic\":false,\"color\":\"dark_red\"}]",
								"minecraft:lore": [
								  "[{\"text\":\"S'utilise à la forge\",\"italic\":false,\"color\":\"dark_purple\"}]",
								  "[{\"text\":\"de l'End pour améliorer\",\"italic\":false,\"color\":\"dark_purple\"}]",
								  "[{\"text\":\"le \",\"italic\":false,\"color\":\"dark_purple\"},{\"text\":\"Sceptre de\",\"color\":\"gold\"},{\"text\":\" \"},{\"text\":\"Base\",\"color\":\"light_purple\"},{\"text\":\".\"}]"
								],
								"minecraft:custom_model_data": 77703,
								"minecraft:custom_data": {
								  "Tags": [
									"cristal_3explo"
								  ]
								}
							  }
						}
					]
				}
			]
		}
	]
}
