{
	"type": "minecraft:chest",
	"pools": [
		{
			"rolls": 1,
			"entries": [
			  {
				"type": "minecraft:loot_table",
				"value": "cultepack:chests/potion",
				"weight": 1
			  },
			  {
				"type": "minecraft:empty",
				"weight": 4 
			  }
			]
		  },
		{
			"rolls": {
			  "min": 1,
			  "max": 1
			},
			"entries": [
			  {
				"weight" : 1,
				"type": "minecraft:loot_table",
				"value": "cultepack:entities/map"
			  },
			  {
				"weight" : 6,
				"type": "minecraft:loot_table",
				"value": "cultepack:entities/vide"
			  }
			]
		  },
		{
			"rolls": 3,
			"entries": [
				{
					"type": "minecraft:item",
					"weight": 2,
					"name": "minecraft:wither_skeleton_skull",
					"functions": [
						{
							"function": "minecraft:set_count",
							"count": {
								"min": 1,
								"max": 2
							}
						}
					]
				},
				{
					"type": "minecraft:item",
					"weight": 2,
					"name": "minecraft:diamond",
					"functions": [
						{
							"function": "minecraft:set_count",
							"count": {
								"min": 1,
								"max": 2
							}
						}
					]
				},
				{
					"type": "minecraft:item",
					"weight": 2,
					"name": "minecraft:crying_obsidian",
					"functions": [
						{
							"function": "minecraft:set_count",
							"count": {
								"min": 10,
								"max": 53
							}
						}
					]
				},
				{
					"type": "minecraft:item",
					"weight": 2,
					"name": "minecraft:enchanted_book",
					"functions": [
						{
							"function": "minecraft:set_components",
							"components": {
								"minecraft:custom_model_data": {
									"strings": [
									  "livre_base"
									]
								  },
								"minecraft:lore": [
									{
									  "text": "-Bague"
									}
                  ]
							}
						},
							{
							  "function": "minecraft:set_enchantments",
							  "enchantments": {
								"cultepack:jump": 1
							  }
							}
					]
				},
				{
					"type": "minecraft:item",
					"weight": 5,
					"name": "minecraft:blackstone",
					"functions": [
						{
							"function": "minecraft:set_count",
							"count": {
								"min": 10,
								"max": 15
							}
						}
					]
				}
			]
		},
		{
		
			"rolls": {
				"min": 0,
				"max": 2
			},
			"entries": [
				{
					"type": "minecraft:item",
					"weight": 4,
					"name": "minecraft:popped_chorus_fruit",
					"functions": [
						{
							"function": "minecraft:set_components",
						     "components":{
                        "minecraft:custom_name": 
                        {
									  "text": "Pierre d'Invocation ★",
									  "color":"gold",
									  "italic" : false
									},
                        "minecraft:lore": [
                          {
									  "text": "Contient une âme"
									},
									{
									  "text": ""
									},{
									  "text": "Utilisée à un Autel",
									  "color":"dark_gray"
									},
									{
									  "text": "sacrificiel, libère un",
									  "color":"dark_gray"
									},
                  {
									  "text": "puissant boss au niveau",
									  "color":"dark_gray"
									},
                  {
									  "text": "de la pierre",
									  "color":"dark_gray"
									}
                        ],
								"minecraft:custom_model_data": {
									"strings": [
									  "rune_invoc"
									]
								  },
								"minecraft:custom_data": {
								  "Tags": [
									"pierre_invoc_1"
								  ]
								}
							  }
						}
					]
				},
				{
					"type": "minecraft:item",
					"weight": 2,
					"name": "minecraft:dragon_head",
					"functions": [
						{
							"function": "minecraft:set_count",
							"count": {
								"min": 1,
								"max": 1
							}
						}
					]
				},
				{
					"type": "minecraft:item",
					"weight": 2,
					"name": "minecraft:enchanted_book",
					"functions": [
						{
							"function": "minecraft:set_components",
							"components": {
								"minecraft:custom_model_data": {
									"strings": [
									  "livre_base"
									]
								  },
								"minecraft:lore": [
									{
									  "text": "-Bague"
									}
                  ]
							}
						},
							{
							  "function": "minecraft:set_enchantments",
							  "enchantments": {
								"cultepack:speed": 1
							  }
							}
					]
				}
			]
		}
	]
}
