{
    "pools": [
      {
        "rolls": 1,
        "entries": [
          {
          "type": "minecraft:loot_table",
          "value": "cultepack:chests/potion",
          "weight": 1
          },
          {
          "type": "minecraft:empty",
          "weight": 4 
          }
        ]
        },
      {
        "rolls": {
          "min": 1,
          "max": 1
        },
        "entries": [
          {
            "weight" : 1,
            "type": "minecraft:loot_table",
            "value": "cultepack:entities/map"
          },
          {
            "weight" : 6,
            "type": "minecraft:loot_table",
            "value": "cultepack:entities/vide"
          }
        ]
      },
      {
        "rolls": {
          "min": 4,
          "max": 6
        },
        "entries": [
          {
            "type": "minecraft:item",
            "name": "minecraft:bone",
            "functions": [
              {
                "function": "minecraft:set_count",
                "count": {
                  "min": 20,
                  "max": 50
                }
              }
            ]
          },
          {
            "type": "minecraft:item",
            "name": "minecraft:experience_bottle",
            "functions": [
              {
                "function": "minecraft:set_count",
                "count": {
                  "min": 1,
                  "max": 2
                }
              }
            ]
          },
          {
            "type": "minecraft:item",
            "name": "minecraft:diamond",
            "functions": [
              {
                "function": "minecraft:set_count",
                "count": {
                  "min": 1,
                  "max": 2
                }
              }
            ]
          },
          {
            "type": "minecraft:item",
            "name": "minecraft:skeleton_skull",
            "functions": [
              {
                "function": "minecraft:set_count",
                "count": {
                  "min": 1,
                  "max": 2
                }
              }
            ]
          }
        ]
      }
    ]
  }
  