{
	"credit": "Made with Blockbench",
	"texture_size": [32, 32],
	"textures": {
		"0": "item/adventure_time",
		"particle": "item/adventure_time"
	},
	"elements": [
		{
			"from": [5, 2.5, 13],
			"to": [11, 7, 13],
			"faces": {
				"north": {"uv": [3, 5, 6, 7.5], "texture": "#0"},
				"east": {"uv": [3, 5, 6, 7.5], "texture": "#0"},
				"south": {"uv": [3, 5, 6, 7.5], "texture": "#0"},
				"west": {"uv": [3, 5, 6, 7.5], "texture": "#0"},
				"up": {"uv": [3, 5, 6, 7.5], "texture": "#0"},
				"down": {"uv": [3, 5, 6, 7.5], "texture": "#0"}
			}
		},
		{
			"from": [5, 2.5, 7.25],
			"to": [11, 2.5, 13],
			"faces": {
				"north": {"uv": [3, 3, 0, 6], "texture": "#0"},
				"east": {"uv": [3, 3, 0, 6], "texture": "#0"},
				"south": {"uv": [3, 3, 0, 6], "texture": "#0"},
				"west": {"uv": [3, 3, 0, 6], "texture": "#0"},
				"up": {"uv": [3, 6, 0, 3], "texture": "#0"},
				"down": {"uv": [3, 3, 0, 6], "texture": "#0"}
			}
		},
		{
			"from": [11, 2.5, 7.25],
			"to": [11, 7, 13],
			"faces": {
				"north": {"uv": [3, 0, 6, 2.5], "texture": "#0"},
				"east": {"uv": [3, 2.5, 6, 5], "texture": "#0"},
				"south": {"uv": [3, 5, 6, 7.5], "texture": "#0"},
				"west": {"uv": [0, 6, 3, 8.5], "texture": "#0"},
				"up": {"uv": [3, 3, 0, 0], "texture": "#0"},
				"down": {"uv": [3, 3, 0, 6], "texture": "#0"}
			}
		},
		{
			"from": [5, 2.5, 7.25],
			"to": [5, 7, 13],
			"faces": {
				"north": {"uv": [3, 0, 6, 2.5], "texture": "#0"},
				"east": {"uv": [3, 2.5, 6, 5], "texture": "#0"},
				"south": {"uv": [3, 5, 6, 7.5], "texture": "#0"},
				"west": {"uv": [0, 6, 3, 8.5], "texture": "#0"},
				"up": {"uv": [3, 3, 0, 0], "texture": "#0"},
				"down": {"uv": [3, 3, 0, 6], "texture": "#0"}
			}
		},
		{
			"from": [5, 7, 7.25],
			"to": [11, 7, 13],
			"faces": {
				"north": {"uv": [3, 3, 0, 0], "texture": "#0"},
				"east": {"uv": [3, 3, 0, 0], "texture": "#0"},
				"south": {"uv": [3, 3, 0, 0], "texture": "#0"},
				"west": {"uv": [3, 3, 0, 0], "texture": "#0"},
				"up": {"uv": [3, 3, 0, 0], "texture": "#0"},
				"down": {"uv": [3, 0, 0, 3], "texture": "#0"}
			}
		},
		{
			"from": [5, 2.5, 7.25],
			"to": [11, 7, 7.25],
			"faces": {
				"north": {"uv": [3, 0, 6, 2.5], "texture": "#0"},
				"east": {"uv": [3, 0, 6, 2.5], "texture": "#0"},
				"south": {"uv": [3, 0, 6, 2.5], "texture": "#0"},
				"west": {"uv": [3, 0, 6, 2.5], "texture": "#0"},
				"up": {"uv": [3, 0, 6, 2.5], "texture": "#0"},
				"down": {"uv": [3, 0, 6, 2.5], "texture": "#0"}
			}
		},
		{
			"from": [5.25, 1.5, 7.5],
			"to": [5.25, 2.5, 12.9],
			"faces": {
				"north": {"uv": [2, 8.5, 5, 9], "texture": "#0"},
				"east": {"uv": [9, 1.5, 11.5, 2], "texture": "#0"},
				"south": {"uv": [9, 0, 12, 0.5], "texture": "#0"},
				"west": {"uv": [2, 9, 4.5, 9.5], "texture": "#0"},
				"up": {"uv": [9, 2.5, 6, 0], "texture": "#0"},
				"down": {"uv": [9, 2.5, 6, 5], "texture": "#0"}
			}
		},
		{
			"from": [5.25, 1.5, 12.9],
			"to": [10.75, 2.5, 12.9],
			"faces": {
				"north": {"uv": [2, 8.5, 5, 9], "texture": "#0"},
				"east": {"uv": [9, 1.5, 11.5, 2], "texture": "#0"},
				"south": {"uv": [9, 0, 12, 0.5], "texture": "#0"},
				"west": {"uv": [2, 9, 4.5, 9.5], "texture": "#0"},
				"up": {"uv": [9, 2.5, 6, 0], "texture": "#0"},
				"down": {"uv": [9, 2.5, 6, 5], "texture": "#0"}
			}
		},
		{
			"from": [10.75, 1.5, 7.5],
			"to": [10.75, 2.5, 12.9],
			"faces": {
				"north": {"uv": [2, 8.5, 5, 9], "texture": "#0"},
				"east": {"uv": [9, 1.5, 11.5, 2], "texture": "#0"},
				"south": {"uv": [9, 0, 12, 0.5], "texture": "#0"},
				"west": {"uv": [2, 9, 4.5, 9.5], "texture": "#0"},
				"up": {"uv": [9, 2.5, 6, 0], "texture": "#0"},
				"down": {"uv": [9, 2.5, 6, 5], "texture": "#0"}
			}
		},
		{
			"from": [5.25, 1.5, 7.5],
			"to": [10.75, 2.5, 7.5],
			"faces": {
				"north": {"uv": [2, 8.5, 5, 9], "texture": "#0"},
				"east": {"uv": [9, 1.5, 11.5, 2], "texture": "#0"},
				"south": {"uv": [9, 0, 12, 0.5], "texture": "#0"},
				"west": {"uv": [2, 9, 4.5, 9.5], "texture": "#0"},
				"up": {"uv": [9, 2.5, 6, 0], "texture": "#0"},
				"down": {"uv": [9, 2.5, 6, 5], "texture": "#0"}
			}
		},
		{
			"from": [5.5, 6.75, 9.25],
			"to": [6.75, 8, 10.5],
			"faces": {
				"north": {"uv": [9.5, 12.5, 10.5, 13.5], "texture": "#0"},
				"east": {"uv": [6.5, 9, 7, 9.5], "texture": "#0"},
				"south": {"uv": [9, 6.5, 9.5, 7], "texture": "#0"},
				"west": {"uv": [7, 9, 7.5, 9.5], "texture": "#0"},
				"up": {"uv": [9.5, 7.5, 9, 7], "texture": "#0"},
				"down": {"uv": [8, 9, 7.5, 9.5], "texture": "#0"}
			}
		},
		{
			"from": [9.25, 6.75, 9.25],
			"to": [10.5, 8, 10.5],
			"faces": {
				"north": {"uv": [9.5, 15, 10.5, 16], "texture": "#0"},
				"east": {"uv": [8, 9, 8.5, 9.5], "texture": "#0"},
				"south": {"uv": [9, 8, 9.5, 8.5], "texture": "#0"},
				"west": {"uv": [8.5, 9, 9, 9.5], "texture": "#0"},
				"up": {"uv": [9.5, 9, 9, 8.5], "texture": "#0"},
				"down": {"uv": [9.5, 9, 9, 9.5], "texture": "#0"}
			}
		}
	],
	"display": {
		"thirdperson_righthand": {
			"translation": [-0.25, 1.75, -1],
			"scale": [0.57, 0.57, 0.57]
		},
		"thirdperson_lefthand": {
			"translation": [-0.25, 2.5, -1],
			"scale": [0.57, 0.57, 0.57]
		},
		"firstperson_righthand": {
			"translation": [1, 6.5, -0.5],
			"scale": [1.51, 1.38, 1.04]
		},
		"firstperson_lefthand": {
			"translation": [-1, 6.5, 0.75],
			"scale": [1.49, 1.38, 1.04]
		},
		"ground": {
			"translation": [0, 3.25, 0],
			"scale": [0.98, 0.98, 0.98]
		},
		"gui": {
			"rotation": [16, 144, 0],
			"translation": [-1.5, 3.75, 0],
			"scale": [1.54, 1.54, 1.54]
		},
		"head": {
			"translation": [0, 10.25, -3],
			"scale": [2.69, 2.8, 2.12]
		},
		"fixed": {
			"rotation": [-90, 0, 0],
			"translation": [0.25, -2.75, -11],
			"scale": [1.69, 1.69, 1.69]
		}
	}
}