{
	"credit": "Made with Blockbench",
	"texture_size": [128, 128],
	"textures": {
		"0": "item/tableau_contour_1",
		"1": "item/tableau_village_mutant",
		"particle": "item/tableau_village_mutant"
	},
	"elements": [
		{
			"from": [-15, -15, 0],
			"to": [31, 31, 1],
			"faces": {
				"north": {"uv": [0, 0, 5.75, 5.75], "texture": "#1"},
				"east": {"uv": [5.75, 0, 5.875, 5.75], "texture": "#1"},
				"south": {"uv": [0, 5.75, 5.75, 11.5], "texture": "#1"},
				"west": {"uv": [5.75, 5.75, 5.875, 11.5], "texture": "#1"},
				"up": {"uv": [11.625, 0.125, 5.875, 0], "texture": "#1"},
				"down": {"uv": [11.625, 0.125, 5.875, 0.25], "texture": "#1"}
			}
		},
		{
			"from": [-16, -15, -1],
			"to": [-15, 31, 1],
			"faces": {
				"north": {"uv": [2, 3, 2.25, 14.5], "texture": "#0"},
				"east": {"uv": [0, 2, 0.5, 13.5], "texture": "#0"},
				"south": {"uv": [2.25, 3, 2.5, 14.5], "texture": "#0"},
				"west": {"uv": [0.5, 2, 1, 13.5], "texture": "#0"},
				"up": {"uv": [3.25, 3.5, 3, 3], "texture": "#0"},
				"down": {"uv": [3.5, 3, 3.25, 3.5], "texture": "#0"}
			}
		},
		{
			"from": [31, -15, -1],
			"to": [32, 31, 1],
			"faces": {
				"north": {"uv": [2.5, 3, 2.75, 14.5], "texture": "#0"},
				"east": {"uv": [1, 2, 1.5, 13.5], "texture": "#0"},
				"south": {"uv": [2.75, 3, 3, 14.5], "texture": "#0"},
				"west": {"uv": [1.5, 2, 2, 13.5], "texture": "#0"},
				"up": {"uv": [3.25, 4, 3, 3.5], "texture": "#0"},
				"down": {"uv": [3.75, 3, 3.5, 3.5], "texture": "#0"}
			}
		},
		{
			"from": [-16, 31, -1],
			"to": [32, 32, 1],
			"faces": {
				"north": {"uv": [2, 2, 14, 2.25], "texture": "#0"},
				"east": {"uv": [3.25, 3.5, 3.75, 3.75], "texture": "#0"},
				"south": {"uv": [2, 2.25, 14, 2.5], "texture": "#0"},
				"west": {"uv": [3.75, 3, 4.25, 3.25], "texture": "#0"},
				"up": {"uv": [12, 0.5, 0, 0], "texture": "#0"},
				"down": {"uv": [12, 0.5, 0, 1], "texture": "#0"}
			}
		},
		{
			"from": [-16, -16, -1],
			"to": [32, -15, 1],
			"faces": {
				"north": {"uv": [2, 2.5, 14, 2.75], "texture": "#0"},
				"east": {"uv": [3.25, 3.75, 3.75, 4], "texture": "#0"},
				"south": {"uv": [2, 2.75, 14, 3], "texture": "#0"},
				"west": {"uv": [3.75, 3.25, 4.25, 3.5], "texture": "#0"},
				"up": {"uv": [12, 1.5, 0, 1], "texture": "#0"},
				"down": {"uv": [12, 1.5, 0, 2], "texture": "#0"}
			}
		}
	],
	"display": {
		"thirdperson_righthand": {
			"rotation": [-180, 0, 0],
			"translation": [0, 0, -1.5],
			"scale": [0.2, 0.2, 0.2]
		},
		"thirdperson_lefthand": {
			"rotation": [-180, 0, 0],
			"translation": [0, 0, -1.5],
			"scale": [0.2, 0.2, 0.2]
		},
		"firstperson_righthand": {
			"rotation": [0, -180, 0],
			"scale": [0.3, 0.3, 0.3]
		},
		"firstperson_lefthand": {
			"rotation": [0, -180, 0],
			"scale": [0.3, 0.3, 0.3]
		},
		"ground": {
			"translation": [0, 4, 0],
			"scale": [0.2, 0.2, 0.2]
		},
		"gui": {
			"scale": [0.3, 0.3, 0.3]
		},
		"head": {
			"rotation": [13, 0, 0],
			"translation": [0, -1.75, 3.5]
		},
		"fixed": {
			"translation": [0, 0, 15],
			"scale": [2, 2, 2]
		}
	},
	"groups": [
		{
			"name": "group",
			"origin": [8, 8, 8],
			"color": 0,
			"children": [0, 1, 2, 3, 4]
		}
	]
}