{
	"temperature": 0.5,
	"downfall": 0.2,
	"has_precipitation": true,
	"effects": {
		"sky_color": 14745855,
		"fog_color": 5181439,
		"water_color": 247005,
		"water_fog_color": 2326779,
		"grass_color": 53556,
		"foliage_color": 418048
	},
	"spawners": {
		"monster": [
			{
				"type": "minecraft:drowned",
				"weight": 1,
				"minCount": 1,
				"maxCount": 1
			},
			{
				"type": "minecraft:breeze",
				"weight": 1,
				"minCount": 1,
				"maxCount": 1
			}
		],
		"water_creature": [
			{
			  "type": "minecraft:squid",
			  "weight": 10,
			  "minCount": 4,
			  "maxCount": 4
			},
			{
			  "type": "minecraft:dolphin",
			  "weight": 1,
			  "minCount": 1,
			  "maxCount": 2
			}
		  ],
		  "water_ambient": [
			{
			  "type": "minecraft:pufferfish",
			  "weight": 15,
			  "minCount": 1,
			  "maxCount": 3
			},
			{
			  "type": "minecraft:tropical_fish",
			  "weight": 25,
			  "minCount": 8,
			  "maxCount": 8
			}
		  ]
	},
	"spawn_costs": {
		"minecraft:breeze": {
		  "energy_budget": 0.12,
		  "charge": 0.7
		}
	  },
	"carvers": [],
	"features": [
        ["minecraft:iceberg_blue",
        "minecraft:iceberg_packed",
		"cultepack:grass_extension"
        ], 
		["minecraft:grass_bonemeal",
        "minecraft:patch_grass_jungle",
		"minecraft:seagrass_deep_warm",
		"minecraft:sea_pickle",
		"minecraft:kelp_cold"
        ],
		["cultepack:bedrock"]
        ]
}
