{
	"fallback": "minecraft:empty",
	"elements": [
		{
			"weight": 4,
			"element": {
				"element_type": "minecraft:single_pool_element",
				"projection": "terrain_matching",
				"location": "cultepack:village_terre_magique/rue/rue_long_droit",
				"processors": "minecraft:empty"
			}
			
		},
		{
			"weight": 3,
			"element": {
				"element_type": "minecraft:single_pool_element",
				"projection": "terrain_matching",
				"location": "cultepack:village_terre_magique/rue/rue_carrouf",
				"processors": "minecraft:empty"
			}
			
		},
		{
			"weight": 1,
			"element": {
				"element_type": "minecraft:single_pool_element",
				"projection": "rigid",
				"location": "cultepack:village_terre_magique/maison/maison_1",
				"processors": "minecraft:empty"
			}
			
		},
		{
			"weight": 5,
			"element": {
				"element_type": "minecraft:single_pool_element",
				"projection": "terrain_matching",
				"location": "cultepack:village_terre_magique/rue/rue_l",
				"processors": "minecraft:empty"
			}
			
		},
		{
			"weight": 3,
			"element": {
				"element_type": "minecraft:single_pool_element",
				"projection": "terrain_matching",
				"location": "cultepack:village_terre_magique/rue/rue_maison",
				"processors": "minecraft:empty"
			}
			
		}
	]
}
