{
	"type": "minecraft:entity",
	"pools": [
		{
			"rolls": 1,
			"entries": [
				{
					"type": "minecraft:item",
					"name": "minecraft:popped_chorus_fruit",
					"functions": [
						{
							"function": "minecraft:set_components",
							"components":{
								"minecraft:custom_name": 
								{
									  "text": "Bague de Feu",
									  "color":"blue",
									  "italic" : false
								},
								"minecraft:lore": [
									{
									  "text": "Cosmétique",
									  "color":"yellow",
									  "italic" : false
									}
								],
								"minecraft:custom_model_data": {
									"strings": [
									  "bague_feu"
									]
								  },
								"minecraft:custom_data": {
								  "Tags": [
									"bague_feu"
								  ]
								}
							  }
						}
					]
				}
			]
		},
		{
			"rolls": 1,
			"entries": [
				{
					"type": "minecraft:item",
					"name": "minecraft:popped_chorus_fruit",
					"functions": [
						{
							"function": "minecraft:set_components",
							"components":{
								"minecraft:custom_name": 
								{
									  "text": "Bague de Richesse",
									  "color":"blue",
									  "italic" : false
									},
								"minecraft:lore": [
									{
									  "text": "Cosmétique",
									  "color":"yellow",
									  "italic" : false
									}
								],
								"minecraft:custom_model_data": {
									"strings": [
									  "bague_riche"
									]
								  },
								"minecraft:custom_data": {
								  "Tags": [
									"bague_riche"
								  ]
								}
							  }
						}
					]
				}
			]
		}
	]
}

