{
	"type": "minecraft:entity",
	"pools": [
		{
			"rolls": {
				"min": 2,
				"max": 3
			},
			"entries": [
				{
					"type": "minecraft:item",
					"weight": 3,
					"name": "minecraft:phantom_membrane",
					"functions": [
						{
							"function": "set_count",
							"count": 6
						}
					]
				},
				{
					"type": "minecraft:item",
					"weight": 1,
					"name": "minecraft:nether_star"
				},
				{
					"type": "minecraft:item",
					"weight": 3,
					"name": "minecraft:diamond",
					"functions": [
						{
							"function": "set_count",
							"count": 3
						}
					]
				}
			]
		},
		{
			"rolls": {
				"min": 0,
				"max": 1
			},
			"entries": [
				{
					"type": "minecraft:item",
					"weight": 1,
					"name": "minecraft:enchanted_book",
					"functions": [
						{
							"function": "minecraft:set_components",
							"components": {
								"minecraft:custom_model_data": {
									"strings": [
									  "livre_base"
									]
								  },
								"minecraft:lore": [
									{
									  "text": "-Bague"
									}
                  ]
							}
						},
							{
							  "function": "minecraft:set_enchantments",
							  "enchantments": {
								"cultepack:resistance": 1
							  }
							}
					]
				}
			]
		},
		{
			"rolls": 1,
			"entries": [
				{
					"type": "minecraft:item",
					"weight": 1,
					"name": "minecraft:popped_chorus_fruit",
					"functions": [
						{
							"function": "minecraft:set_components",
							"components":{
								"minecraft:custom_name": [{
									  "text": "Cristal ",
									  "color":"green",
									  "italic" : false
									},
									{
									  "text": "d'Invocation ",
									  "color":"green"
									},
									{
									  "text": ":"
									},
									{
									  "text": "Iron Golem ",
									  "color":"white",
									  "underlined" : true
									}
								],
								"minecraft:lore": [
									{
									  "text": "S'utilise à la forge",
									  "color":"dark_purple"
									},
									{
									  "text": "de l'End pour améliorer",
									  "color":"dark_purple"
									},
									[
									{
									  "text": "le ",
									  "color":"dark_purple"
									},
									{
									  "text": "Sceptre de ",
									  "color":"gold"
									},
									{
									  "text": "Base",
									  "color":"light_purple"
									},
									{
										"text" : "."
									}
									]	
								],
								"minecraft:custom_model_data": {
									"strings": [
									  "cristal_golem"
									]
								  },
								"minecraft:custom_data": {
								  "Tags": [
									"cristal_golem"
								  ]
								}
							  }
						}
					]
				},
				{
					"type": "minecraft:item",
					"weight": 1,
					"name": "minecraft:popped_chorus_fruit",
					"functions": [
						{
							"function": "minecraft:set_components",
								"components":{
								"minecraft:custom_name": {
									  "text": "Cristal Triple Explosion",
									  "color":"dark_red",
									  "italic" : false
									},
								"minecraft:lore": [
									{
									  "text": "S'utilise à la forge",
									  "color":"dark_purple"
									},
									{
									  "text": "de l'End pour améliorer",
									  "color":"dark_purple"
									},
									[
									{
									  "text": "le ",
									  "color":"dark_purple"
									},
									{
									  "text": "Sceptre de ",
									  "color":"gold"
									},
									{
									  "text": "Base",
									  "color":"light_purple"
									},
									{
										"text" : "."
									}
									]	
								],
								"minecraft:custom_model_data": {
									"strings": [
									  "cristal_3explosion"
									]
								  },
								"minecraft:custom_data": {
								  "Tags": [
									"cristal_3explo"
								  ]
								}
							  }
						}
					]
				}
			]
		}
	]
}
