{
	"pools": [
	
		{
			"rolls": 1,
			"entries": [
				{
					"type": "minecraft:item",
					"weight": 1,
					"name": "minecraft:carved_pumpkin",
					"functions": [
						{
							"function": "minecraft:set_components",
							"components":{
								"minecraft:custom_name": 
								[
									{
									  "text": "Corps du ",
									  "color" : "gold",
									  "italic" : false
									},
									{
									  "text": "Wither Déchu",
									  "color" : "dark_red",
									  "italic" : false
									}
								],
								"minecraft:lore": [
									{
									  "text": "Corps de Boss. Peut être',"
									},
									{
									  "text": "utilisée comme chapeau."
									}
								],
								"minecraft:custom_model_data": {
									"strings": [
									  "boss_5_c"
									]
								  }
							  }
						}
					]
				}
			]
		},
		{
			"rolls": {
				"min": 2,
				"max": 3
			},
			"entries": [
				{
					"type": "minecraft:item",
					"weight": 2,
					"name": "minecraft:netherite_ingot",
					"functions": [
						{
							"function": "set_count",
							"count": {
								"min": 2,
								"max": 5
							}
						}
					]
				},
				{
					"type": "minecraft:item",
					"weight": 2,
					"name": "minecraft:diamond_block",
					"functions": [
						{
							"function": "set_count",
							"count": {
								"min": 2,
								"max": 6
							}
						}
					]
				},
				{
					"type": "minecraft:item",
					"weight": 1,
					"name": "minecraft:nether_star",
                    "functions": [
						{
							"function": "set_count",
							"count": {
								"min": 2,
								"max": 4
							}
						}
					]
				},
				{
					"type": "minecraft:item",
					"weight": 2,
					"name": "minecraft:experience_bottle",
                    "functions": [
						{
							"function": "set_count",
							"count": {
								"min": 32,
								"max": 64
							}
						}
					]
				}
			]
		},
		{
			"rolls": 1,
			"entries": [
				{
					"type": "minecraft:item",
					"weight": 1,
					"name": "minecraft:phantom_membrane",
					"functions": [
						{
							"function": "minecraft:set_components",
							"components":{
								"minecraft:custom_name": {
									  "text": "Rune d'Armure",
									  "color":"dark_red",
									  "italic" : false
									},
								"minecraft:lore": [
									{
									  "text": "S'utilise à la forge"
									},
									{
									  "text": "de l'End pour améliorer"
									},	
									{
									  "text": "l'armure Démoniaque."
									},
									{
									  "text": ""
									},
									{
									  "text": "Donne à la pièce d'armure :",
									  "color":"gray",
									  "italic" : true
									},
									{
									  "text": "-Protection X",
									  "color":"gray",
									  "italic" : true
									},
									{
									  "text": "-Unbreaking X",
									  "color":"gray",
									  "italic" : true
									}
								],
								"minecraft:custom_model_data": {
									"strings": [
									  "piece_armure"
									]
								  },
								"minecraft:custom_data": {
								  "Tags": [
									"upgrader_1"
								  ]
								}
							  }
						}
					]
				}
			]
		}
    ]
}