{
	"pools": [
		{
			"rolls": 1,
			"entries": [
				{
					"type": "minecraft:item",
					"name": "minecraft:carved_pumpkin",
					"functions": [
						{
							"function": "minecraft:set_components",
							"components":{
								"minecraft:custom_name":[
								{
									  "text": "Tête du ",
									  "color" : "gold",
									  "italic" : false
									},
									{
									  "text": "Zombie Mutant",
									  "color" : "dark_red",
									  "italic" : false
									}
								], 
								"minecraft:lore": [
									{
									  "text": "Tête de Boss. Peut être"
									},
									{
									  "text": "utilisée comme chapeau."
									}
								],
								"minecraft:custom_model_data": {
									"strings": [
										"zombie_mutant_tete"
									]
								   }
							  }
						}
					]
				}
			]
		},
		{
			"rolls": 1,
			"entries": [
				{
					"type": "minecraft:item",
					"weight": 1,
					"name": "minecraft:phantom_membrane",
					"functions": [
						{
							"function": "minecraft:set_components",
							"components":{
								"minecraft:custom_name": {
									  "text": "Rune d'Armure",
									  "color":"dark_red",
									  "italic" : false
									},
								"minecraft:lore": [
									{
									  "text": "S'utilise à la forge"
									},
									{
									  "text": "de l'End pour améliorer"
									},	
									{
									  "text": "l'armure Démoniaque."
									},
									{
									  "text": ""
									},
									{
									  "text": "Donne à la pièce d'armure :",
									  "color":"gray",
									  "italic" : true
									},
									{
									  "text": "-Protection X",
									  "color":"gray",
									  "italic" : true
									},
									{
									  "text": "-Unbreaking X",
									  "color":"gray",
									  "italic" : true
									}
								],
								"minecraft:custom_model_data": {
									"strings": [
										"piece_armure"
									]
								   },
								"minecraft:custom_data": {
								  "Tags": [
									"upgrader_1"
								  ]
								}
							  }
						}
					]
				}
			]
		},
		{
			"rolls": {
				"min": 1,
				"max": 3
			  },
			"entries": [
				{
                    "type": "minecraft:item",
					"weight": 2,
					"name": "minecraft:diamond",
					"functions": [
						{
							"function": "minecraft:set_count",
							"count": {
								"min": 5,
								"max": 20
							}
						}
						
					]
                },
				{
                    "type": "minecraft:item",
					"weight": 2,
					"name": "minecraft:gold_block",
					"functions": [
						{
							"function": "minecraft:set_count",
							"count": {
								"min": 2,
								"max": 15
							}
						}
						
					]
                },
				{
                    "type": "minecraft:item",
					"weight": 1,
					"name": "minecraft:nether_star",
					"functions": [
						{
							"function": "minecraft:set_count",
							"count": {
								"min": 1,
								"max": 3
							}
						}
						
					]
                },
				{
                    "type": "minecraft:item",
					"weight": 1,
					"name": "minecraft:netherite_block",
					"functions": [
						{
							"function": "minecraft:set_count",
							"count": {
								"min": 1,
								"max": 2
							}
						}
						
					]
                }
			]
		}
	]
}
