{
    "temperature": 0.8,
    "downfall": 0.4,
    "has_precipitation": false,
    "effects": {
      "sky_color": 16056557,
      "fog_color": 14352574,
      "water_color": 2415359,
      "water_fog_color": 61183,
      "grass_color": 65331,
      "foliage_color": 16393675,
      
      "mood_sound": {
        "sound": "minecraft:ambient.warped_forest.mood",
        "tick_delay": 6000,
        "block_search_extent": 8,
        "offset": 2
      },
      "additions_sound": {
        "sound": "minecraft:ambient.warped_forest.additions",
        "tick_chance": 0.0111
      },
      "music": [
        {
        "weight" : 1,
        "data": {
        "sound": "minecraft:music.nether.warped_forest",
        "min_delay": 12000,
        "max_delay": 24000,
        "replace_current_music": false
        }
      }
      ],
      "particle": {
        "options": {
          "type": "minecraft:glow_squid_ink"
          
        },
        "probability": 0.0002
      }
    },
    "spawners": {
      "monster": [
        {
          "type": "minecraft:endermite",
          "weight": 1,
          "minCount": 1,
          "maxCount": 1
        },
        {
          "type": "minecraft:enderman",
          "weight": 1,
          "minCount": 1,
          "maxCount": 1
        }
      ],
      "creature": [
        {
          "type": "minecraft:parrot",
          "weight": 1,
          "minCount": 1,
          "maxCount": 1
        },
        {
          "type": "minecraft:allay",
          "weight": 1,
          "minCount": 1,
          "maxCount": 1
        }
      ],
      "axolotls": [
        {
          "type": "minecraft:axolotl",
          "weight": 1,
          "minCount": 1,
          "maxCount": 3
        }
      ]
    },
    "spawn_costs": {},
    "carvers": [],
    "features": [
          [
            "cultepack:grass_extension",
            "cultepack:arbre_magic",
            "minecraft:sea_pickle"
          ],
          [
            "cultepack:torcham"
          ],
          [ "cultepack:vine",
        "minecraft:twisting_vines",
        "minecraft:sea_pickle"
      ],
          [],
          [
            "minecraft:sea_pickle",
        "minecraft:seagrass_river",
            "cultepack:arbre_magic2"
            

          ],
          [],
          ["cultepack:sculk_1",
          "minecraft:sea_pickle"],
          [
            "minecraft:lush_caves_ceiling_vegetation",
            "flower_flower_forest",
            "flower_forest_flowers",
            "patch_grass_jungle",
            "minecraft:sea_pickle"
           
            ],
            
            ["cultepack:bedrock"]


    ]
  }
  