{
	"type": "cultepack:culte",
	"generator": {
	  "type": "minecraft:noise",
	  "settings": "minecraft:overworld",
	  "biome_source": {
		"type": "minecraft:multi_noise",
		"biomes": [
		  {
			"biome": "cultepack:bois_calme",
			"parameters": {
			  "temperature": 0,
			  "humidity": [
				-1,
				2
			  ],
			  "continentalness": [
				0.5,
				2
			  ],
			  "erosion": 0,
			  "weirdness": 0,
			  "depth": 0,
			  "offset": 0
			}
		  },
		  {
			"biome": "cultepack:marecage",
			"parameters": {
			  "temperature": 0,
			  "humidity": [
				-2,
				-0.3
			  ],
			  "continentalness": [
				-0.2,
				0.8
			  ],
			  "erosion": 0,
			  "weirdness": 0,
			  "depth": 0,
			  "offset": 0
			}
		  },
		  {
			"biome": "cultepack:ocean",
			"parameters": {
			  "temperature": [
				-2,
				0
			  ],
			  "humidity": 0,
			  "continentalness": [
				-2,
				-0.7
			  ],
			  "erosion": 0,
			  "weirdness": 0,
			  "depth": 0,
			  "offset": 0
			}
		  },
		  {
			"biome": "cultepack:ocean_chaud",
			"parameters": {
			  "temperature": [
				0,
				2
			  ],
			  "humidity": 0,
			  "continentalness": [
				-2,
				-0.7
			  ],
			  "erosion": 0,
			  "weirdness": 0,
			  "depth": 0,
			  "offset": 0
			}
		  },
		  {
			"biome": "cultepack:zone_morte",
			"parameters": {
			  "temperature": [
				0.7,
				2
			  ],
			  "humidity": [
				0.2,
				1
			  ],
			  "continentalness": [
				0.1,
				2
			  ],
			  "erosion": 0,
			  "weirdness": 0,
			  "depth": 0,
			  "offset": 0
			}
		  },
		  {
			"biome": "cultepack:foret_mutante",
			"parameters": {
			  "temperature": 0,
			  "humidity": [
				0.2,
				1
			  ],
			  "continentalness": [
				0,
				2
			  ],
			  "erosion": 0,
			  "weirdness": 0,
			  "depth": 0,
			  "offset": 0
			}
		  },
		  {
			"biome": "cultepack:terre_magique",
			"parameters": {
			  "temperature": [
				0.3,
				1.5
			  ],
			  "humidity": 0,
			  "continentalness": [
				0.3,
				2
			  ],
			  "erosion": 0,
			  "weirdness": 0,
			  "depth": 0,
			  "offset": 0
			}
		  },
		 {
          "biome": "cultepack:desert_de_glace",
          "parameters": {
            "temperature": [
              -2,
              -1.2
            ],
            "humidity": [
              0,
              0.5
            ],
            "continentalness": [
              0.5,
              2
            ],
            "erosion": 0,
            "weirdness": 0,
            "depth": 0,
            "offset": 0
          }
        },
        {
          "biome": "cultepack:foret_de_glace",
          "parameters": {
            "temperature": [
              -1.9,
              -0.8
            ],
            "humidity": [
              0,
              2
            ],
            "continentalness": [
              0.8,
              1
            ],
            "erosion": 0,
            "weirdness": 0,
            "depth": 0,
            "offset": 0
          }
        },
		  {
			"biome": "cultepack:desert",
			"parameters": {
			  "temperature": [
				0,
				2
			  ],
			  "humidity": 0,
			  "continentalness": [
				0.4,
				2
			  ],
			  "erosion": 0,
			  "weirdness": 0,
			  "depth": 0,
			  "offset": 0
			}
		  },
		  {
			"biome": "cultepack:montagne",
			"parameters": {
			  "temperature": 0,
			  "humidity": 0,
			  "continentalness": [
				0.6,
				2
			  ],
			  "erosion": 0,
			  "weirdness": [
				0.8,
				2
			  ],
			  "depth": 0,
			  "offset": 0
			}
		  }
		]
	  }
	}
  }
  