{
	"credit": "Made with Blockbench",
	"textures": {
		"1": "item/smithing_table_top",
		"2": "item/anvil",
		"3": "item/stripped_crimson_stem",
		"4": "item/smooth_stone",
		"5": "item/invocation_golem",
		"particle": "item/anvil"
	},
	"elements": [
		{
			"from": [-2.03596, -12.36307, 6],
			"to": [-1.03596, -7.36307, 8],
			"rotation": {"angle": 22.5, "axis": "z", "origin": [8, 10.01812, 6.20237]},
			"faces": {
				"north": {"uv": [2, 4, 3, 9], "texture": "#3"},
				"east": {"uv": [9, 4, 11, 9], "texture": "#3"},
				"south": {"uv": [11, 5, 12, 10], "texture": "#3"},
				"west": {"uv": [5, 5, 7, 10], "texture": "#3"},
				"up": {"uv": [9, 10.76, 10, 12.76], "texture": "#3"},
				"down": {"uv": [1, 10, 2, 12], "texture": "#3"}
			}
		},
		{
			"from": [-9.83693, -7.81881, 6],
			"to": [-8.83693, -6.81881, 8],
			"rotation": {"angle": 45, "axis": "z", "origin": [8, 10.01812, 6.20237]},
			"faces": {
				"north": {"uv": [2, 4, 3, 5], "texture": "#3"},
				"east": {"uv": [9, 4, 11, 5], "texture": "#3"},
				"south": {"uv": [11, 5, 12, 6], "texture": "#3"},
				"west": {"uv": [5, 5, 7, 6], "texture": "#3"},
				"up": {"uv": [9, 10.76, 10, 12.76], "texture": "#3"},
				"down": {"uv": [1, 10, 2, 12], "texture": "#3"}
			}
		},
		{
			"from": [7, -7.2548, 23.60331],
			"to": [9, -6.2548, 24.60331],
			"rotation": {"angle": 45, "axis": "x", "origin": [8, 10.01812, 6.20237]},
			"faces": {
				"north": {"uv": [2, 4, 4, 5], "texture": "#3"},
				"east": {"uv": [9, 4, 10, 5], "texture": "#3"},
				"south": {"uv": [11, 5, 13, 6], "texture": "#3"},
				"west": {"uv": [5, 5, 6, 6], "texture": "#3"},
				"up": {"uv": [9, 10.76, 10, 12.76], "rotation": 90, "texture": "#3"},
				"down": {"uv": [1, 10, 2, 12], "rotation": 270, "texture": "#3"}
			}
		},
		{
			"from": [7, -12.05783, 15.97524],
			"to": [9, -7.05783, 16.97524],
			"rotation": {"angle": 22.5, "axis": "x", "origin": [8, 10.01812, 6.20237]},
			"faces": {
				"north": {"uv": [2, 4, 4, 9], "texture": "#3"},
				"east": {"uv": [9, 4, 10, 9], "texture": "#3"},
				"south": {"uv": [11, 5, 13, 10], "texture": "#3"},
				"west": {"uv": [5, 5, 6, 10], "texture": "#3"},
				"up": {"uv": [9, 10.76, 10, 12.76], "rotation": 90, "texture": "#3"},
				"down": {"uv": [1, 10, 2, 12], "rotation": 270, "texture": "#3"}
			}
		},
		{
			"from": [7, -12.66831, -3.09668],
			"to": [9, -7.66831, -2.09668],
			"rotation": {"angle": -22.5, "axis": "x", "origin": [8, 10.01812, 6.20237]},
			"faces": {
				"north": {"uv": [2, 4, 7, 6], "rotation": 90, "texture": "#3"},
				"east": {"uv": [9, 4, 14, 5], "rotation": 270, "texture": "#3"},
				"south": {"uv": [11, 5, 16, 7], "rotation": 90, "texture": "#3"},
				"west": {"uv": [5, 5, 10, 6], "rotation": 90, "texture": "#3"},
				"up": {"uv": [9, 10.76, 11, 11.76], "rotation": 180, "texture": "#3"},
				"down": {"uv": [1, 10, 3, 11], "texture": "#3"}
			}
		},
		{
			"from": [7, -9.8806, 4.37948],
			"to": [9, -8.8806, 9.61948],
			"rotation": {"angle": 0, "axis": "y", "origin": [8, 10.01812, 6.20237]},
			"faces": {
				"north": {"uv": [2, 4, 3, 6], "rotation": 90, "texture": "#3"},
				"east": {"uv": [9, 4, 10, 9.24], "rotation": 270, "texture": "#3"},
				"south": {"uv": [11, 5, 12, 7], "rotation": 90, "texture": "#3"},
				"west": {"uv": [5, 5, 6, 10.24], "rotation": 90, "texture": "#3"},
				"up": {"uv": [9, 10.76, 11, 16], "rotation": 180, "texture": "#3"},
				"down": {"uv": [1, 10, 3, 15.24], "texture": "#3"}
			}
		},
		{
			"from": [7, -8.8806, 6],
			"to": [9, 7.1194, 8],
			"rotation": {"angle": 0, "axis": "y", "origin": [8, 10.01812, 6.20237]},
			"faces": {
				"north": {"uv": [0, 12, 16, 14], "rotation": 90, "texture": "#1"},
				"east": {"uv": [0, 10, 16, 12], "rotation": 270, "texture": "#1"},
				"south": {"uv": [0, 0, 16, 2], "rotation": 90, "texture": "#1"},
				"west": {"uv": [0, 14, 16, 16], "rotation": 90, "texture": "#1"},
				"up": {"uv": [0, 0, 2, 2], "rotation": 180, "texture": "#1"},
				"down": {"uv": [0, 0, 2, 2], "texture": "#1"}
			}
		},
		{
			"from": [7, 7.1194, 6],
			"to": [9, 18.1194, 8],
			"rotation": {"angle": 0, "axis": "y", "origin": [8, 10.01812, 6.20237]},
			"faces": {
				"north": {"uv": [5, 0, 16, 2], "rotation": 90, "texture": "#1"},
				"east": {"uv": [0, 0, 11, 2], "rotation": 270, "texture": "#1"},
				"south": {"uv": [5, 14, 16, 16], "rotation": 90, "texture": "#1"},
				"west": {"uv": [0, 14, 11, 16], "rotation": 90, "texture": "#1"},
				"up": {"uv": [0, 0, 2, 2], "rotation": 180, "texture": "#1"},
				"down": {"uv": [0, 0, 2, 2], "texture": "#1"}
			}
		},
		{
			"from": [7, 20.1194, 6],
			"to": [9, 21.1194, 8],
			"rotation": {"angle": 0, "axis": "y", "origin": [8, 10.01812, 6.20237]},
			"faces": {
				"north": {"uv": [0, 0, 1, 2], "rotation": 90, "texture": "#1"},
				"east": {"uv": [0, 0, 1, 2], "rotation": 270, "texture": "#1"},
				"south": {"uv": [0, 0, 1, 2], "rotation": 90, "texture": "#1"},
				"west": {"uv": [0, 0, 1, 2], "rotation": 90, "texture": "#1"},
				"up": {"uv": [0, 0, 2, 2], "rotation": 180, "texture": "#1"},
				"down": {"uv": [0, 0, 2, 2], "texture": "#1"}
			}
		},
		{
			"from": [6.5, -8.8806, 5.5],
			"to": [9.5, -7.8806, 8.5],
			"rotation": {"angle": 0, "axis": "y", "origin": [8, 10.01812, 6.20237]},
			"faces": {
				"north": {"uv": [2, 4, 3, 7], "rotation": 90, "texture": "#3"},
				"east": {"uv": [9, 4, 10, 7], "rotation": 270, "texture": "#3"},
				"south": {"uv": [11, 5, 12, 8], "rotation": 90, "texture": "#3"},
				"west": {"uv": [5, 5, 6, 8], "rotation": 90, "texture": "#3"},
				"up": {"uv": [9, 10.76, 12, 13.76], "rotation": 180, "texture": "#3"},
				"down": {"uv": [1, 10, 4, 13], "texture": "#3"}
			}
		},
		{
			"from": [6.5, -5.8806, 5.5],
			"to": [9.5, -3.8806, 8.5],
			"rotation": {"angle": 0, "axis": "y", "origin": [8, 10.01812, 6.20237]},
			"faces": {
				"north": {"uv": [2, 4, 4, 7], "rotation": 90, "texture": "#3"},
				"east": {"uv": [9, 4, 11, 7], "rotation": 270, "texture": "#3"},
				"south": {"uv": [11, 5, 13, 8], "rotation": 90, "texture": "#3"},
				"west": {"uv": [5, 5, 7, 8], "rotation": 90, "texture": "#3"},
				"up": {"uv": [9, 10.76, 12, 13.76], "rotation": 180, "texture": "#3"},
				"down": {"uv": [1, 10, 4, 13], "texture": "#3"}
			}
		},
		{
			"from": [6.5, 18.1194, 5.5],
			"to": [9.5, 20.1194, 8.5],
			"rotation": {"angle": 0, "axis": "y", "origin": [8, 10.01812, 6.20237]},
			"faces": {
				"north": {"uv": [2, 4, 4, 7], "rotation": 90, "texture": "#3"},
				"east": {"uv": [9, 4, 11, 7], "rotation": 270, "texture": "#3"},
				"south": {"uv": [11, 5, 13, 8], "rotation": 90, "texture": "#3"},
				"west": {"uv": [5, 5, 7, 8], "rotation": 90, "texture": "#3"},
				"up": {"uv": [9, 10.76, 12, 13.76], "rotation": 180, "texture": "#3"},
				"down": {"uv": [1, 10, 4, 13], "texture": "#3"}
			}
		},
		{
			"from": [6.5, 23.1194, 5.5],
			"to": [9.5, 27.1194, 8.5],
			"rotation": {"angle": 0, "axis": "y", "origin": [8, 10.01812, 6.20237]},
			"faces": {
				"north": {"uv": [0, 0, 4, 3], "rotation": 90, "texture": "#1"},
				"east": {"uv": [0, 0, 4, 3], "rotation": 270, "texture": "#1"},
				"south": {"uv": [0, 6, 4, 9], "rotation": 90, "texture": "#1"},
				"west": {"uv": [1, 8, 5, 11], "rotation": 90, "texture": "#1"},
				"up": {"uv": [9, 12, 12, 15], "rotation": 180, "texture": "#1"},
				"down": {"uv": [9, 8, 12, 11], "texture": "#1"}
			}
		},
		{
			"from": [6.5005, 23.69063, 1.77654],
			"to": [9.5005, 25.69063, 5.77654],
			"rotation": {"angle": 22.5, "axis": "x", "origin": [8, 10.01812, 6.20237]},
			"faces": {
				"north": {"uv": [0, 0, 2, 3], "rotation": 90, "texture": "#1"},
				"east": {"uv": [0, 0, 2, 4], "rotation": 270, "texture": "#1"},
				"south": {"uv": [0, 0, 2, 3], "rotation": 90, "texture": "#1"},
				"west": {"uv": [14, 0, 16, 4], "rotation": 90, "texture": "#1"},
				"up": {"uv": [13, 12, 16, 16], "rotation": 180, "texture": "#1"},
				"down": {"uv": [0, 12, 3, 16], "texture": "#1"}
			}
		},
		{
			"from": [6.5002, 17.19501, -8.97284],
			"to": [9.5002, 20.19501, -6.97284],
			"rotation": {"angle": 45, "axis": "x", "origin": [8, 10.01812, 6.20237]},
			"faces": {
				"north": {"uv": [0, 12, 3, 15], "rotation": 90, "texture": "#1"},
				"east": {"uv": [0, 0, 3, 2], "rotation": 270, "texture": "#1"},
				"south": {"uv": [0, 5, 3, 8], "rotation": 90, "texture": "#1"},
				"west": {"uv": [0, 9, 3, 11], "rotation": 90, "texture": "#1"},
				"up": {"uv": [0, 0, 3, 2], "rotation": 180, "texture": "#1"},
				"down": {"uv": [0, 0, 3, 2], "texture": "#1"}
			}
		},
		{
			"from": [6.5, 17.69501, -10.97284],
			"to": [9.5, 19.69501, -8.97284],
			"rotation": {"angle": 45, "axis": "x", "origin": [8, 10.01812, 6.20237]},
			"faces": {
				"north": {"uv": [0, 0, 2, 3], "rotation": 90, "texture": "#1"},
				"east": {"uv": [0, 0, 2, 2], "rotation": 270, "texture": "#1"},
				"south": {"uv": [0, 3, 2, 6], "rotation": 90, "texture": "#1"},
				"west": {"uv": [0, 10, 2, 12], "rotation": 90, "texture": "#1"},
				"up": {"uv": [0, 0, 3, 2], "rotation": 180, "texture": "#1"},
				"down": {"uv": [0, 6, 3, 8], "texture": "#1"}
			}
		},
		{
			"from": [7.5, 17.69501, -13.97284],
			"to": [8.5, 19.69501, -11.97284],
			"rotation": {"angle": 45, "axis": "x", "origin": [8, 10.01812, 6.20237]},
			"faces": {
				"north": {"uv": [0, 0, 2, 1], "rotation": 90, "texture": "#1"},
				"east": {"uv": [2, 0, 4, 2], "rotation": 270, "texture": "#1"},
				"south": {"uv": [4, 0, 6, 1], "rotation": 90, "texture": "#1"},
				"west": {"uv": [6, 0, 8, 2], "rotation": 90, "texture": "#1"},
				"up": {"uv": [0, 0, 1, 2], "rotation": 180, "texture": "#1"},
				"down": {"uv": [0, 0, 1, 2], "texture": "#1"}
			}
		},
		{
			"from": [7.5, 17.69501, -14.97284],
			"to": [8.5, 18.69501, -13.97284],
			"rotation": {"angle": 45, "axis": "x", "origin": [8, 10.01812, 6.20237]},
			"faces": {
				"north": {"uv": [0, 0, 1, 1], "rotation": 90, "texture": "#1"},
				"east": {"uv": [0, 0, 1, 1], "rotation": 270, "texture": "#1"},
				"south": {"uv": [0, 0, 1, 1], "rotation": 90, "texture": "#1"},
				"west": {"uv": [0, 0, 1, 1], "rotation": 90, "texture": "#1"},
				"up": {"uv": [0, 0, 1, 1], "rotation": 180, "texture": "#1"},
				"down": {"uv": [0, 0, 1, 1], "texture": "#1"}
			}
		},
		{
			"from": [7, 17.69501, -11.97284],
			"to": [9, 19.69501, -10.97284],
			"rotation": {"angle": 45, "axis": "x", "origin": [8, 10.01812, 6.20237]},
			"faces": {
				"north": {"uv": [0, 0, 2, 2], "rotation": 90, "texture": "#1"},
				"east": {"uv": [0, 0, 2, 1], "rotation": 270, "texture": "#1"},
				"south": {"uv": [0, 0, 2, 2], "rotation": 90, "texture": "#1"},
				"west": {"uv": [0, 0, 2, 1], "rotation": 90, "texture": "#1"},
				"up": {"uv": [0, 0, 2, 1], "rotation": 180, "texture": "#1"},
				"down": {"uv": [0, 0, 2, 1], "texture": "#1"}
			}
		},
		{
			"from": [6.5005, 21.69063, -3.22346],
			"to": [9.5005, 24.69063, 0.77654],
			"rotation": {"angle": 22.5, "axis": "x", "origin": [8, 10.01812, 6.20237]},
			"faces": {
				"north": {"uv": [0, 0, 3, 3], "rotation": 90, "texture": "#1"},
				"east": {"uv": [4, 10, 7, 14], "rotation": 270, "texture": "#1"},
				"south": {"uv": [0, 0, 3, 3], "rotation": 90, "texture": "#1"},
				"west": {"uv": [13, 4, 16, 8], "rotation": 90, "texture": "#1"},
				"up": {"uv": [13, 12, 16, 16], "rotation": 180, "texture": "#1"},
				"down": {"uv": [0, 11, 3, 15], "texture": "#1"}
			}
		},
		{
			"from": [6.5, 19.98716, 15.56919],
			"to": [9.5, 21.98716, 17.56919],
			"rotation": {"angle": -22.5, "axis": "x", "origin": [8, 10.01812, 6.20237]},
			"faces": {
				"north": {"uv": [0, 0, 2, 3], "rotation": 90, "texture": "#1"},
				"east": {"uv": [0, 8, 2, 10], "rotation": 270, "texture": "#1"},
				"south": {"uv": [0, 0, 2, 3], "rotation": 90, "texture": "#1"},
				"west": {"uv": [0, 0, 2, 2], "rotation": 90, "texture": "#1"},
				"up": {"uv": [13, 14, 16, 16], "rotation": 180, "texture": "#1"},
				"down": {"uv": [5, 0, 8, 2], "texture": "#1"}
			}
		},
		{
			"from": [6, 27.1194, 4.5],
			"to": [10, 28.1194, 9.5],
			"rotation": {"angle": 0, "axis": "y", "origin": [8, 10.01812, 6.20237]},
			"faces": {
				"north": {"uv": [6, 5, 7, 9], "rotation": 90, "texture": "#4"},
				"east": {"uv": [11, 6, 12, 11], "rotation": 270, "texture": "#4"},
				"south": {"uv": [5, 5, 6, 9], "rotation": 90, "texture": "#4"},
				"west": {"uv": [10, 8, 11, 13], "rotation": 90, "texture": "#4"},
				"up": {"uv": [2, 9, 6, 14], "rotation": 180, "texture": "#4"},
				"down": {"uv": [8, 10, 12, 15], "texture": "#4"}
			}
		},
		{
			"from": [6.001, 28.1194, 5.9],
			"to": [10.001, 29.3194, 8.1],
			"rotation": {"angle": 0, "axis": "y", "origin": [8, 10.01812, 6.20237]},
			"faces": {
				"north": {"uv": [6, 5, 7.2, 9], "rotation": 90, "texture": "#4"},
				"east": {"uv": [11, 6, 12.2, 8.2], "rotation": 270, "texture": "#4"},
				"south": {"uv": [5, 5, 6.2, 9], "rotation": 90, "texture": "#4"},
				"west": {"uv": [10, 8, 11.2, 10.2], "rotation": 90, "texture": "#4"},
				"up": {"uv": [2, 9, 6, 11.2], "rotation": 180, "texture": "#4"},
				"down": {"uv": [8, 10, 12, 12.2], "texture": "#4"}
			}
		},
		{
			"from": [6, 24.14943, -7.26539],
			"to": [10, 25.14943, -4.26539],
			"rotation": {"angle": 45, "axis": "x", "origin": [8, 10.01812, 6.20237]},
			"faces": {
				"north": {"uv": [6, 5, 7, 9], "rotation": 90, "texture": "#4"},
				"east": {"uv": [11, 6, 12, 9], "rotation": 270, "texture": "#4"},
				"south": {"uv": [5, 5, 6, 9], "rotation": 90, "texture": "#4"},
				"west": {"uv": [10, 8, 11, 11], "rotation": 90, "texture": "#4"},
				"up": {"uv": [2, 9, 6, 12], "rotation": 180, "texture": "#4"},
				"down": {"uv": [8, 10, 12, 13], "texture": "#4"}
			}
		},
		{
			"from": [5.999, 23.02141, 17.79815],
			"to": [9.999, 24.02141, 20.79815],
			"rotation": {"angle": -45, "axis": "x", "origin": [8, 10.01812, 6.20237]},
			"faces": {
				"north": {"uv": [6, 5, 7, 9], "rotation": 90, "texture": "#4"},
				"east": {"uv": [11, 6, 12, 9], "rotation": 270, "texture": "#4"},
				"south": {"uv": [5, 5, 6, 9], "rotation": 90, "texture": "#4"},
				"west": {"uv": [10, 8, 11, 11], "rotation": 90, "texture": "#4"},
				"up": {"uv": [2, 9, 6, 12], "rotation": 180, "texture": "#4"},
				"down": {"uv": [8, 10, 12, 13], "texture": "#4"}
			}
		},
		{
			"from": [6, 21.1194, 5],
			"to": [10, 23.1194, 9],
			"rotation": {"angle": 0, "axis": "y", "origin": [8, 10.01812, 6.20237]},
			"faces": {
				"north": {"uv": [2, 4, 4, 8], "rotation": 90, "texture": "#3"},
				"east": {"uv": [9, 4, 11, 8], "rotation": 270, "texture": "#3"},
				"south": {"uv": [11, 5, 13, 9], "rotation": 90, "texture": "#3"},
				"west": {"uv": [5, 5, 7, 9], "rotation": 90, "texture": "#3"},
				"up": {"uv": [9, 10.76, 13, 14.76], "rotation": 180, "texture": "#3"},
				"down": {"uv": [1, 10, 5, 14], "texture": "#3"}
			}
		},
		{
			"from": [5.38, -9.8806, 5.99948],
			"to": [10.62, -8.8806, 7.99948],
			"rotation": {"angle": 0, "axis": "y", "origin": [8, 10.01812, 6.20237]},
			"faces": {
				"north": {"uv": [2, 4, 3, 9.24], "rotation": 270, "texture": "#3"},
				"east": {"uv": [9, 4, 10, 6], "rotation": 90, "texture": "#3"},
				"south": {"uv": [11, 5, 12, 10.24], "rotation": 90, "texture": "#3"},
				"west": {"uv": [5, 5, 6, 7], "rotation": 90, "texture": "#3"},
				"up": {"uv": [9, 10.76, 11, 16], "rotation": 90, "texture": "#3"},
				"down": {"uv": [1, 10, 3, 15.24], "rotation": 90, "texture": "#3"}
			}
		},
		{
			"from": [6.38, -11.8806, 5.5],
			"to": [9.62, -8.8806, 8.5],
			"rotation": {"angle": 0, "axis": "y", "origin": [8, 10.01812, 6.20237]},
			"faces": {
				"north": {"uv": [2, 4, 5, 7.24], "rotation": 270, "texture": "#3"},
				"east": {"uv": [9, 4, 12, 7], "rotation": 90, "texture": "#3"},
				"south": {"uv": [11, 5, 14, 8.24], "rotation": 90, "texture": "#3"},
				"west": {"uv": [5, 5, 8, 8], "rotation": 90, "texture": "#3"},
				"up": {"uv": [9, 10.76, 12, 14], "rotation": 90, "texture": "#3"},
				"down": {"uv": [1, 10, 4, 13.24], "rotation": 90, "texture": "#3"}
			}
		},
		{
			"from": [17.03596, -12.36307, 6],
			"to": [18.03596, -7.36307, 8],
			"rotation": {"angle": -22.5, "axis": "z", "origin": [8, 10.01812, 6.20237]},
			"faces": {
				"north": {"uv": [2, 4, 3, 9], "texture": "#3"},
				"east": {"uv": [9, 4, 11, 9], "texture": "#3"},
				"south": {"uv": [11, 5, 12, 10], "texture": "#3"},
				"west": {"uv": [5, 5, 7, 10], "texture": "#3"},
				"up": {"uv": [9, 10.76, 10, 12.76], "texture": "#3"},
				"down": {"uv": [1, 10, 2, 12], "texture": "#3"}
			}
		},
		{
			"from": [9.53553, 25.70711, -2.3],
			"to": [10.53553, 28.70711, -1.3],
			"rotation": {"angle": -45, "axis": "z", "origin": [9.03553, 27.70711, -1.5]},
			"faces": {
				"north": {"uv": [5, 0, 6, 3], "texture": "#2"},
				"east": {"uv": [9, 1, 10, 4], "texture": "#2"},
				"south": {"uv": [3, 1, 4, 4], "texture": "#2"},
				"west": {"uv": [6, 2, 7, 5], "texture": "#2"},
				"up": {"uv": [12, 1, 13, 2], "texture": "#2"},
				"down": {"uv": [1, 2, 2, 3], "texture": "#2"}
			}
		},
		{
			"from": [7.41421, 26.12132, -2.3],
			"to": [8.41421, 28.12132, -1.3],
			"rotation": {"angle": 45, "axis": "z", "origin": [6.91421, 29.12132, -1.5]},
			"faces": {
				"north": {"uv": [5, 0, 6, 2], "texture": "#2"},
				"east": {"uv": [9, 1, 10, 3], "texture": "#2"},
				"south": {"uv": [3, 1, 4, 3], "texture": "#2"},
				"west": {"uv": [6, 2, 7, 4], "texture": "#2"},
				"up": {"uv": [12, 1, 13, 2], "texture": "#2"},
				"down": {"uv": [1, 2, 2, 3], "texture": "#2"}
			}
		},
		{
			"from": [7.12132, 24.58579, -2.3],
			"to": [8.12132, 28.58579, -1.3],
			"rotation": {"angle": 45, "axis": "z", "origin": [7.62132, 25.58579, -1.5]},
			"faces": {
				"north": {"uv": [4, 6, 5, 10], "texture": "#2"},
				"east": {"uv": [9, 1, 10, 5], "texture": "#2"},
				"south": {"uv": [3, 1, 4, 5], "texture": "#2"},
				"west": {"uv": [6, 2, 7, 6], "texture": "#2"},
				"up": {"uv": [12, 1, 13, 2], "texture": "#2"},
				"down": {"uv": [1, 2, 2, 3], "texture": "#2"}
			}
		},
		{
			"from": [5, 28, -2.3],
			"to": [6, 31, -1.3],
			"rotation": {"angle": -45, "axis": "z", "origin": [5.5, 27, -1.5]},
			"faces": {
				"north": {"uv": [5, 0, 6, 3], "texture": "#2"},
				"east": {"uv": [9, 1, 10, 4], "texture": "#2"},
				"south": {"uv": [3, 1, 4, 4], "texture": "#2"},
				"west": {"uv": [6, 2, 7, 5], "texture": "#2"},
				"up": {"uv": [12, 1, 13, 2], "texture": "#2"},
				"down": {"uv": [1, 2, 2, 3], "texture": "#2"}
			}
		},
		{
			"from": [7.41421, 20.12132, -2.3],
			"to": [8.41421, 22.12132, -1.3],
			"rotation": {"angle": 45, "axis": "z", "origin": [6.91421, 23.12132, -1.5]},
			"faces": {
				"north": {"uv": [11, 6, 12, 8], "texture": "#2"},
				"east": {"uv": [7, 4, 8, 6], "texture": "#2"},
				"south": {"uv": [3, 7, 4, 9], "texture": "#2"},
				"west": {"uv": [10, 4, 11, 6], "texture": "#2"},
				"up": {"uv": [12, 1, 13, 2], "texture": "#2"},
				"down": {"uv": [1, 2, 2, 3], "texture": "#2"}
			}
		},
		{
			"from": [5, 22, -2.3],
			"to": [6, 25, -1.3],
			"rotation": {"angle": -45, "axis": "z", "origin": [5.5, 21, -1.5]},
			"faces": {
				"north": {"uv": [11, 6, 12, 9], "texture": "#2"},
				"east": {"uv": [9, 1, 10, 4], "texture": "#2"},
				"south": {"uv": [3, 1, 4, 4], "texture": "#2"},
				"west": {"uv": [6, 2, 7, 5], "texture": "#2"},
				"up": {"uv": [12, 1, 13, 2], "texture": "#2"},
				"down": {"uv": [1, 2, 2, 3], "texture": "#2"}
			}
		},
		{
			"from": [7.12132, 18.58579, -2.3],
			"to": [8.12132, 22.58579, -1.3],
			"rotation": {"angle": 45, "axis": "z", "origin": [7.62132, 19.58579, -1.5]},
			"faces": {
				"north": {"uv": [11, 6, 12, 10], "texture": "#2"},
				"east": {"uv": [9, 1, 10, 5], "texture": "#2"},
				"south": {"uv": [3, 1, 4, 5], "texture": "#2"},
				"west": {"uv": [6, 2, 7, 6], "texture": "#2"},
				"up": {"uv": [12, 1, 13, 2], "texture": "#2"},
				"down": {"uv": [1, 2, 2, 3], "texture": "#2"}
			}
		},
		{
			"from": [9.53553, 19.70711, -2.3],
			"to": [10.53553, 22.70711, -1.3],
			"rotation": {"angle": -45, "axis": "z", "origin": [9.03553, 21.70711, -1.5]},
			"faces": {
				"north": {"uv": [9, 7, 10, 10], "texture": "#2"},
				"east": {"uv": [9, 1, 10, 4], "texture": "#2"},
				"south": {"uv": [3, 1, 4, 4], "texture": "#2"},
				"west": {"uv": [6, 2, 7, 5], "texture": "#2"},
				"up": {"uv": [12, 1, 13, 2], "texture": "#2"},
				"down": {"uv": [1, 2, 2, 3], "texture": "#2"}
			}
		},
		{
			"from": [7.5, 22.58579, -1.79289],
			"to": [8.5, 25.58579, -0.79289],
			"rotation": {"angle": -45, "axis": "x", "origin": [8.62132, 21.58579, -1.79289]},
			"faces": {
				"north": {"uv": [5, 0, 6, 3], "texture": "#2"},
				"east": {"uv": [9, 1, 10, 4], "texture": "#2"},
				"south": {"uv": [3, 1, 4, 4], "texture": "#2"},
				"west": {"uv": [6, 2, 7, 5], "texture": "#2"},
				"up": {"uv": [12, 1, 13, 2], "texture": "#2"},
				"down": {"uv": [1, 2, 2, 3], "texture": "#2"}
			}
		},
		{
			"from": [7.5, 25.12132, -1.5],
			"to": [8.5, 27.12132, -0.5],
			"rotation": {"angle": -45, "axis": "x", "origin": [8.62132, 26.12132, -0.08579]},
			"faces": {
				"north": {"uv": [5, 0, 6, 2], "texture": "#2"},
				"east": {"uv": [9, 1, 10, 3], "texture": "#2"},
				"south": {"uv": [3, 1, 4, 3], "texture": "#2"},
				"west": {"uv": [6, 2, 7, 4], "texture": "#2"},
				"up": {"uv": [12, 1, 13, 2], "texture": "#2"},
				"down": {"uv": [1, 2, 2, 3], "texture": "#2"}
			}
		},
		{
			"from": [7.5, 25.03553, -2.29289],
			"to": [8.5, 28.03553, -1.29289],
			"rotation": {"angle": 45, "axis": "x", "origin": [7.62132, 27.03553, -3]},
			"faces": {
				"north": {"uv": [5, 0, 6, 3], "texture": "#2"},
				"east": {"uv": [9, 1, 10, 4], "texture": "#2"},
				"south": {"uv": [3, 1, 4, 4], "texture": "#2"},
				"west": {"uv": [6, 2, 7, 5], "texture": "#2"},
				"up": {"uv": [12, 1, 13, 2], "texture": "#2"},
				"down": {"uv": [1, 2, 2, 3], "texture": "#2"}
			}
		},
		{
			"from": [7.5, 22, -1.79289],
			"to": [8.5, 26, -0.79289],
			"rotation": {"angle": 45, "axis": "x", "origin": [8.62132, 23, -1.79289]},
			"faces": {
				"north": {"uv": [5, 0, 6, 4], "texture": "#2"},
				"east": {"uv": [9, 1, 10, 5], "texture": "#2"},
				"south": {"uv": [3, 1, 4, 5], "texture": "#2"},
				"west": {"uv": [6, 2, 7, 6], "texture": "#2"},
				"up": {"uv": [12, 1, 13, 2], "texture": "#2"},
				"down": {"uv": [1, 2, 2, 3], "texture": "#2"}
			}
		},
		{
			"from": [7.5, 19.03553, -2.29289],
			"to": [8.5, 22.03553, -1.29289],
			"rotation": {"angle": 45, "axis": "x", "origin": [7.62132, 21.03553, -3]},
			"faces": {
				"north": {"uv": [5, 0, 6, 3], "texture": "#2"},
				"east": {"uv": [9, 1, 10, 4], "texture": "#2"},
				"south": {"uv": [3, 1, 4, 4], "texture": "#2"},
				"west": {"uv": [6, 2, 7, 5], "texture": "#2"},
				"up": {"uv": [12, 1, 13, 2], "texture": "#2"},
				"down": {"uv": [1, 2, 2, 3], "texture": "#2"}
			}
		},
		{
			"from": [7.5, 19.12132, -1.5],
			"to": [8.5, 21.12132, -0.5],
			"rotation": {"angle": -45, "axis": "x", "origin": [8.62132, 20.12132, -0.08579]},
			"faces": {
				"north": {"uv": [5, 0, 6, 2], "texture": "#2"},
				"east": {"uv": [9, 1, 10, 3], "texture": "#2"},
				"south": {"uv": [3, 1, 4, 3], "texture": "#2"},
				"west": {"uv": [6, 2, 7, 4], "texture": "#2"},
				"up": {"uv": [12, 1, 13, 2], "texture": "#2"},
				"down": {"uv": [1, 2, 2, 3], "texture": "#2"}
			}
		},
		{
			"from": [7.5, 16, -1.79289],
			"to": [8.5, 20, -0.79289],
			"rotation": {"angle": 45, "axis": "x", "origin": [8.62132, 17, -1.79289]},
			"faces": {
				"north": {"uv": [5, 0, 6, 4], "texture": "#2"},
				"east": {"uv": [9, 1, 10, 5], "texture": "#2"},
				"south": {"uv": [3, 1, 4, 5], "texture": "#2"},
				"west": {"uv": [6, 2, 7, 6], "texture": "#2"},
				"up": {"uv": [12, 1, 13, 2], "texture": "#2"},
				"down": {"uv": [1, 2, 2, 3], "texture": "#2"}
			}
		},
		{
			"from": [7.5, 16.58579, -1.79289],
			"to": [8.5, 19.58579, -0.79289],
			"rotation": {"angle": -45, "axis": "x", "origin": [8.62132, 15.58579, -1.79289]},
			"faces": {
				"north": {"uv": [5, 0, 6, 3], "texture": "#2"},
				"east": {"uv": [9, 1, 10, 4], "texture": "#2"},
				"south": {"uv": [3, 1, 4, 4], "texture": "#2"},
				"west": {"uv": [6, 2, 7, 5], "texture": "#2"},
				"up": {"uv": [12, 1, 13, 2], "texture": "#2"},
				"down": {"uv": [1, 2, 2, 3], "texture": "#2"}
			}
		},
		{
			"from": [7.5, 17.58579, -2.79289],
			"to": [8.5, 17.58579, -0.79289],
			"rotation": {"angle": 0, "axis": "y", "origin": [0.5, 1.58579, -2.79289]},
			"faces": {
				"north": {"uv": [0, 0, 1, 0], "texture": "#3"},
				"east": {"uv": [0, 0, 2, 0], "texture": "#3"},
				"south": {"uv": [0, 0, 1, 0], "texture": "#3"},
				"west": {"uv": [0, 0, 2, 0], "texture": "#3"},
				"up": {"uv": [0, 0, 1, 2], "texture": "#3"},
				"down": {"uv": [0, 0, 1, 2], "texture": "#3"}
			}
		},
		{
			"from": [8.69042, 10.62446, -2.2929],
			"to": [8.69042, 17.62446, -1.2929],
			"rotation": {"angle": 22.5, "axis": "z", "origin": [8.69042, 17.12446, -2.29289]},
			"faces": {
				"north": {"uv": [0, 0, 7, 0], "rotation": 270, "texture": "#3"},
				"east": {"uv": [0, 0, 7, 1], "rotation": 90, "texture": "#3"},
				"south": {"uv": [0, 0, 7, 0], "rotation": 90, "texture": "#3"},
				"west": {"uv": [0, 0, 7, 1], "rotation": 90, "texture": "#3"},
				"up": {"uv": [0, 0, 1, 0], "rotation": 90, "texture": "#3"},
				"down": {"uv": [0, 0, 1, 0], "rotation": 90, "texture": "#3"}
			}
		},
		{
			"from": [7.30866, 10.62485, -2.2929],
			"to": [7.30866, 17.62485, -1.2929],
			"rotation": {"angle": -22.5, "axis": "z", "origin": [7.30866, 17.12485, -2.29289]},
			"faces": {
				"north": {"uv": [0, 0, 7, 0], "rotation": 90, "texture": "#3"},
				"east": {"uv": [0, 0, 7, 1], "rotation": 270, "texture": "#3"},
				"south": {"uv": [0, 0, 7, 0], "rotation": 270, "texture": "#3"},
				"west": {"uv": [0, 0, 7, 1], "rotation": 270, "texture": "#3"},
				"up": {"uv": [0, 0, 1, 0], "rotation": 270, "texture": "#3"},
				"down": {"uv": [0, 0, 1, 0], "rotation": 270, "texture": "#3"}
			}
		},
		{
			"from": [4.82214, 9.11925, -4.9929],
			"to": [11.16214, 11.11925, 1.3471],
			"rotation": {"angle": 0, "axis": "y", "origin": [-0.17786, 1.11925, -2.2929]},
			"faces": {
				"north": {"uv": [9, 5, 15.34, 7], "texture": "#2"},
				"east": {"uv": [0, 0, 6.34, 2], "texture": "#2"},
				"south": {"uv": [6, 7, 12.34, 9], "texture": "#2"},
				"west": {"uv": [1, 8, 7.34, 10], "texture": "#2"},
				"up": {"uv": [0, 2, 6.34, 8.34], "texture": "#2"},
				"down": {"uv": [6.66, 0, 13, 6.34], "texture": "#2"}
			}
		},
		{
			"from": [5.82214, 7.11925, -3.9929],
			"to": [10.16214, 9.11925, 0.3471],
			"rotation": {"angle": 0, "axis": "y", "origin": [-0.17786, 1.11925, -2.2929]},
			"faces": {
				"north": {"uv": [9, 5, 13.34, 7], "texture": "#2"},
				"east": {"uv": [0, 0, 4.34, 2], "texture": "#2"},
				"south": {"uv": [6, 7, 10.34, 9], "texture": "#2"},
				"west": {"uv": [1, 8, 5.34, 10], "texture": "#2"},
				"up": {"uv": [0, 2, 4.34, 6.34], "texture": "#2"},
				"down": {"uv": [6.66, 0, 11, 4.34], "texture": "#2"}
			}
		},
		{
			"from": [7.82214, 11.11925, -3.9929],
			"to": [10.16214, 13.11925, 0.3471],
			"rotation": {"angle": -45, "axis": "z", "origin": [7.99214, 11.11925, -1.8229]},
			"faces": {
				"north": {"uv": [3, 8, 5.34, 10], "texture": "#5"},
				"east": {"uv": [7, 3, 11.34, 5], "texture": "#5"},
				"south": {"uv": [9, 12, 11.34, 14], "texture": "#5"},
				"west": {"uv": [10, 7, 14.34, 9], "texture": "#5"},
				"up": {"uv": [2, 8, 4.34, 12.34], "texture": "#5"},
				"down": {"uv": [6, 6, 8.34, 10.34], "texture": "#5"}
			}
		},
		{
			"from": [5.82214, 11.11925, -3.9929],
			"to": [8.16214, 13.11925, 0.3471],
			"rotation": {"angle": 45, "axis": "z", "origin": [7.99214, 11.11925, -1.8229]},
			"faces": {
				"north": {"uv": [3, 8, 5.34, 10], "texture": "#5"},
				"east": {"uv": [7, 3, 11.34, 5], "texture": "#5"},
				"south": {"uv": [9, 12, 11.34, 14], "texture": "#5"},
				"west": {"uv": [10, 7, 14.34, 9], "texture": "#5"},
				"up": {"uv": [2, 8, 4.34, 12.34], "texture": "#5"},
				"down": {"uv": [6, 6, 8.34, 10.34], "texture": "#5"}
			}
		},
		{
			"from": [8.06256, 11.35966, -3.9929],
			"to": [9.91256, 13.35966, 0.3471],
			"rotation": {"angle": 45, "axis": "z", "origin": [8.23256, 11.35966, -1.8229]},
			"faces": {
				"north": {"uv": [3, 8, 4.85, 10], "texture": "#5"},
				"east": {"uv": [7, 3, 11.34, 5], "texture": "#5"},
				"south": {"uv": [9, 12, 10.85, 14], "texture": "#5"},
				"west": {"uv": [10, 7, 14.34, 9], "texture": "#5"},
				"up": {"uv": [2, 8, 3.85, 12.34], "texture": "#5"},
				"down": {"uv": [6, 6, 7.85, 10.34], "texture": "#5"}
			}
		},
		{
			"from": [6.82214, 6.11925, -2.9929],
			"to": [9.16214, 7.11925, -0.6529],
			"rotation": {"angle": 0, "axis": "y", "origin": [-0.17786, 1.11925, -2.2929]},
			"faces": {
				"north": {"uv": [9, 5, 11.34, 6], "texture": "#2"},
				"east": {"uv": [0, 0, 2.34, 1], "texture": "#2"},
				"south": {"uv": [6, 7, 8.34, 8], "texture": "#2"},
				"west": {"uv": [1, 8, 3.34, 9], "texture": "#2"},
				"up": {"uv": [0, 2, 2.34, 4.34], "texture": "#2"},
				"down": {"uv": [6.66, 0, 9, 2.34], "texture": "#2"}
			}
		}
	],
	"display": {
		"thirdperson_righthand": {
			"rotation": [56, 0, 0],
			"translation": [0, 2, 7]
		},
		"thirdperson_lefthand": {
			"rotation": [56, 0, 0],
			"translation": [0, 2, 7]
		},
		"firstperson_righthand": {
			"translation": [5, 7, 0]
		},
		"firstperson_lefthand": {
			"translation": [5, 7, 0]
		},
		"ground": {
			"rotation": [0, 17, 92],
			"translation": [0, -2.75, 0],
			"scale": [0.5, 0.5, 0.5]
		},
		"gui": {
			"rotation": [-75, -49, -78],
			"translation": [-0.25, 0, 4.25],
			"scale": [0.3, 0.3, 0.3]
		},
		"fixed": {
			"rotation": [0, -90, 0],
			"translation": [0, 0, -1.25],
			"scale": [1.5, 1.5, 1.5]
		}
	}
}